-- phpMyAdmin SQL Dump
-- version 5.1.1
-- https://www.phpmyadmin.net/
--
-- Servidor: 127.0.0.1
-- Tiempo de generación: 26-01-2022 a las 22:07:53
-- Versión del servidor: 10.4.22-MariaDB
-- Versión de PHP: 7.4.26

SET SQL_MODE = "NO_AUTO_VALUE_ON_ZERO";
START TRANSACTION;
SET time_zone = "+00:00";


/*!40101 SET @OLD_CHARACTER_SET_CLIENT=@@CHARACTER_SET_CLIENT */;
/*!40101 SET @OLD_CHARACTER_SET_RESULTS=@@CHARACTER_SET_RESULTS */;
/*!40101 SET @OLD_COLLATION_CONNECTION=@@COLLATION_CONNECTION */;
/*!40101 SET NAMES utf8mb4 */;

--
-- Base de datos: `dbdepartamento`
--

-- --------------------------------------------------------

--
-- Estructura de tabla para la tabla `areas`
--

CREATE TABLE `areas` (
  `idarea` int(11) NOT NULL,
  `area` varchar(15) DEFAULT NULL
) ENGINE=InnoDB DEFAULT CHARSET=utf8mb4;

--
-- Volcado de datos para la tabla `areas`
--

INSERT INTO `areas` (`idarea`, `area`) VALUES
(1, 'Administrativa'),
(2, 'Operativa'),
(3, 'General');

-- --------------------------------------------------------

--
-- Estructura de tabla para la tabla `articulos`
--

CREATE TABLE `articulos` (
  `codigo` varchar(11) COLLATE utf8_spanish_ci NOT NULL,
  `nombre_articulo` varchar(100) COLLATE utf8_spanish_ci NOT NULL,
  `tipo` int(11) NOT NULL,
  `unidad` int(11) NOT NULL,
  `cantidad` int(11) NOT NULL,
  `ubicacion` varchar(50) COLLATE utf8_spanish_ci DEFAULT NULL,
  `observaciones` varchar(100) COLLATE utf8_spanish_ci DEFAULT NULL,
  `numero_articulo` int(11) DEFAULT NULL
) ENGINE=InnoDB DEFAULT CHARSET=utf8 COLLATE=utf8_spanish_ci;

--
-- Volcado de datos para la tabla `articulos`
--

INSERT INTO `articulos` (`codigo`, `nombre_articulo`, `tipo`, `unidad`, `cantidad`, `ubicacion`, `observaciones`, `numero_articulo`) VALUES
('D1', 'MANGUERA DOBLE PARA DENTAL', 4, 2, 0, 'ANAQUEL F-2', 'Observaciones nulas', 1),
('D10', 'MANGUERA TRANSPARENTE 1/2\"', 4, 2, 0, 'ANAQUEL F-2', '', 10),
('D100', 'ACEITE ACEMIRE', 4, 9, 0, 'Almacen', '', 100),
('D101', 'TEE CON ROSCA AL CENTRO Y SLIDA P/MANGUERA AL LADO', 4, 1, 0, '', '', 101),
('D102', 'PORTAPIEZAS C/GATILLO', 4, 1, 0, '', 'Observaciones nulas', 102),
('D11', 'MANGUERA LISA NEGRA 1/4\"', 4, 2, 10, 'ANAQUEL F-2', '', 11),
('D12', 'MANGUERA HELICOIDAL NEGRA DE 1/2\"', 4, 2, 0, 'ANAQUEL F-2', '', 12),
('D13', 'MANGUERA HELICOIDAL NEGRA DE 3/4\"', 4, 2, 19, 'ANAQUEL F-2', '', 13),
('D14', 'MANGUERA HELICOIDAL NEGRA DE 1\"', 4, 2, 3, 'ANAQUEL F-2', '', 14),
('D15', 'MANGUERA HELICOIDAL GRIS 1 1/4\"', 4, 2, 22, 'ANAQUEL F-2', '', 15),
('D16', 'CAPACITOR DE ACEITE VARIOS MODELOS', 4, 1, 15, 'ANAQUEL F-2', '', 16),
('D17', 'RELAY 1/4\"', 4, 1, 15, 'ANAQUEL F-2', '', 17),
('D18', 'RELAY 220 V', 4, 1, 34, 'ANAQUEL F-2', '', 18),
('D19', 'MANGUERA TRANSPARENTE DE 1/4\"', 4, 2, 25, 'ANAQUEL F-2', '', 19),
('D2', 'MANGUERA DE PLASTICO TRANSPARENTE 3/16\"', 4, 2, 8, 'ANAQUEL F-2', '', 2),
('D20', 'MANGUERA TRANSPARENTE 5/16\"', 4, 2, 40, 'ANAQUEL F-2', '', 20),
('D21', 'SOLDADURA DE BRONCE MEDIA ', 4, 1, 740, 'ANAQUEL F-2', '', 21),
('D22', 'SOLDADURA DE BRONCE CHICO', 4, 1, 530, 'ANAQUEL F-2', '', 22),
('D23', 'SOLDADURA DE BRONCE PLANA', 4, 1, 1990, 'ANAQUEL F-2', '', 23),
('D24', 'RELAY VARIAS MEDIDAS', 4, 1, 470, 'ANAQUEL F-2', '', 24),
('D25', 'TERMICO PARA COMPRESOR', 4, 1, 272, 'ANAQUEL F-2', '', 25),
('D26', 'NIPLE UNION', 4, 1, 34, 'ANAQUEL F-2', '', 26),
('D27', 'TD-48 REMOCION DE HUMEDAD', 4, 8, 15, 'ANAQUEL F-1', '', 27),
('D28', 'TANQUE DE PROPANO', 4, 1, 0, '', '', 28),
('D29', 'PEDAL NEUMATICO PARA UNIDAD DENTAL', 4, 1, 12, 'ANAQUEL F-1', '', 29),
('D3', 'MANGUERA DE PLASTICO AMARILLO 1/8\"', 4, 2, 2, 'ANAQUEL F-2', '', 3),
('D30', 'PEDAL ELECTRICO', 4, 1, 17, 'ANAQUEL F-1', '', 30),
('D31', 'FILTRO PARA AIRE', 4, 1, 11, 'ANAQUEL F-1', '', 31),
('D32', 'INTERRUPTOR COLA DE RATA 1 PASO', 4, 1, 74, 'ANAQUEL F-1', '', 32),
('D33', 'APAGADOR COLA DE RATA', 4, 1, 125, 'ANAQUEL F-1', '', 33),
('D34', 'INTERRUPTOR COLA DE RATA 2 PASOS', 4, 1, 17, 'ANAQUEL F-1', '', 34),
('D35', 'SOPORTE PARA PIEZA DE MANO', 4, 1, 27, 'ANAQUEL F-1', '', 35),
('D36', 'FLITRO PARA AGUA', 4, 1, 55, 'ANAQUEL F-1', '', 36),
('D37', 'LUBRIDENT OIL ACEITE LUBRICANTE PARA UNIDAD DENTAL', 4, 1, 7, 'ANAQUEL F-1', '', 37),
('D38', 'LIMPIADOR ELECTRICO', 4, 1, 3, 'ANAQUEL F-1', '', 38),
('D39', 'LIMPIADOR PERFECTSHINE', 4, 1, 3, 'ANAQUEL F-1', '', 39),
('D4', 'MANGUERA POLIFLO 3/16\"', 4, 2, 0, 'ANAQUEL F-2', '', 4),
('D40', 'MICROMOTOR 1/40', 4, 1, 3, 'ANAQUEL F-1', '', 40),
('D41', 'MICROMOTOR 1/20', 4, 1, 0, '', '', 41),
('D42', 'MICROMOTOR 1/70', 4, 1, 60, 'ANAQUEL F-1', '', 42),
('D43', 'VALVULA 7/32 EQUIPO DENTAL', 4, 1, 8, 'ANAQUEL F-1', '', 43),
('D44', 'CODO ROSCA EXTERIOR 3/16\"', 4, 1, 19, 'ANAQUEL F-1', '', 44),
('D45', 'NIPLE 3/16', 4, 1, 11, 'ANAQUEL F-1', '', 45),
('D46', 'PORTA FUSIBLE', 4, 1, 5, 'ANAQUEL F-1', '', 46),
('D47', 'TUERCA CONICA 3/8\"', 4, 1, 8, 'ANAQUEL F-1', '', 47),
('D48', 'CODO ROSCA EXTERIOR CON SALIDA PARA MANGUERA 1/4\"', 4, 1, 18, 'ANAQUEL F-1', '', 48),
('D49', 'PORTA FUSIBLE No 10', 4, 1, 16, 'ANAQUEL F-1', '', 49),
('D5', 'MANGUERA POLIFLO 1/4\"', 4, 2, 30, 'ANAQUEL F-2', '', 5),
('D50', 'PORTA FUSIBLE No 14', 4, 1, 18, 'ANAQUEL F-1', '', 50),
('D51', 'CONECTORES PARA PIEZA DE MANO', 4, 1, 37, 'ANAQUEL F-1', '', 51),
('D52', 'CEDAL P-18 HILOS NYLON', 4, 1, 20, 'ANAQUEL F-1', '', 52),
('D53', 'NIPLE UNION 1/8\" A 1/8\"', 4, 1, 18, 'ANAQUEL F-1', '', 53),
('D54', 'CODO ROSCA EXTERIOR 216 OVAL', 4, 1, 27, 'ANAQUEL F-1', '', 54),
('D55', 'TUERCA CONICA 1/8\"', 4, 1, 10, 'ANAQUEL F-1', '', 55),
('D56', 'VALVULA 1/4\"', 4, 1, 8, 'ANAQUEL F-1', '', 56),
('D57', 'INTERRUPTOR DE 2 Y 3 PASOS', 4, 1, 6, 'ANAQUEL F-1', '', 57),
('D58', 'VALVULA DE 3/16\"', 4, 1, 0, '', '', 58),
('D59', 'VALVULA DE CORTE', 4, 1, 4, 'ANAQUEL F-1', '', 59),
('D6', 'MANGUERA PARA DENTAL 1/16\"', 4, 2, 30, 'ANAQUEL F-2', '', 6),
('D60', 'VALVULA DE PASO DE 3/16\"', 4, 1, 3, 'ANAQUEL F-1', '', 60),
('D61', 'VALVULA REGULADORA ', 4, 1, 2, 'ANAQUEL F-1', '', 61),
('D62', 'CONECTOR TERMINAL CON TUERCA DE 1/8\" A 1/8\"', 4, 1, 12, 'ANAQUEL F-1', '', 62),
('D63', 'ABRAZADERA SINFIN DE 1/2\"', 4, 1, 0, 'ANAQUEL F-1', '', 63),
('D64', 'VALVULA TUZA ', 4, 1, 2, 'ANAQUEL F-1', '', 64),
('D65', 'TAPA CONCENTRIX', 4, 1, 20, 'ANAQUEL F-1', '', 65),
('D66', 'NIPLE DE 1/4\"', 4, 1, 21, 'ANAQUEL F-1', '', 66),
('D67', 'PIEZA DE MANO DE BAJA VELOCIDAD', 4, 1, 1, 'ANAQUEL F-1', '', 67),
('D68', 'CONECTOR DE PRESION DE 1/2\"', 4, 1, 2, 'ANAQUEL F-1', '', 68),
('D69', 'BOQUILLA PARA EYECTOR DE 1/4\"', 4, 1, 0, '', '', 69),
('D7', 'MANGUERA PARA DENTAL 1/4\"', 4, 2, 0, 'ANAQUEL F-2', '', 7),
('D70', 'CONECTOR DE PRESION DE 3/8\"', 4, 1, 3, 'ANAQUEL F-1', '', 70),
('D71', 'CODO ROSCA EXTERIOR DE 3/16\"', 4, 1, 18, 'ANAQUEL F-1', '', 71),
('D72', 'NIPLE 3/16\" A 1/8\"', 4, 1, 0, 'ANAQUEL F-1', '', 72),
('D73', 'TUERCA CONICA DE 1/2\"', 4, 1, 4, 'ANAQUEL F-1', '', 73),
('D74', 'TUERCA CON BARRIL 1/8\"', 4, 1, 15, 'ANAQUEL F-1', '', 74),
('D75', 'SEPARADOR DE PIEZA DE MANO CONCENTRIX', 4, 1, 9, 'ANAQUEL F-1', '', 75),
('D76', 'TUERCA PARA ACRILICOS', 4, 1, 2, 'ANAQUEL F-1', '', 76),
('D77', 'CODO CON ROSCA EXTERIOR 3/16\"', 4, 1, 3, 'ANAQUEL F-1', '', 77),
('D78', 'TUERCA CONICA 5/16\"', 4, 1, 5, 'ANAQUEL F-1', '', 78),
('D79', 'KIT DE ORRING', 4, 1, 9, 'ANAQUEL F-1', '', 79),
('D8', 'MANGUERA NYLON FLU AZUL 3/8\"', 4, 2, 13, 'ANAQUEL F-2', '', 8),
('D80', 'CHUCK', 4, 1, 1, 'ANAQUEL F-1', '', 80),
('D81', 'VALVULA ESFERA ROSCABLE', 4, 1, 2, 'ANAQUEL F-1', '', 81),
('D82', 'NIPLE TERMINAL DE 1/4\"', 4, 1, 4, 'ANAQUEL F-1', '', 82),
('D83', 'CONECTOR DE 1/4\" PARA MANGUERA', 4, 1, 9, 'ANAQUEL F-1', '', 83),
('D84', 'TANQUE DE GAS DE PROPILENO', 4, 1, 0, '', '', 84),
('D85', 'TURBINA CONCENTRIX', 4, 1, 1, 'ANAQUEL F-1', '', 85),
('D86', 'FILTROS DE AIRE', 4, 1, 2, 'ANAQUEL F-1', '', 86),
('D87', 'VALVULA REGULADORA', 4, 1, 2, 'ANAQUEL F-1', '', 87),
('D88', 'JERINGA TRIPLE', 4, 1, 0, '', '', 88),
('D89', 'VALVULA DE PASO', 4, 1, 2, 'ANAQUEL F-1', '', 89),
('D9', 'MANGUERA TRANSPARENTE 3/4\"', 4, 2, 10, 'ANAQUEL F-2', '', 9),
('D90', 'TEE DE 1/4\"', 4, 1, 2, 'ANAQUEL F-1', '', 90),
('D91', 'VALVULA RELAY', 4, 1, 0, '', '', 91),
('D92', 'MANGUERA PARA AIRE DE 1/4\"', 4, 1, 10, 'ANAQUEL F-1', '', 92),
('D93', 'REDUCCION BUSHING', 4, 1, 0, '', '', 93),
('D94', 'CODOS DE 1/2\" X 90 COBRE', 4, 1, 0, '', '', 94),
('D95', 'CODO DE 2\" X 90 PVC', 4, 1, 3, 'ANAQUEL F-1', '', 95),
('D96', 'HULE ADAPTADOR DE 2\" A 3/4\"', 4, 1, 0, '', '', 96),
('D97', 'HULE ADAPTADOR DE 2\" A 1/4\"', 4, 1, 0, '', '', 97),
('D98', 'NIPLE TERMINAL DE 1/4\"', 4, 1, 0, '', '', 98),
('D99', 'CONECTORES DE ROSCAS EXTERIOR DE COBRE 1/2\"', 4, 1, 4, 'ANAQUEL F-1', '', 99),
('H1', 'ESCALERA TIPO TIJERA DE 4 PELDAÑOS', 8, 1, 0, 'ALMACEN', '', 1),
('H10', 'CARETAS PROTECTORAS PARA SOLDAR', 8, 1, 5, 'ALMACEN', 'BUENAS CONDICIONES', 10),
('H100', 'CLAVO PARA CONCRETO 2\"', 8, 4, 1, 'ANAQUEL TORNILLERIA', '', 100),
('H101', 'CLAVO PARA CONCRETO SIN CABEZA 1\"', 8, 4, 1, 'ANAQUEL TORNILLERIA', '', 101),
('H102', 'CLAVO PARA CONCRETO 2 1/2\"\"', 8, 4, 0, 'ANAQUEL TORNILLERIA', '', 102),
('H103', 'CLAVO PARA CONCRETO 1\"', 8, 4, 1, 'ANAQUEL TORNILLERIA', '', 103),
('H104', 'RONDANA DE PRESION 3/8\"', 8, 4, 2, 'ANAQUEL TORNILLERIA', '', 104),
('H105', 'RONDANA DE PRESION 1/4\"\"', 8, 4, 1, 'ANAQUEL TORNILLERIA', '', 105),
('H106', 'RONDANA DE PRESION 1/2\"', 8, 4, 1, 'ANAQUEL TORNILLERIA', '', 106),
('H107', 'RONDANA PLANA 5/16\"', 8, 4, 3, 'ANAQUEL TORNILLERIA', '', 107),
('H108', 'RONDANA PLANA 3/8\"', 8, 4, 5, 'ANAQUEL TORNILLERIA', '', 108),
('H109', 'RONDANA PLANA 1\"', 8, 4, 1, 'ANAQUEL TORNILLERIA', '', 109),
('H11', 'SOPLETE DE GAS CON MANGUERA', 8, 1, 1, '', 'BUENAS CONDICIONES', 11),
('H110', 'RONDANA PLANA 3/16\"', 8, 4, 1, 'ANAQUEL TORNILLERIA', '', 110),
('H111', 'RONDANA PLANA 1/2\"', 8, 4, 0, 'ANAQUEL TORNILLERIA', '', 111),
('H112', 'PINZA PELACABLE AUTOMATICA TRUPER', 8, 1, 0, '', '', 112),
('H113', 'PINZA PELACABLE AUTOMATICA URREA', 8, 1, 0, '', '', 113),
('H114', 'PINZA UNIVERSAL 4102U DE 10\"', 8, 1, 0, '', '', 114),
('H115', 'PALAS', 8, 1, 15, 'ALMACEN', '', 115),
('H116', 'ZAPAPICOS', 8, 1, 1, 'ALMACEN', '', 116),
('H117', 'CARRETILLAS', 8, 1, 2, 'ALMACEN', 'REGULARES CONDICIONES', 117),
('H118', 'MARROS', 8, 1, 3, 'ANAQUEL F-15', '', 118),
('H119', 'PISON METALICO DE 4\"', 8, 1, 2, 'ALMACEN', '', 119),
('H12', 'JUEGO DE MANOMETROS PARA REFRIGERACION', 8, 1, 1, 'ANAQUEL 8', 'BUENAS CONDICIONES', 12),
('H120', 'COMPRESOR DE AIRE 3 1/2\" HP', 8, 1, 2, 'ALMACEN', '1 NUEVO Y 1 EN USO', 120),
('H121', 'COMPRESOR DE AIRE 1/2\" HP', 8, 1, 1, 'ALMACEN', 'EN USO', 121),
('H122', 'CORTADOR DE VIDRIO FLETCHER', 8, 1, 1, 'ALMACEN', 'MALAS CONDICIONES', 122),
('H123', 'BOQUILLA PAR SOLDAR CON GAS PROPILENO', 8, 1, 1, 'ALMACEN', 'MALAS CONDICIONES', 123),
('H124', 'ESTUCHE DE LIMAS 7 PZAS', 8, 1, 0, '', '', 124),
('H125', 'AVELLANADOR PARA TUBO DE COBRE DE 1/4\" A 5/8\"', 8, 1, 2, 'ANAQUEL F-15', 'BUENAS CONDICIONES', 125),
('H126', 'AVELLANADOR PARA TUBO DE COBRE DE 3/8\"', 8, 1, 1, 'ANAQUEL F-15', 'BUENAS CONDICIONES', 126),
('H127', 'MACHUELOS DE 7/16\", 3/8\", 3/16\" Y 1/4\" (1 C/UNO)', 8, 1, 1, 'ANAQUEL F-15', 'BUENAS CONDICIONES', 127),
('H128', 'LLAVE DE PLOMERO MARCA TRUPER ACERO CROMADO 12\" X 1/2\"', 8, 1, 1, 'ANAQUEL F-15', 'MALAS CONDICIONES', 128),
('H129', 'LLAVE DE PLOMERO SIN MARCA ACERO CROMADO 12\" X 1/2\"', 8, 1, 0, '', '', 129),
('H13', 'REBAJADORA CON BASE SIN MARCA GRIS', 8, 1, 1, 'ANAQUEL 15', 'BUENAS CONDICIONES', 13),
('H130', 'TORNILLO DE BANCO PORTATIL MARCA URREA', 8, 1, 1, 'ANAQUEL F-15', 'BUENAS CONDICIONES', 130),
('H131', 'LIMA BASTARDA DE 12\" MEDIA CAÑA', 8, 1, 0, 'ANAQUEL F-15', '', 131),
('H132', 'LIMA BASTARDA DE 16 1/2\" MEDIA CA?A', 8, 1, 6, 'ANAQUEL F-15', 'NUEVAS', 132),
('H133', 'LIMA BASTARDA DE 12\" REDONDA', 8, 1, 1, 'ANAQUEL F-15', 'NUEVAS', 133),
('H134', 'LIMA BASTARDA DE 10\" REDONDA', 8, 1, 1, 'ANAQUEL F-15', 'NUEVAS', 134),
('H135', 'FORMON 3/4\"', 8, 1, 0, '', '', 135),
('H136', 'FORMON 1/2\"', 8, 1, 1, '', 'REGULARES CONDICIONES', 136),
('H137', 'JUEGO DE LLAVES ALLEN STD. MCA. TRUPER 1/16\" A 3/8\"', 8, 3, 1, 'ANAQUEL F-15', 'BUENAS CONDICIONES', 137),
('H138', 'JUEGO DE LLAVES ALLEN STD. MCA. TRUPER 5/64\"\" A 3/8\"', 8, 3, 1, 'ANAQUEL F-15', 'BUENAS CONDICIONES', 138),
('H139', 'JUEGO DE LLAVES ALLEN STD. MCA. TRUPER 3/32\" A 3/8\"', 8, 3, 1, 'ANAQUEL F-15', 'BUENAS CONDICIONES', 139),
('H14', 'SIERRA CALADORA INDUSTRIAL BLACK AND DEKER', 8, 1, 1, 'ANAQUEL 15', 'BUENAS CONDICIONES', 14),
('H140', 'JUEGO DE EXTRACTOR DE TORNILLOS DE 5 PZAS', 8, 3, 0, '', '', 140),
('H141', 'JUEGO DE DADOS MARCA URREA DE 9MM A 27 MM', 8, 3, 1, 'ANAQUEL F-15', 'JGO DE 9 PIEZAS', 141),
('H142', 'LLAVES ESPA?OLAS SIN MARCA', 8, 1, 3, 'ANAQUEL F-15', 'REGULARES CONDICIONES', 142),
('H143', 'CAJA DE BROCAS PARA METAL MARCA URREA DE 5 PZAS', 8, 6, 2, 'ANAQUEL F-15', 'BUENAS CONDICIONES', 143),
('H144', 'BROCA PARA METAL 3/8\"', 8, 1, 1, 'ANAQUEL F-15', 'REGULARES CONDICIONES', 144),
('H145', 'BROCA PARA METAL 5/16\"', 8, 1, 1, 'ANAQUEL F-15', 'REGULARES CONDICIONES', 145),
('H146', 'BROCA PARA METAL 7/32\"', 8, 1, 1, 'ANAQUEL F-15', 'REGULARES CONDICIONES', 146),
('H147', 'BROCA PARA METAL 3/16\"', 8, 1, 1, 'ANAQUEL F-15', 'REGULARES CONDICIONES', 147),
('H148', 'BROCA PARA METAL 5/64\"', 8, 1, 1, 'ANAQUEL F-15', 'REGULARES CONDICIONES', 148),
('H149', 'BROCA PARA METAL 1/4\"', 8, 1, 1, 'ANAQUEL F-15', 'REGULARES CONDICIONES', 149),
('H15', 'LIJADORA DE BANDA 3\" X 21\" DEWALT', 8, 1, 1, 'ANAQUEL 15', 'BUENAS CONDICIONES', 15),
('H150', 'BROCA PARA METAL 1/2\"', 8, 1, 1, 'ANAQUEL F-15', 'REGULARES CONDICIONES', 150),
('H151', 'BROCA PARA METAL 9/6\"', 8, 1, 1, 'ANAQUEL F-15', 'REGULARES CONDICIONES', 151),
('H152', 'BROCA PARA CONCRETO 3/8\"', 8, 1, 1, 'ANAQUEL F-15', 'REGULARES CONDICIONES', 152),
('H153', 'BROCA PARA CONCRETO 1/2\"', 8, 1, 1, 'ANAQUEL F-15', 'REGULARES CONDICIONES', 153),
('H154', 'BROCA PARA CONCRETO 9/16\"', 8, 1, 1, 'ANAQUEL F-15', 'REGULARES CONDICIONES', 154),
('H155', 'BROCA PARA CONCRETO 3/4\"', 8, 1, 1, 'ANAQUEL F-15', 'REGULARES CONDICIONES', 155),
('H156', 'JUEGO DE BROCAS PARA ACERO ALTA VELOCIDAD MCA URREA 10 PZAS', 8, 3, 0, '', '', 156),
('H157', 'BROCAS PARA PERFORAR MADERASPEEDBOR', 8, 1, 9, 'ANAQUEL F-15', 'NUEVAS', 157),
('H158', 'LLAVES ESPA?OLAS DIFERENTES MARCAS', 8, 1, 9, 'ANAQUEL F-15', 'REGULARES CONDICIONES', 158),
('H159', 'JUEGO DE AVELLANADOR CON CORTADOR DE TUBO MCA URREA', 8, 3, 1, 'ANAQUEL F-15', 'EN USO', 159),
('H16', 'CEPILLO ELECTRICO SKILL PROFESIONAL', 8, 1, 2, 'ANAQUEL 15', 'BUENAS CONDICIONES', 16),
('H160', 'JUEGO DE AVELLANADOR CON CORTADOR DE TUBO MCA TRUPER', 8, 3, 1, 'ANAQUEL F-15', 'EN USO', 160),
('H161', 'JUEGO DE AVELLANADOR SENCILLO SIN MARCA', 8, 3, 1, 'ANAQUEL F-15', 'EN USO', 161),
('H162', 'JUEGO DE AVELLANADOR SENCILLO TRUPER', 8, 3, 1, 'ANAQUEL F-15', 'EN USO', 162),
('H163', 'PINZA CON EXTENSION PARA TUBO 6 POSICIONES 14\"', 8, 1, 1, 'ANAQUEL F-15', 'BUENAS CONDICIONES', 163),
('H164', 'PINZA DE ELECTRICISTA AP CUCH EXT DURAS 9\"', 8, 1, 0, '', '', 164),
('H165', 'PINZA DE CORTE DIAGONAL 7\" TRUPER', 8, 1, 1, 'ANAQUEL F-15', 'BUENAS CONDICIONES', 165),
('H166', 'DESARMADOR TORK DIFERENTES MEDIDAS', 8, 1, 0, 'ANAQUEL F-15', 'MALAS CONDICIONES', 166),
('H167', 'DESARMADOR DE CRUZ DIFERENTES MEDIDAS', 8, 1, 3, 'ANAQUEL F-15', 'MALAS CONDICIONES', 167),
('H168', 'DESARMADOR PLANO DIFENRENTES MEDIDAS', 8, 1, 2, 'ANAQUEL F-15', 'MALAS CONDICIONES', 168),
('H169', 'ESCUADRA FALSA', 8, 1, 0, '', '', 169),
('H17', 'SIERRA CIRCULAR 8 1/4\" SAWCAT', 8, 1, 1, 'ANAQUEL 15', 'BUENAS CONDICIONES', 17),
('H170', 'MULTIMETRO TRUPER', 8, 1, 0, '', '', 170),
('H171', 'MULTIMETRO FLUKE', 8, 1, 0, '', '', 171),
('H172', 'MULTIMETRO URREA', 8, 1, 1, 'ANAQUEL F-15', 'BUENAS CONDICIONES', 172),
('H173', 'MULTIMETRO STEREN', 8, 1, 0, 'ANAQUEL F-15', '', 173),
('H174', 'MULTIMETRO CLAMP METER', 8, 1, 1, 'ANAQUEL F-15', 'MALAS CONDICIONES', 174),
('H175', 'DOBLADORES DE TUBO DE COBRE 1/4\", 3/8\", 1/2\", 3/4\" y 5/8\"', 8, 1, 5, 'ANAQUEL F-15', 'BUENAS CONDICIONES', 175),
('H176', 'DOBLADOR DE TUBO A. VALY', 8, 1, 1, 'ANAQUEL F-15', 'BUENAS CONDICIONES', 176),
('H177', 'CORTADOR DE TUBO TRUPER 1 1/8\"', 8, 1, 1, 'ANAQUEL F-15', 'BUENAS CONDICIONES', 177),
('H178', 'CORTADOR DE TUBO ITA 1 1/8\"', 8, 1, 0, 'ANAQUEL F-15', 'NUEVO', 178),
('H179', 'CORTADOR DE TUBO SURTEK 2 5/8\"', 8, 1, 1, 'ANAQUEL F-15', 'BUENAS CONDICIONES', 179),
('H18', 'DESTAPACA?OS COLA DE COCHINO', 8, 1, 3, 'ANAQUEL 15', 'REGULARES CONDICIONES', 18),
('H180', 'CORTADOR DE TUBO RECORD 2\"', 8, 1, 0, 'ANAQUEL F-15', 'BUENAS CONDICIONES', 180),
('H181', 'NAVAJA RETRACTIL TRUPER', 8, 1, 1, 'ANAQUEL F-15', 'MA,AS CONDICIONES', 181),
('H182', 'PINZA DE ELECTRICISTA SIN MARCA ', 8, 1, 0, '', '', 182),
('H183', 'PINZA MECANICA CON MANGO DE PLASTICO HT 8\"', 8, 1, 0, '', '', 183),
('H184', 'PINZA MECANICA CON MANGO DE PLASTICO HT 10\"', 8, 1, 0, '', '', 184),
('H185', 'PINZA MECANICA DE 8\" KLEIN', 8, 1, 0, '', '', 185),
('H186', 'PINZA DE ELECTRCISTA S/MARCA 8\"', 8, 1, 1, 'ANAQUEL F-15', 'BUENAS CONDICIONES', 186),
('H187', 'PINZA DE CORTE URREA 6\"', 8, 1, 0, '', 'BUENAS CONDICIONES', 187),
('H188', 'ARCO DE SEGUETA AJUSTABLE SURTEK', 8, 1, 1, 'ANAQUEL F-15', 'BUENAS CONDICIONES', 188),
('H189', 'ARCO DE SEGUETA AJUSTABLE TRUPER', 8, 1, 1, 'ANAQUEL F-15', 'BUENAS CONDICIONES', 189),
('H19', 'CEPILLO MANUAL MARCA STANLEY', 8, 1, 1, 'ANAQUEL F-15', 'MALAS CONDICIONES', 19),
('H190', 'ARCO DE SEGUETA AJUSTABLE S/MARCA', 8, 1, 2, 'ANAQUEL F-15', 'BUENAS CONDICIONES', 190),
('H191', 'REMACHADORA TRUPER', 8, 1, 1, 'ANAQUEL F-15', 'BUENAS CONDICIONES', 191),
('H192', 'EXTENSION ELECTRICA', 8, 1, 2, 'ANAQUEL F-15', 'BUENAS CONDICIONES', 192),
('H193', 'CAJA PARA HERRAMIENTA 20\" TRUPER', 8, 1, 1, 'ANAQUEL F-15', 'MALAS CONDICIONES', 193),
('H194', 'CAJA PARA HERRAMIENTA 23\" TRUPER', 8, 1, 1, 'ANAQUEL F-15', 'MALAS CONDICIONES', 194),
('H195', 'ESTUCHE DE VINYL', 8, 1, 0, '', '', 195),
('H196', 'CINCELES DE DIFERENTES MEDIDAS', 8, 1, 5, 'ANAQUEL F-15', 'REGULARES CONDICIONES', 196),
('H197', 'CABLES PASA CORRIENTE', 8, 3, 1, 'ANAQUEL F-15', 'REGULARES CONDICIONES', 197),
('H198', 'ESPATULAS METALICAS', 8, 1, 3, 'ANAQUEL F-15', 'BUENAS CONDICIONES', 198),
('H199', 'SACABOCADOS', 8, 1, 2, 'ANAQUEL F-15', 'BUENAS CONDICIONES', 199),
('H2', 'ESCALERA TIPO TIJERA DE 6 PELDA?OS', 8, 1, 3, 'ALMACEN', 'BUENAS CONDICIONES', 2),
('H20', 'CEPILLO ELECTRICO DEWALT', 8, 1, 1, 'ANAQUEL 15', 'BUENAS CONDICIONES', 20),
('H200', 'DESTAPACA?OS MANUAL COLA DE COCHINO', 8, 1, 2, 'ANAQUEL F-15', 'REGULARES CONDICIONES', 200),
('H201', 'HERRAMIENTA BASICA PARA PLOMERO', 8, 3, 1, 'ANAQUEL F-15', 'BUENAS CONDICIONES', 201),
('H202', 'BOMBA DE AIRE', 8, 1, 1, 'ANAQUEL F-15', 'REGULARES CONDICIONES', 202),
('H203', 'PROBADOR DE SENSORES 13704', 8, 1, 1, 'ANAQUEL F-15', 'BUENAS CONDICIONES', 203),
('H204', 'PROBADOR DE VALVULAS EGR 13901', 8, 1, 1, 'ANAQUEL F-15', 'BUENAS CONDICIONES', 204),
('H205', 'MACHETE', 8, 1, 2, 'ANAQUEL F-15', 'BUENAS CONDICIONES', 205),
('H206', 'MARTILLO DE U?A MANGO DE MADERA', 8, 1, 0, 'ANAQUEL F-15', '', 206),
('H207', 'MARTILLO DE U?A MANGO DE METAL', 8, 1, 0, '', '', 207),
('H208', 'MAZO DE GOMA', 8, 1, 1, 'ANAQUEL F-15', 'REGULARES CONDICIONES', 208),
('H209', 'MARTILLO DE BOLA DIFERENTES MEDIDAS', 8, 1, 1, 'ANAQUEL F-15', 'REGULARES CONDICIONES', 209),
('H21', 'DOBLADOR PARA TUBO DE COBRE 1-9', 8, 3, 1, 'ANAQUEL F-15', 'JUEGO DE 5 PZAS', 21),
('H210', 'MARRO DIFERENTES MEDIDAS', 8, 1, 3, 'ANAQUEL F-15', 'REGULARES CONDICIONES', 210),
('H211', 'LLAVE AJUSTABLE URREA DE 18\"', 8, 1, 0, '', '', 211),
('H212', 'LLAVE AJUSTABLE URREA DE 12\"', 8, 1, 0, '', '', 212),
('H213', 'LLAVE AJUSTABLE DISTON DE 12\"', 8, 1, 0, '', '', 213),
('H214', 'LLAVE AJUSTABLE S/MARCA DE 12\"', 8, 1, 0, '', '', 214),
('H215', 'LLAVE AJUSTABLE URREA DE 10\"', 8, 1, 1, 'ANAQUEL F-15', 'MALAS CONDICIONES', 215),
('H216', 'LLAVE AJUSTABLE S/MARCA DE 10\"', 8, 1, 0, '', '', 216),
('H217', 'LLAVE AJUSTABLE TRUPER 10\"', 8, 1, 0, '', '', 217),
('H218', 'LLAVE AJUSTABLE SIN MARCA 8\"', 8, 1, 0, '', '', 218),
('H219', 'LLAVE STILSON TRUPER 18\"', 8, 1, 1, 'ANAQUEL F-15', 'EN USO', 219),
('H22', 'PISTOLA PARA PINTOR SIN MARCA', 8, 1, 1, 'ANAQUEL 15', 'MALAS CONDICIONES', 22),
('H220', 'LLAVE STILSON TRUPER 14\"', 8, 1, 2, 'ANAQUEL F-15', 'EN USO', 220),
('H221', 'LLAVE STILSON TRUPER 12\"', 8, 1, 1, 'ANAQUEL F-15', 'EN USO', 221),
('H222', 'LLAVE STILSON URREA 18\"', 8, 1, 0, '', '', 222),
('H223', 'LLAVE STILSON URREA 14\"', 8, 1, 0, '', '', 223),
('H224', 'LLAVE STILSON URREA 12\"', 8, 1, 0, '', '', 224),
('H225', 'LLAVE STILSON URREA 10\"', 8, 1, 0, '', '', 225),
('H226', 'PISTOLA PARA PINTAR', 8, 1, 0, '', '', 226),
('H227', 'BOMBA DE VACIO', 8, 1, 2, 'ANAQUEL F-15', 'REGULARES CONDICIONES', 227),
('H228', 'CAUTIN DE PISTOLA', 8, 1, 0, '', '', 228),
('H229', 'CARETAS TRANSPARENTE', 8, 1, 3, 'ANAQUEL F-15', 'BUENAS CONDICIONES', 229),
('H23', 'DETECTOR PARA FUGA DE GAS REFRIGERANTE', 8, 1, 2, 'ANAQUEL 16', 'REGULARES CONDICIONES', 23),
('H230', 'VARILLA PARA TIERRA 1.5 M', 8, 1, 0, '', '', 230),
('H231', 'REATA', 8, 1, 4, 'ALAMACEN', 'DIFERENTES MEDIDAS', 231),
('H232', 'BALASTRAS 400 W', 8, 1, 0, '', '', 232),
('H233', 'JALADOR', 8, 1, 0, '', '', 233),
('H234', 'LAVABO CON PEDESTAL', 8, 1, 0, '', '', 234),
('H235', 'LISTON FUSIBLE', 8, 1, 0, '', '', 235),
('H236', 'LAMPARA DE CAMPANA', 8, 1, 0, '', '', 236),
('H237', 'CEPILLO MIXTO', 8, 1, 0, '', '', 237),
('H238', 'CANALETA DE 4 VIAS SIN TAPA DE 3 1/2\"', 8, 1, 0, 'ANAQUEL F-10', 'BUENAS CONDICIONES', 238),
('H239', 'ESCUADRA  ', 8, 1, 1, '', 'BUENAS CONDICIONES', 239),
('H24', 'BROCA PARA CONCRETO 25.4 X 1\"', 8, 1, 1, 'ANAQUEL 15', 'MALAS CONDICIONES', 24),
('H240', 'ARRANCADOR MAGNETICO A PLENA TENSION3RS2611-NIJB0 TIPO NEMA', 8, 1, 0, '', '', 240),
('H241', 'BOLSA TRANSPARENTE DE NYLON ', 8, 4, 0, '', '', 241),
('H242', 'DEPOSITO DE GS LP PORTATIL', 8, 1, 2, 'ANAQUEL F-15', 'BUENAS CONDICIONES', 242),
('H243', 'EMBUDO', 8, 1, 2, '', 'BUENAS CONDICIONES', 243),
('H244', 'BASE METALICA P/LAMAPARA DE 75 W', 8, 1, 0, '', '', 244),
('H245', 'REGLA T DE MADERA DE 35\"', 8, 1, 0, '', '', 245),
('H246', 'BASE METALICA P/LAMAPARA DE 39 W', 8, 1, 0, '', '', 246),
('H247', 'LIMPIADOR INDUSTRIAL', 8, 9, 18, 'ANAQUEL F-16', '', 247),
('H248', 'THINER', 8, 9, 0, '', '', 248),
('H249', 'DILUYENTE PARA NITROLACA', 8, 9, 0, '', '', 249),
('H25', 'BROCA PARA CONCRETO 22 X 7/8\"', 8, 1, 0, '', '', 25),
('H250', 'BROCHA DE 6\"', 8, 1, 18, 'ANAQUEL F-12', '', 250),
('H251', 'GERMICIDA Y ANTISEPTICO', 8, 9, 0, '', '', 251),
('H252', 'MANGUERA POLIDUCTO NEGRA DE 1\"', 8, 2, 10, 'ANAQUEL F-2', '', 252),
('H253', 'MANGUERA POLIDUCTO NEGRA DE 1/2\"', 8, 2, 4, 'ANAQUEL F-2', '', 253),
('H254', 'BOTIQUIN ADES LUX DE ACERO INOXIDABLE', 8, 1, 1, '', '', 254),
('H255', 'ASTA BANDERA DE MADERA', 8, 1, 4, 'ANAQUEL F-14', 'BUENAS CONDICIONES', 255),
('H256', 'FLOTADORES PARA CISTERNA CHICOS', 8, 1, 0, '', '', 256),
('H257', 'FLOTADORES PARA CISTERNA GRANDES', 8, 1, 0, '', '', 257),
('H258', 'LAMPARA DE EMERGENCIA FLUORESCENTE DE 127 W', 8, 1, 4, 'ANAQUEL F-6', 'MALAS CONDICIONES', 258),
('H259', 'MALLA ', 8, 2, 10, 'ALMACEN', '', 259),
('H26', 'BROCA PARA CONCRETO 3/4\"', 8, 1, 1, 'ANAQUEL 15', 'MALAS CONDICIONES', 26),
('H260', 'SERRUCHODIFERENTES MEDIDAS', 8, 1, 5, 'ANAQUEL F-14', 'BUENAS CONDICIONES', 260),
('H261', 'ASTA BANDERA DE ALUMINIO', 8, 1, 2, 'ANAQUEL F-14', 'BUENAS CONDICIONES', 261),
('H262', 'CEPILLO DE IXTLE ', 8, 1, 0, '', '', 262),
('H263', 'BORRA', 8, 4, 0, '', '', 263),
('H264', 'GUANTE DE HULE LATEX', 8, 1, 0, '', '', 264),
('H265', 'FILTRO DE AGUA ROTOPLAS', 8, 1, 11, 'ANAQUEL F-1', 'NUEVOS', 265),
('H266', 'REGLA METALICA DE 50 CM', 8, 1, 2, 'ALMACEN', 'BUENAS CONDICIONES', 266),
('H267', 'FOCO SOLAR DE 7 WATTS', 8, 1, 0, '', '', 267),
('H268', 'CENTRO D CARGA QOD4F', 8, 1, 0, '', '', 268),
('H269', 'GABINETE QO8-16L100FTIPO NEMA 1', 8, 1, 0, '', '', 269),
('H27', 'BROCA PARA CONCRETO 1/4\"', 8, 1, 0, '', '', 27),
('H270', 'FOCOS INCANDESCENTES 10 WATTS', 8, 1, 0, '', '', 270),
('H271', 'FOCO SOLAR DE 25 WATTS', 8, 1, 0, '', '', 271),
('H272', 'LAMPARA FLUORESCENTE EN FORMA DE U DE 13 W', 8, 1, 0, '', '', 272),
('H273', 'FOCO SOLAR DE 40 W', 8, 1, 0, '', '', 273),
('H274', 'CENTRO DE CARGA 12 CIRCUITOS ', 8, 1, 0, '', '', 274),
('H275', 'INTERRUPTOR DE SEGURIDAD GOD', 8, 1, 0, '', '', 275),
('H276', 'INTERRUPTOR DE SEGURIDAD S/CARACTERISTICAS', 8, 1, 0, '', '', 276),
('H277', 'LAMPARA DE VAPOR DE SODIO DE 250 WATSS', 8, 1, 0, '', '', 277),
('H278', 'JUEGO DE TAPA Y ASIENTO', 8, 3, 0, '', '', 278),
('H279', 'LAMPARA INCANDESCENTE ROJO DE 40 W', 8, 1, 0, '', '', 279),
('H28', 'BROCA PARA CONCRETO 7/32\"', 8, 1, 0, '', '', 28),
('H280', 'CANALETA CONDUIT 2 VIAS 2\" DE 2 M', 8, 1, 0, '', '', 280),
('H281', 'CANALETA CONDUIT 2 VIAS DE 1.75 M', 8, 1, 0, '', '', 281),
('H282', 'ROTOMARTILLO BOSCH DIF MODELOS', 8, 1, 2, 'ANAQUEL F-15', 'NO UTILES', 282),
('H283', 'TALADRO INDUSTRIAL BLACK AND DECKER', 8, 1, 1, 'ANAQUEL F-15', 'EXTRAVIADO ING. PAULINO', 283),
('H284', 'TALADRO MILDENS ELECTRISKA', 8, 1, 1, 'ANAQUEL F-15', 'MALAS CONDICONES', 284),
('H285', 'TALADRO CASERO BLACK AND DECKER CA 7106', 8, 1, 1, 'ANAQUEL F-15', 'MALAS CONDICIONES', 285),
('H286', 'LLAVE PERICO 18\"', 8, 1, 0, '', '', 286),
('H287', 'LLAVE PERICO 12\"', 8, 1, 1, 'ANAQUEL F-15', 'REGULARES CONDICIONES', 287),
('H288', 'LLAVE PERICO 10\"', 8, 1, 1, 'ANAQUEL F-15', 'REGULARES CONDICIONES', 288),
('H289', 'LLAVE PERICO 8\"', 8, 1, 0, '', '', 289),
('H29', 'BROCA PARA CONCRETO 3/8\"', 8, 1, 1, 'ANAQUEL 15', 'MALAS CONDICIONES', 29),
('H290', 'LLAVE STILSON 18\"', 8, 1, 0, '', '', 290),
('H291', 'LLAVE STILSON 12\"', 8, 1, 0, '', '', 291),
('H292', 'LLAVE STILSON 14\"', 8, 1, 0, '', '', 292),
('H293', 'LLAVE STILSON 10\"', 8, 1, 0, '', '', 293),
('H294', 'ELECTRODOS 3/32\"', 8, 1, 0, '', '', 294),
('H295', 'ELECTRODOS 5/32\"', 8, 1, 0, '', '', 295),
('H296', 'ELECTRODOS 5/16\"', 8, 1, 0, '', '', 296),
('H297', 'ELECTRODOS 1/4\"', 8, 1, 0, '', '', 297),
('H298', 'CALIBRADOR VERNIER MOD 222-B', 8, 1, 0, '', '', 298),
('H299', 'FLEXOMETRO ANTIIMPACTO DE 3/4\" DE 5MTS LUFKIN', 8, 1, 0, '', '', 299),
('H3', 'ESCALERA DE TIJERA DE 21 PELDA?OS', 8, 1, 2, 'ALMACEN', 'UNA ESTA DA?ADA', 3),
('H30', 'BROCA PARA FIERRO 1/2\" X 6\"', 8, 1, 0, '', '', 30),
('H300', 'JUEGO DE 5 DESARMADORES DIELECTRICOS DE BARRA REDOND PNTA PLANA ', 8, 3, 0, '', '', 300),
('H301', 'JUEGO DE 6 DESARMADORES BARRA REDONDA PUNTA PHILLIPS', 8, 3, 0, '', '', 301),
('H302', 'DESTAPACA?OS MANUAL CABEZA DE BULBO KOLLMAN', 8, 1, 1, 'ANAQUEL F-15', 'MALAS CONDICONES', 302),
('H303', 'JUEGO DE 5 LIMAS DE FORMAS: -TRIANGULAR DE 8\"X21/32\"', 8, 1, 0, 'ANAQUEL F-15', '', 303),
('H304', 'JUEGO DE 5 LIMAS DE FORMAS: -PLANA BASTARDA CON DOBLE HILERA DE DIENTES EN DIAGONAL DE 10\"X1\"X17/64\"', 8, 1, 0, 'ANAQUEL F-15', '', 304),
('H305', 'JUEGO DE 5 LIMAS DE FORMAS: -ESCOFINA MEDIA CA?A BASTARDA DE 10\"X31/32\"X23/64\"', 8, 1, 0, 'ANAQUEL F-15', '', 305),
('H306', 'JUEGO DE 5 LIMAS DE FORMAS: -REDONDAS BASTARDAS 10\"X 3/8\"', 8, 1, 0, 'ANAQUEL F-15', '', 306),
('H307', 'JUEGO DE 5 LIMAS DE FORMAS: -MEDIA CA?A BASTARDA 10\" X 63/64\" X 5/16\"', 8, 1, 0, 'ANAQUEL F-15', '', 307),
('H308', 'LLAVE ESPA?OLA DE 3/16\" A 1\" JUEGO CON 10 PIEZAS URREA', 8, 3, 4, 'ANAQUEL F-15', 'INCOMPLETAS', 308),
('H309', 'LLAVE ESTRIAS DE 5/16\" A 1\"JUEGO CON 10 PIEZAS URREA', 8, 3, 1, 'ANAQUEL F-15', 'INCOMPLETO', 309),
('H31', 'BROCA PARA FIERRO 5/32\"', 8, 1, 0, '', '', 31),
('H310', 'STILLSON DE ALUMINIO 14\" CAP DE 2 1/4\" SUPER EGO', 8, 1, 2, 'ANAQUEL F-15', 'NUEVAS', 310),
('H311', 'STILLSON DE ALUMINIO 18\" CAP DE 3\" SUPER EEGO', 8, 1, 0, 'ANAQUEL F-15', 'NUEVA', 311),
('H312', 'MARRO DE 4 LBS STANLEY', 8, 1, 3, 'ANAQUEL F-15', 'EN USO', 312),
('H313', 'PROTECTOR FACIAL TRANSPARENTE 3-P F-300T INFRA', 8, 1, 5, 'ANAQUEL F-15', 'NUEVOS', 313),
('H314', 'LENTES DE SEGURIDAD INDUSTRIAL TRANSPARENTE DPG58-1D DEWALT', 8, 1, 10, 'ANAQUEL F-15', 'NUEVOS', 314),
('H315', 'ANTEOJOS DE SEGURIDAD DP G58-2D DEWALT', 8, 1, 0, '', '', 315),
('H316', 'CUCHILLO DE MANO MOD 10-175 STANLEY', 8, 1, 2, 'ANAQUEL F-15', 'NO UTIL', 316),
('H317', 'SOLDADORA ELECTRICA INFRA TH235/160(3676) C/ ACCESORIOS', 8, 1, 0, '', '', 317),
('H318', 'AUTOCLEK*JUEGO DE DADOS ACC*COMBINADOS', 8, 3, 1, 'ANAQUEL F-15', 'INCOMPLETO', 318),
('H319', 'EQUIPO PORTATIL PARA PINTOR MODELO FP2031 1.5', 8, 1, 1, 'ANAQUEL F-15', 'MALAS CONDICIONES', 319),
('H32', 'BROCA PARA FIERRO 31/62\"', 8, 1, 0, '', '', 32),
('H320', 'PINZAS P/MECANICO LARGO 10\" MOD. 280 URREA', 8, 3, 1, 'ANAQUEL F-15', 'MALAS CONDICIONES', 320),
('H321', 'INTERRUPTOR DE SEGURIDAD', 8, 1, 2, '', '', 321),
('H322', 'CAJA PARA HERRAMIENTA', 8, 1, 2, 'ANAQUEL F-15', 'MALAS CONDICIONES', 322),
('H323', 'CENTRO DE CARGA QOD2', 8, 1, 4, '', '', 323),
('H324', 'PINZAS DE PRESION MORDAZA CURVA', 8, 1, 1, 'ANAQUEL F-15', '', 324),
('H325', 'PINZA PELA CABLES', 8, 1, 2, 'ANAQUEL F-15', '', 325),
('H326', 'CORTA TUBO', 8, 1, 0, 'ANAQUEL F-15', '', 326),
('H327', 'PISTOLA CALAFATEADORA ', 8, 1, 0, 'ANAQUEL F-15', '', 327),
('H328', 'MARRO DE 10 LIBRAS', 8, 1, 0, 'ANAQUEL F-15', '', 328),
('H329', 'LENTE DEPORTIVO DE SEGURIDAD', 8, 1, 3, 'ANAQUEL F-15', '', 329),
('H33', 'BROCA PARA FIERRO 23/64\"', 8, 1, 0, '', '', 33),
('H330', 'GOGLES DE SEGURIDAD VERDE 14220', 8, 1, 3, 'ANAQUEL F-15', '', 330),
('H331', 'TAPONES AUDITIVOS DE ESPUMA CON CORDON', 8, 11, 4, 'ANAQUEL F-15', '', 331),
('H332', 'CASCO DE SEGURIDA ', 8, 1, 2, 'ANAQUEL F-15', '', 332),
('H333', 'GUANTES DE CARNAZA', 8, 11, 7, 'ANAQUEL F-15', '', 333),
('H334', 'CHALECO DE SEGURIDAD', 8, 1, 10, 'ANAQUEL F-15', '', 334),
('H335', 'MANDIL DE CARNAZA', 8, 1, 1, 'ANAQUEL F-15', '', 335),
('H336', 'SOPLETE PARA GAS L.P.', 8, 3, 1, 'ANAQUEL F-15', '', 336),
('H337', 'MANOMETROS PARA REFRIGERACION MARCA GB', 8, 3, 0, 'ANAQUEL F-15', '', 337),
('H338', 'MANOMETROS PARA REFRIGERACION MARCA  YELLOW JACKLET RITCHIE', 8, 3, 1, 'ANAQUEL F-15', '', 338),
('H339', 'BOMBA DE VACIO VE 245', 8, 1, 1, 'ANAQUEL F-15', '', 339),
('H34', 'BROCA PARA FIERRO 29/64\"', 8, 1, 1, 'ANAQUEL 15', 'MALAS CONDICIONES', 34),
('H340', 'BOMBA DE VACIO MARCA BARRETO', 8, 1, 1, 'ANAQUEL F-15', '', 340),
('H341', 'HIDROLAVADORA KARCHER 1,400 PSI K 3.740', 8, 1, 1, 'ANAQUEL F-15', '', 341),
('H342', 'PINZA DE PUNTA Y CORTE 8? MANGO VINIL 17310', 8, 1, 1, 'ANAQUEL F-15', '', 342),
('H343', 'PLANTA PARA SOLDAR MIKEL?S', 8, 1, 1, 'ANAQUEL F-15', '', 343),
('H344', 'PINZA DE ELECTRICISTA 9? 17305', 8, 1, 1, 'ANAQUEL F-15', '', 344),
('H345', 'PINZA CORTE DIAGONAL 7? MANGO VINIL 17313', 8, 1, 1, 'ANAQUEL F-15', '', 345),
('H346', 'PINZA DE CHOFER 8? PRETUL 22654', 8, 1, 1, 'ANAQUEL F-15', '', 346),
('H347', 'PINZA DE PRESION MORDAZA RECTA 10? 17424', 8, 1, 1, 'ANAQUEL F-15', '', 347),
('H348', 'LLAVE PARA PLOMERO 12? 12874', 8, 1, 1, 'ANAQUEL F-15', '', 348),
('H349', 'LLAVE PARA TUBO STILSON 14? PRETUL 22013', 8, 1, 1, 'ANAQUEL F-15', '', 349),
('H35', 'BROCA PARA FIERRO 27/64\"', 8, 1, 1, 'ANAQUEL 15', 'MALAS CONDICIONES', 35),
('H350', 'LLAVE PERICO CROMADA 12? 15512', 8, 1, 0, '', '', 350),
('H351', 'DESASRMADORES BASIC 10 PIEZAS', 8, 3, 0, '', '', 351),
('H352', 'LLAVES COMBINADAS 6-22 MM.  11 PIEZAS ', 8, 3, 0, '', '', 352),
('H353', 'DADOS DE CUADRO 3/8 9 PIEZAS MM.', 8, 3, 0, '', '', 353),
('H354', 'DADOS STD 21 PIEZAS 3/8 13916', 8, 3, 1, 'ANAQUEL F-15', '', 354),
('H355', 'MATRACA CABEZA DE PERA 3/8 21161', 8, 1, 0, '', '', 355),
('H356', 'EXTENSI?N DE 6? PARA MATRACA 3/8', 8, 1, 0, '', '', 356),
('H357', 'DESARMADORES DE CAJA 21420', 8, 3, 2, '', 'INCOMPLETOS', 357),
('H358', 'CUTTER USO INDUSTRIAL 6? METALICO', 8, 1, 0, 'ANAQUEL F-15', '', 358),
('H359', 'CAJA PARA HERRAMIENTA COLOR NARANJA 19?', 8, 1, 0, '', '', 359),
('H36', 'BROCA PARA FIERRO 3/8\"', 8, 1, 1, 'ANAQUEL 15', 'MALAS CONDICIONES', 36),
('H360', 'MALETA SUAVE PORTA HERRAMIENTA 20?', 8, 1, 1, 'ANAQUEL F-15', '', 360),
('H361', 'MULTIMETRO DIGITAL DE GANCHO', 8, 1, 0, 'ANAQUEL F-15', '', 361),
('H362', 'CORTADOR DSE TUBO 12853', 8, 1, 1, 'ANAQUEL F-15', '', 362),
('H363', 'NIVEL DE 12? 17030', 8, 1, 1, 'ANAQUEL F-15', '', 363),
('H364', 'FLEXOMETRO PLACA METALICA 8M X 1? 14607', 8, 1, 1, 'ANAQUEL F-15', '', 364),
('H365', 'LLAVES TORX DE 9 PIEZAS', 8, 3, 0, 'ANAQUEL F-15', '', 365),
('H366', 'CAUTIN TIPO LAPIZ PRETUL 22805', 8, 1, 0, 'ANAQUEL F-15', '', 366),
('H367', 'TIJERA PARA HOJALATERO', 8, 1, 1, 'ANAQUEL F-15', '', 367),
('H368', 'ESCUADRA PARA CARP?NTERO 10?', 8, 1, 1, 'ANAQUEL F-15', '', 368),
('H369', 'IMPERMEABLE PVCT/MANGA 0.55 MM', 8, 1, 1, 'ANAQUEL F-15', '', 369),
('H37', 'BROCA PARA FIERRO 5/16\"', 8, 1, 0, '', '', 37),
('H370', 'PONCHO UNITALLA ESPESOR0.25 MM', 8, 1, 2, 'ANAQUEL F-15', '', 370),
('H371', 'IMPERMEABLE TALLA GRANDE', 8, 1, 1, 'ANAQUEL F-15', '', 371),
('H372', 'IMPERMEABLE TALLA MEDIANA', 8, 1, 2, 'ANAQUEL F-15', '', 372),
('H373', 'FLEXOMETRO CONTRAIMPACTO DE 8 MTS', 8, 1, 1, 'ANAQUEL F-15', '', 373),
('H374', 'FLEXOMETRO CONTRAIMPACTO DE 10 MTS', 8, 1, 1, 'ANAQUEL F-15', '', 374),
('H375', 'BROCA SDS PARA CONCRETO DE ? X 8?', 8, 1, 10, 'ANAQUEL F-15', '', 375),
('H376', 'BROCA SDS PARA CONCRETO DE 3/8 X 6?', 8, 1, 20, 'ANAQUEL F-15', '', 376),
('H377', 'BROCA SDS PARA CONCRETO DE ? X 6?', 8, 1, 23, 'ANAQUEL F-15', '', 377),
('H378', 'BROCA SDS PARA CONCRETO DE 5/8 X 8?', 8, 1, 23, 'ANAQUEL F-15', '', 378),
('H379', 'BROCA SDS PARA CONCRETO DE 1 X 10?', 8, 1, 20, 'ANAQUEL F-15', '', 379),
('H38', 'BROCA PARA FIERRO 11/32\"', 8, 1, 1, 'ANAQUEL 15', 'MALAS CONDICIONES', 38),
('H380', 'AVELLANADORPARA TUBO 7?', 8, 3, 2, 'ANAQUEL F-15', '', 380),
('H381', 'ROTOMARTILLO TALADRO DESATORNILLADOR INALAMBRICO DE ? TRUPER', 8, 1, 1, 'ANAQUEL F-15', '', 381),
('H382', 'ROTOMARTILLO ELECTRONEUMATICO SDS DE 1? TRUPER', 8, 1, 3, 'ANAQUEL F-15', '1 YA NO ES UTIL', 382),
('H383', 'PERTIGA DE TRES SECCIONES', 8, 1, 1, 'ANAQUEL F-12', '', 383),
('H384', 'VARILLAS PARA DESASOLVE FLEXIBLES CON ACCESORIOS', 8, 3, 1, 'ANAQUEL F-12', '', 384),
('H385', 'VARILLAS PARA DESASOLVE RIGIDAS CON ACCESORIOS', 8, 3, 1, 'ANAQUEL F-12', '', 385),
('H386', 'ESMERILADORA MARCA DEWALT MODELO DWE4010 SERIE 281672', 8, 1, 1, 'ANAQUEL F-15', 'NUEVA', 386),
('H387', 'DESTAPACA?OS MARCA PRETUL MODELO DECA-25P SERIE 22881', 8, 1, 1, 'ANAQUEL F-15', 'MALAS CONDICIONES', 387),
('H388', 'DISCO SIERRA DE CARBURO MARCA TENZIT CLAVE 162', 8, 1, 1, 'ANAQUEL F-15', 'NUEVO', 388),
('H389', 'DISCO PARA ESMERILADORA MARCA AUSTROMEX CLAVE ITEM 560', 8, 1, 5, 'ANAQUEL F-15', 'NUEVO', 389),
('H39', 'BROCA PARA FIERRO 25/64\"', 8, 1, 1, 'ANAQUEL 15', 'MALAS CONDICIONES', 39),
('H4', 'ESCALERA DE EXTENSION DE 36 ESCALONES', 8, 1, 1, 'ALMACEN', 'BUENAS CONDICIONES', 4),
('H40', 'BROCA PARA FIERRO 9/32\"', 8, 1, 1, 'ANAQUEL 15', 'MALAS CONDICIONES', 40),
('H41', 'BROCA PARA FIERRO 19/64\"', 8, 1, 0, '', '', 41),
('H42', 'BROCA PARA FIERRO 17/64\"', 8, 1, 0, '', '', 42),
('H43', 'BROCA PARA FIERRO 21/64\"', 8, 1, 1, 'ANAQUEL 15', 'MALAS CONDICIONES', 43),
('H44', 'BROCA PARA FIERRO 7/32\"', 8, 1, 1, 'ANAQUEL 15', 'MALAS CONDICIONES', 44),
('H45', 'BROCA PARA FIERRO 1/4\"', 8, 1, 0, '', '', 45),
('H46', 'BROCA PARA FIERRO 3/16\"', 8, 1, 0, '', '', 46),
('H47', 'BROCA PARA FIERRO 15/32\"', 8, 1, 1, 'ANAQUEL 15', 'MALAS CONDICIONES', 47),
('H48', 'BROCA PARA FIERRO 1/8\"', 8, 1, 0, '', '', 48),
('H49', 'BROCA PARA FIERRO 27/32\"', 8, 1, 1, 'ANAQUEL 15', 'MALAS CONDICIONES', 49),
('H5', 'ESCA?ERA TIPO TIJERA DE 15 ESCALONES', 8, 1, 1, 'ALMACEN', 'BUENAS CONDICIONES', 5),
('H50', 'BROCA PARA FIERRO 13/64\"', 8, 1, 0, '', '', 50),
('H51', 'BROCA PARA FIERRO 15/64\"', 8, 1, 0, '', '', 51),
('H52', 'BROCA PARA FIERRO 9/64\"', 8, 1, 0, '', '', 52),
('H53', 'BROCA PARA FIERRO 3/32\"\"', 8, 1, 0, '', '', 53),
('H54', 'BROCA PARA FIERRO 7/64\"', 8, 1, 0, '', '', 54),
('H55', 'TORNILLO CABEZA REDONDA 5/32\"X1', 8, 4, 2, 'ANAQUEL TORNILLERIA', '', 55),
('H56', 'TORNILLO CABEZA REDONDA 5/32\"X3/4\"', 8, 4, 1, 'ANAQUEL TORNILLERIA', '', 56),
('H57', 'TORNILLO CABEZA REDONDA 5/32\"X 1/2\"', 8, 4, 4, 'ANAQUEL TORNILLERIA', '', 57),
('H58', 'TORNILLO CABEZA REDONDA 5/32\"X1/4', 8, 4, 1, 'ANAQUEL TORNILLERIA', '', 58),
('H59', 'TORNILLO CABEZA REDONDA 5/16 X 3/4\"', 8, 4, 1, 'ANAQUEL TORNILLERIA', '', 59),
('H6', 'TALADRO DE BANCO DE 5 VELOCIDADES No SERIE 475923', 8, 1, 0, '', 'BUENAS CONDICIONES', 6),
('H60', 'TORNILLO CABEZA REDONDA 5/16 X 1\"', 8, 4, 2, 'ANAQUEL TORNILLERIA', '', 60),
('H61', 'TORNILLO CABEZA REDONDA 5/16 X1/2\"', 8, 4, 1, 'ANAQUEL TORNILLERIA', '', 61),
('H62', 'TORNILLO CABEZA REDONDA 3/16\" X 1 1/2\"', 8, 4, 3, 'ANAQUEL TORNILLERIA', '', 62),
('H63', 'TORNILLO CABEZA REDONDA 3/16\" X 1 1/4\"', 8, 4, 12, 'ANAQUEL TORNILLERIA', '', 63),
('H64', 'TORNILLO CABEZA REDONDA 3/16\" X 3/4\"', 8, 4, 2, 'ANAQUEL TORNILLERIA', '', 64),
('H65', 'TORNILLO CABEZA REDONDA 3/16\" X 1\"', 8, 4, 9, 'ANAQUEL TORNILLERIA', '', 65),
('H66', 'TORNILLO CABEZA REDONDA 3/16\" X1/2\"', 8, 4, 0, '', '', 66),
('H67', 'TORNILLO CABEZA REDONDA 1/4\" X 1\"', 8, 4, 7, 'ANAQUEL TORNILLERIA', '', 67),
('H68', 'TORNILLO CABEZA REDONDA 1/4\" X 1/2\"', 8, 4, 1, 'ANAQUEL TORNILLERIA', '', 68),
('H69', 'TORNILLO CABEZA REDONDA 1/4\" X 1 1/2\"', 8, 4, 35, 'ANAQUEL TORNILLERIA', '', 69),
('H7', 'TORNILLO DE BANCO DE 4\"', 8, 1, 1, 'ALMACEN', 'BUENAS CONDICIONES', 7),
('H70', 'TORNILLO CABEZA REDONDA 1/4\" X 3\"', 8, 4, 1, 'ANAQUEL TORNILLERIA', '', 70),
('H71', 'TORNILLO CABEZA REDONDA 1/4\" X 1 1/4\"', 8, 4, 17, 'ANAQUEL TORNILLERIA', '', 71),
('H72', 'TORNILLO CABEZA REDONDA 1/8\" X 3/16\"', 8, 4, 0, '', '', 72),
('H73', 'TUERCA 1/4\"', 8, 4, 30, 'ANAQUEL TORNILLERIA', '', 73),
('H74', 'TUERCA 5/16\"', 8, 4, 1, 'ANAQUEL TORNILLERIA', '', 74),
('H75', 'TUERCA 3/16\"', 8, 4, 7, 'ANAQUEL TORNILLERIA', '', 75),
('H76', 'TUERCA 5/32\"', 8, 4, 17, 'ANAQUEL TORNILLERIA', '', 76),
('H77', 'TUERCA 1/8\"', 8, 4, 1, 'ANAQUEL TORNILLERIA', '', 77),
('H78', 'TORNILLO PARA MADERA CABEZA PLANA 5/32 X 1 1/2\"', 8, 4, 0, '', '', 78),
('H79', 'TORNILLO PARA MADERA CABEZA PLANA 3/16\" X 1 1/2\"', 8, 4, 1, 'ANAQUEL TORNILLERIA', '', 79),
('H8', 'ESMERIL DE BANCO 1 HP', 8, 1, 1, 'ALMACEN', 'BUENAS CONDICIONES', 8),
('H80', 'TORNILLO PARA MADERA CABEZA PLANA 3/16\" X 2\"', 8, 4, 1, 'ANAQUEL TORNILLERIA', '', 80),
('H81', 'TORNILLO PARA MADERA CABEZA PLANA 5/32 X 2\"', 8, 4, 0, '', '', 81),
('H82', 'TORNILLO PARA MADERA CABEZA PLANA 5/32 X 1\"', 8, 4, 1, 'ANAQUEL TORNILLERIA', '', 82),
('H83', 'TORNILLO CABEZA HEXAGONAL 1/4\" X 1\"', 8, 4, 6, 'ANAQUEL TORNILLERIA', '', 83),
('H84', 'TORNILLO CABEZA HEXAGONAL 1/4\" X 1 1/2\"', 8, 4, 1, 'ANAQUEL TORNILLERIA', '', 84),
('H85', 'TORNILLO CABEZA HEXAGONAL 5/16\" X 1\"', 8, 4, 1, 'ANAQUEL TORNILLERIA', '', 85),
('H86', 'TORNILLO CABEZA HEXAGONAL 1/4\" X 1/2\"\"', 8, 4, 1, 'ANAQUEL TORNILLERIA', '', 86),
('H87', 'TORNILLO CABEZA HEXAGONAL 5/16\" X 1 1/2\"\"', 8, 4, 0, '', '', 87),
('H88', 'TORNILLO CABEZA HEXAGONAL 1/4\" X 1 1/2\"', 8, 4, 17, 'ANAQUEL TORNILLERIA', '', 88),
('H89', 'TORNILLO CABEZA HEXAGONAL 1/4\" X 1 1/4\"\"', 8, 4, 13, 'ANAQUEL TORNILLERIA', '', 89),
('H9', 'CORTADORA PARA LOSETA DEWALT 4\"', 8, 1, 1, '', 'BUENAS CONDICIONES', 9),
('H90', 'TERMINAL DE OJILLO DE 1/4\"', 8, 1, 270, 'ANAQUEL TORNILLERIA', '', 90),
('H91', 'MARIPOSA PARA TORNILLO DE 1/4\"', 8, 1, 0, '', '', 91),
('H92', 'TERMINAL DE OJILLO DE 3/16\"', 8, 1, 250, 'ANAQUEL TORNILLERIA', '', 92),
('H93', 'TORNILLO CABEZA CONICA 3/16\" X 1 1/2\"', 8, 4, 0, '', '', 93),
('H94', 'TORNILLO CABEZA CONICA 1/4\" X 7/16\"', 8, 4, 0, '', '', 94),
('H95', 'CHILILLOS CABEZA HEXAGONAL 5/16\" X 1 1/2\"', 8, 4, 10, 'ANAQUEL TORNILLERIA', '', 95),
('H96', 'CHILILLOS CABEZA HEXAGONAL 5/16\" X 1 1/4\"', 8, 4, 5, 'ANAQUEL TORNILLERIA', '', 96),
('H97', 'CHILILLOS CABEZA HEXAGONAL 5/16\" X 1\"', 8, 4, 15, 'ANAQUEL TORNILLERIA', '', 97),
('H98', 'CLAVO PARA CONCRETO 4\"', 8, 4, 2, 'ANAQUEL TORNILLERIA', '', 98),
('H99', 'CLAVO PARA CONCRETO SIN CABEZA DE 1 1/2\"', 8, 4, 1, 'ANAQUEL TORNILLERIA', '', 99),
('ME1', 'LAMPARA SLIME LINE 21 W', 1, 1, 140, 'ANAQUEL F-15', 'NUEVAS', 1),
('ME10', 'CABLE POT NO. 14', 1, 2, 114, '', '', 10),
('ME100', 'CINTA DE TEFLON', 1, 1, 0, '', '', 100),
('ME101', 'BASE PARA TUBO', 1, 1, 230, 'ANAQUEL F-7', '', 101),
('ME102', 'FUSIBLE DE 100 AMP.', 1, 1, 123, 'ANAQUEL F-7', '', 102),
('ME103', 'TAPON P/INTERRUPTOR', 1, 1, 60, 'ANAQUEL F-7', '', 103),
('ME104', 'REPUESTO P/FOCO SLIM', 1, 1, 0, '', '', 104),
('ME105', 'FOTOCELDA', 1, 1, 0, 'ANAQUEL F-7', '', 105),
('ME106', 'CONDULET TIPO T 3/4', 1, 1, 5, 'ANAQUEL F-7', '', 106),
('ME107', 'CONDULET TERMIAL 1/2\"', 1, 1, 10, 'ANAQUEL F-7', '', 107),
('ME108', 'TAPA LATERAL  P/LAMPARA SLIME', 1, 1, 54, '', 'USADAS', 108),
('ME109', 'CLAVIJAS POLARIZADAS 1 1/2\"', 1, 1, 1, 'ANAQUEL F-6', '', 109),
('ME11', 'CABLE UNIPOLAR N°. 14', 1, 2, 0, '', '', 11),
('ME110', 'CINCHOS DE LATON', 1, 1, 10, 'ANAQUEL F-6', '', 110),
('ME111', 'SOCKET DE PORCELANA P/CAJA SPOT', 1, 1, 24, '', '', 111),
('ME112', 'CODO PARA TUBO CONDUIT 3/4\"', 1, 1, 83, 'ANAQUEL F-6', '', 112),
('ME113', 'CODO PARA TUBO CONDUIT 1/2\"', 1, 1, 92, 'ANAQUEL F-6', '', 113),
('ME114', 'CODO PARA TUBO CONDUIT 1 1/4\"', 1, 1, 4, 'ANAQUEL F-6', '', 114),
('ME115', 'PLACA DE ALUMINIO DE 3 VENTANAS', 1, 1, 48, 'ANAQUEL F-7', '', 115),
('ME116', 'PLACA DE ALUMINIO DE 3 VENTANAS TAPA NEGRA', 1, 1, 20, 'ANAQUEL F-7', '', 116),
('ME117', 'PLACA PARA CONTACTO DUPLEX COLOR BLANCO', 1, 1, 0, 'ANAQUEL F-7', '', 117),
('ME118', 'PLACA PARA CONTACTO DUPLEX METALICO', 1, 1, 0, 'ANAQUEL F-7', '', 118),
('ME119', 'TAPA NEGRA PARA PLACA', 1, 1, 24, 'ANAQUEL F-7', '', 119),
('ME12', 'CABLE UNIPOLAR N°. 16', 1, 2, 210, 'ANAQUEL F-11', '', 12),
('ME120', 'CONECTOR PARED DELGADA 3/4\"', 1, 1, 41, 'ANAQUEL F-6', '', 120),
('ME121', 'CONECTOR PARED DELGADA 1/2\"', 1, 1, 75, 'ANAQUEL F-6', '', 121),
('ME122', 'COPLE DE 2 1/2\" X 3/4\"', 1, 1, 0, 'ANAQUEL F-6', '', 122),
('ME123', 'COPLE DE 2 1/2\" X 1/2\"', 1, 1, 0, 'ANAQUEL F-6', '', 123),
('ME124', 'COPLE DE 2\" X 1/2\"', 1, 1, 0, '', '', 124),
('ME125', 'PLACA DE UN MODULO COLOR BLANCO', 1, 1, 0, '', '', 125),
('ME126', 'CONTACTO SENCILLO PLANO', 1, 1, 100, 'ANAQUEL F-6', '', 126),
('ME127', 'CONTACTO SENCILLO QUINZI?O', 1, 1, 0, '', '', 127),
('ME128', 'APAGADOR SENCILLO', 1, 1, 285, 'ANAQUEL F-6', '', 128),
('ME129', 'APAGADOR PARA EMPOTRAR OVALADO', 1, 1, 6, 'ANAQUEL F-6', '', 129),
('ME13', 'BALASTRA DE 2X15', 1, 1, 0, '', '', 13),
('ME130', 'APAGADOR PARA EMPOTRAR PLANO', 1, 1, 0, '', '', 130),
('ME131', 'APAGADORES DE PASTILLA', 1, 1, 20, 'ANAQUEL F-6', '', 131),
('ME132', 'APAGADOR DE ESCALERA', 1, 1, 31, 'ANAQUEL F-6', '', 132),
('ME133', 'BOTON PARA TIMBRE', 1, 1, 48, 'ANAQUEL F-6', '', 133),
('ME134', 'CONTACTO DE SEGURIDAD 2 PATAS', 1, 1, 24, 'ANAQUEL F-6', '', 134),
('ME135', 'CONTACTO DE SEGURIDAD 3 PATAS SENCILLO', 1, 1, 35, 'ANAQUEL F-6', '', 135),
('ME136', 'CLAVIJA DE SEGURIDAD DE 3 PATAS DE VUELTA', 1, 1, 34, 'ANAQUEL F-6', '', 136),
('ME137', 'RECEPTACULO DUPLEX VISIBLE', 1, 1, 0, '', '', 137),
('ME138', 'EXTENSION IMCOMPLETA (SIN CONTACTO)', 1, 1, 0, '', '', 138),
('ME139', 'CLAVIJA DE SEGURIDAD DE 3 PATAS 1 1/2\"', 1, 1, 18, 'ANAQUEL F-6', '', 139),
('ME14', 'BALASTRAS 1x21 WATTS', 1, 1, 6, 'ANAQUEL F-6', 'NUEVAS', 14),
('ME140', 'CLAVIJA CONVERTIDORA', 1, 1, 0, '', '', 140),
('ME141', 'AISLADORES DE PORCELANA 1 1/2\"', 1, 1, 5, 'ANAQUEL F-6', '', 141),
('ME142', 'SOCKET CON APAGADOR DE PALANCA', 1, 1, 30, 'ANAQUEL F-6', '', 142),
('ME143', 'SOCKET RESTIRADOR ', 1, 1, 6, '', '', 143),
('ME144', 'SOCKET DE PORCELANA 660 W CUADRADOS', 1, 1, 0, '', '', 144),
('ME145', 'SOCKET DE PORCELANA 660 W REDONDOS', 1, 1, 0, '', '', 145),
('ME146', 'SOCKET DE PORCELANA 1500 W REDONDOS', 1, 1, 0, 'ANAQUEL F-6', '', 146),
('ME147', 'CLAVIJA INDUSTRIAL REFORZADA ATERRIZADA VOLTECH', 1, 1, 0, 'ANAQUEL F-6', '', 147),
('ME148', 'CLAVIJA DE SEGURIDAD 2 PATAS 1 1/2\"', 1, 1, 17, 'ANAQUEL F-6', '', 148),
('ME149', 'CLAVIJA DE SEGURIDAD 1 3/4\"\"', 1, 1, 8, 'ANAQUEL F-6', '', 149),
('ME15', 'BALASTRAS 2x21 WATTS', 1, 1, 5, 'ANAQUEL F-6', '', 15),
('ME150', 'CLAVIJA DE SEGURIDAD 3 PATAS 2\"', 1, 1, 36, 'ANAQUEL F-6', '', 150),
('ME151', 'COPLE CON TORNILLO DE 3/4\" PARED DELGADA', 1, 1, 80, 'ANAQUEL F-6', '', 151),
('ME152', 'COPLE CON TORNILLO DE 1/2\" PARED DELGADA', 1, 1, 60, 'ANAQUEL F-6', '', 152),
('ME153', 'MONITOR CON CONTRA 3/4\"', 1, 1, 3, 'ANAQUEL F-6', '', 153),
('ME154', 'TUERCA MONITOR DE 1/2\"', 1, 1, 45, 'ANAQUEL F-6', '', 154),
('ME155', 'TUERCA MONITOR 3/4\"', 1, 1, 40, 'ANAQUEL F-6', '', 155),
('ME156', 'CLAVIJA DE SEGURIDAD 2 PATAS 2\"', 1, 1, 6, 'ANAQUEL F-6', '', 156),
('ME157', 'TIMBRE TIPO INDUSTRIAL', 1, 1, 1, 'ANAQUEL F-6', 'NO UTIL', 157),
('ME158', 'LAMPARA HALOGENO 300 WATTS', 1, 1, 0, '', '', 158),
('ME159', 'LAMPARA HALOGENO 500 WATTS', 1, 1, 0, '', '', 159),
('ME16', 'BALASTRAS 1X75 WATTS', 1, 1, 0, '', '', 16),
('ME160', 'LAMPARA HALOGENO 1500 WATTS', 1, 1, 0, '', '', 160),
('ME161', 'GRAPAS AISLADAS DEL No. 2', 1, 1, 2120, 'ANAQUEL F-6', '', 161),
('ME162', 'GRAPAS AISLADAS DEL No. 3', 1, 1, 2160, 'ANAQUEL F-6', '', 162),
('ME163', 'PASTILLA TERMICA 3 X 30 AMP', 1, 1, 0, '', '', 163),
('ME164', 'PASTILLA TERMICA 3 X 20 AMP', 1, 1, 0, '', '', 164),
('ME165', 'PASTILLA TERMICA 2 X 20 AMP', 1, 1, 14, '', '', 165),
('ME166', 'PASTILLA TERMICA 1 X 20 AMP', 1, 1, 24, '', '', 166),
('ME167', 'PASTILLA TERMICA 3 X 15 AMP', 1, 1, 2, 'ANAQUEL F-6', '', 167),
('ME168', 'PASTILLA TERMICA 2 X 15 AMP', 1, 1, 0, '', '', 168),
('ME169', 'PASTILLA TERMICA 1 X 50 AMP', 1, 1, 12, 'ANAQUEL F-6', '', 169),
('ME17', 'BALASTRAS 1X39 WATTS', 1, 1, 1, 'ANAQUEL F-6', '', 17),
('ME170', 'ALAMBRE DEL No 12', 1, 2, 700, 'ANAQUEL F-11', '', 170),
('ME171', 'ALAMBRE DEL No 14', 1, 2, 437, 'ANAQUEL F-11', '', 171),
('ME172', 'ALAMBRE DEL No 10', 1, 2, 30, 'ANAQUEL F-11', '', 172),
('ME173', 'ALAMBRE DEL No 18', 1, 2, 60, 'ANAQUEL F-11', '', 173),
('ME174', 'CABLE PARA TIERRA FISICA', 1, 2, 0, '', '', 174),
('ME175', 'CABLE DEL No 12', 1, 2, 0, '', '', 175),
('ME176', 'CABLE POT No 12', 1, 2, 0, '', '', 176),
('ME177', 'CABLE POT No 16', 1, 2, 0, '', '', 177),
('ME178', 'ALAMBRE DUPLEX 2 X 12', 1, 2, 350, 'ANAQUEL F-8', '', 178),
('ME179', 'ALAMBRE DUPLEX 2 X 14', 1, 2, 0, '', '', 179),
('ME18', 'BALASTRAS 2X39 WATTS', 1, 1, 1967, 'ALAMACEN', '', 18),
('ME180', 'CABLE PARA ANTENA PARA EXTERIOR', 1, 2, 0, '', '', 180),
('ME181', 'CORDON POT 2 X 14', 1, 2, 0, '', '', 181),
('ME182', 'CORDON POT 2 X 18', 1, 2, 0, '', '', 182),
('ME183', 'CABLE No 8', 1, 2, 0, '', '', 183),
('ME184', 'ALAMBRE PARA RESISTENCIA', 1, 4, 6, 'ANAQUEL F-9', '', 184),
('ME185', 'CONTROL AUTOMATICO BOMBA', 1, 1, 1, '', '', 185),
('ME186', 'FILAMENTO 500 WATTS', 1, 1, 48, 'ANAQUEL F-6', '', 186),
('ME187', 'FILAMENTO 300 WATTS', 1, 1, 38, 'ANAQUEL F-6', '', 187),
('ME188', 'LAMPARAS PL-S 9 WATTS/27', 1, 1, 5, '', '', 188),
('ME189', 'ARBOTANTE', 1, 1, 0, '', '', 189),
('ME19', 'BALASTRAS 2X75 WATTS', 1, 1, 90, 'ANAQUEL F-6', '', 19),
('ME190', 'LUMINARIA DECORATIVA', 1, 1, 0, '', '', 190),
('ME191', 'CABLE THW 15 NEGRO', 1, 2, 0, '', '', 191),
('ME192', 'CABLE No 18 VERDE BLANCO Y NEGRO', 1, 2, 300, 'ANAQUEL F-12', '', 192),
('ME193', 'CABLE No 18 VERDE', 1, 2, 300, 'ANAQUEL F-12', '', 193),
('ME194', 'CABLE No 18 BLANCO Y ROJO', 1, 2, 300, 'ANAQUEL F-12', '', 194),
('ME195', 'CABLE No 14 BLANCO', 1, 2, 100, 'ANAQUEL F-12', '', 195),
('ME196', 'CABLE No 14 NEGRO', 1, 2, 100, 'ANAQUEL F-12', '', 196),
('ME197', 'CABLE No 22 UNIPOLAR', 1, 2, 100, 'ANAQUEL F-12', '', 197),
('ME198', 'CABLE ROJO Y VERDE No 14', 1, 2, 200, 'ANAQUEL F-12', '', 198),
('ME199', 'LAMPARA PL-C 13 WATTS 27', 1, 1, 0, '', '', 199),
('ME2', 'LAMPARA SLIME LINE 39 W', 1, 1, 0, '', '', 2),
('ME20', 'BALASTRAS 1X40', 1, 1, 20, 'ANAQUEL F-6', '', 20),
('ME200', 'ALAMBRE No 14 VERDE', 1, 2, 47, 'ANAQUEL F-12', '', 200),
('ME201', 'ALAMBRE THW LS ', 1, 2, 0, '', '', 201),
('ME202', 'ALAMBRE ROJO Y NEGRO', 1, 2, 400, 'ANAQUEL F-12', '', 202),
('ME203', 'CENTRO DE CARGA MOD CC.108', 1, 1, 0, '', '', 203),
('ME204', 'CENTRO DE CARGA QOD SF', 1, 1, 0, '', '', 204),
('ME205', 'CENTRO DE CARGA MOD CC104L', 1, 1, 0, '', '', 205),
('ME206', 'CENTRO DE CARGA CC 108', 1, 1, 0, '', '', 206),
('ME207', 'CENTRO DE CARGA QOD8', 1, 1, 1, 'ANAQUEL F-6', '', 207),
('ME208', 'CENTRO DE CARGA CC104L', 1, 1, 0, '', '', 208),
('ME209', 'CENTRO DE CARGA QOD4', 1, 1, 8, '', '', 209),
('ME21', 'BALASTRAS 2X40', 1, 1, 15, 'ANAQUEL F-6', '', 21),
('ME210', 'INTERRUPTOR TERMOMAGNETICO  ', 1, 1, 0, '', '', 210),
('ME211', 'INTERRUPTOR DE SEGURIDAD TIPO 1SP', 1, 1, 0, '', '', 211),
('ME212', 'BASE PARA MEDIDOR TRIFASICO', 1, 1, 0, '', '', 212),
('ME213', 'JUEGO DE CONTACTOS PARA EL CONTACTOR', 1, 3, 20, 'ANAQUEL F-7', '', 213),
('ME214', 'PLACA DE ALUMINIO TAPA CIEGA', 1, 1, 0, '', '', 214),
('ME215', 'PLACA DE ALUMNIO PARA I MODULO', 1, 1, 100, 'ANAQUEL F-7', '', 215),
('ME216', 'TAPA DE PLASTICO 3 MODULOS', 1, 1, 170, 'ANAQUEL F-7', '', 216),
('ME217', 'TAPA DE ALUMINIO PARA 3 MODULOS', 1, 1, 4, 'ANAQUEL F-7', '', 217),
('ME218', 'JUEGO DE TAPA CON UNA VENTANA Y PLACA DE ALUMINIO', 1, 3, 30, 'ANAQUEL F-7', '', 218),
('ME219', 'TAPAS DE 3 MODULOS DE PLASTICO', 1, 1, 7, 'ANAQUEL F-7', '', 219),
('ME22', 'FUSIBLE DE 60 AMP.', 1, 1, 120, 'ANAQUEL F-7', '', 22),
('ME220', 'TAPA PARA UN MODULO DE PLASTICO', 1, 1, 4, 'ANAQUEL F-7', '', 200),
('ME221', 'TAPA PARA TRES MODULOS PLASTICO', 1, 1, 4, 'ANAQUEL F-7', '', 221),
('ME222', 'TAPA PARA DOS MODULOS PLACA DE ALUMINO', 1, 1, 50, 'ANAQUEL F-7', '', 222),
('ME223', 'TAPA CON SALIDA DE TV PLASTICO', 1, 1, 6, 'ANAQUEL F-7', '', 223),
('ME224', 'ALAMBRE GALVANIZADO', 1, 4, 0, 'ANAQUEL F-9', '', 224),
('ME225', 'IMPULSOR DE BRONCE PARA BOMBA', 1, 1, 10, 'ANAQUEL F-7', '', 225),
('ME226', 'CONTRA MONITOR DE 1/2\"', 1, 1, 270, 'ANAQUEL F-7', '', 226),
('ME227', 'CONTRA TUERCA PARA CONDUIT', 1, 1, 135, 'ANAQUEL F-6', '', 227),
('ME228', 'TUERCA PARA CONDUIT', 1, 1, 285, 'ANAQUEL F-6', '', 228),
('ME229', 'CONTRA MONITOR 3/4\"', 1, 1, 20, 'ANAQUEL F-6', '', 229),
('ME23', 'FUSIBLE DE 30 AMP.', 1, 1, 1510, 'ANAQUEL F-7', '', 23),
('ME230', 'VARILLA DE COBRE PARA TIERRA COOPER WELL 5 MTS', 1, 1, 0, '', '', 230),
('ME231', 'TUBO DE COBRE RIGIDO 3 MTS', 1, 1, 0, '', '', 231),
('ME232', 'TUBO DE COBRE RIGIDO 1/8\" DE 5 MTS', 1, 1, 0, '', '', 232),
('ME233', 'MANGUERA CONDUIT 1 1/2\"', 1, 2, 0, '', '', 233),
('ME234', 'REGULADOR DE VOLTAJE 12 VOLTS', 1, 1, 0, 'ANAQUEL F-6', '', 234),
('ME235', 'TRANSFORMADOR ELECTRICO DE BAJO VOLT', 1, 1, 0, '', '', 235),
('ME236', 'SOCKET CON BASE PARA SPOT', 1, 1, 3, 'ANAQUEL F-6', '', 236),
('ME237', 'TAPA OVALADA PARA CAJA CONDUIT CHICA', 1, 1, 35, 'ANAQUEL F-7', '', 237),
('ME238', 'TAPA OVALADA PARA CAJA CONDUIT GRANDE', 1, 1, 12, 'ANAQUEL F-7', '', 238),
('ME239', 'CONECTOR PARA TUBO CONDUIT 1\"', 1, 1, 50, 'ANAQUEL F-7', '', 239),
('ME24', 'LISTON FUSIBLE DE 30 WATTS', 1, 1, 800, 'ANAQUEL F-7', '', 24),
('ME240', 'ADAPTADOR PARA TUBO CONDUIT 1\"', 1, 1, 43, 'ANAQUEL F-7', '', 240),
('ME241', 'CONECTOR CON EMPAQUE DE 1/2\"', 1, 1, 20, 'ANAQUEL F-7', '', 241),
('ME242', 'LISTON FUSIBLE 60 AMPS', 1, 1, 200, 'ANAQUEL F-7', '4 CAJAS DE 50 PZAS. C/U', 242),
('ME243', 'TAPA PARA CAJA CONDUIT', 1, 1, 10, 'ANAQUEL F-7', '', 243),
('ME244', 'TAPA DOBLE PARA CAJA CONDUIT', 1, 1, 40, 'ANAQUEL F-7', '', 244),
('ME245', 'CAJA CUADRADA DE 1\"', 1, 1, 2, 'ANAQUEL F-7', '', 245),
('ME246', 'CAJA CUADRADA', 1, 1, 20, 'ANAQUEL F-7', '', 246),
('ME247', 'CODO CONDUIT 2 1/4\" X 90', 1, 1, 2, 'ANAQUEL F-7', '', 247),
('ME248', 'CODO CONDUIT 2 3/4\" X 90', 1, 1, 2, 'ANAQUEL F-7', '', 248),
('ME249', 'CHALUPA  METALICA', 1, 1, 2, 'ANAQUEL F-7', '', 249),
('ME25', 'CONTACTOS DUPLEX POLARIZADOS', 1, 1, 7, '', '', 25),
('ME250', 'CONDULET CRR', 1, 1, 1, 'ANAQUEL F-7', '', 250),
('ME251', 'CONDULET FP075', 1, 1, 2, 'ANAQUEL F-7', '', 251),
('ME252', 'CONDULET CT-012', 1, 1, 1, 'ANAQUEL F-7', '', 252),
('ME253', 'CONDULET FD-19', 1, 1, 6, 'ANAQUEL F-7', '', 253),
('ME254', 'CONDULET FST1M 12.7 MM', 1, 1, 1, 'ANAQUEL F-7', '', 254),
('ME255', 'CONDULET FDC 13 MM 1/2\"', 1, 1, 1, 'ANAQUEL F-7', '', 255),
('ME256', 'CONDULET CPCD-12 1/2\"', 1, 1, 0, '', '', 256),
('ME257', 'CONDULET CL-075 1\"', 1, 1, 3, 'ANAQUEL F-7', '', 257),
('ME258', 'CONDULET CL1-075 3/4\"', 1, 1, 4, 'ANAQUEL F-7', '', 258),
('ME259', 'CONDULET CLO12 3/4\"', 1, 1, 4, 'ANAQUEL F-7', '', 259),
('ME26', 'TAPAS DE DOBLE VENTANA', 1, 1, 240, 'ANAQUEL F-7', '', 26),
('ME260', 'CONDULET CT 075 T075 3/4\"', 1, 1, 9, 'ANAQUEL F-7', '', 260),
('ME261', 'CONDULET FTM 13 MM', 1, 1, 4, 'ANAQUEL F-7', '', 261),
('ME262', 'CONDULET CCT-012 1/2\"', 1, 1, 5, 'ANAQUEL F-7', '', 262),
('ME263', 'BALASTRO DE 400 WATTS PARA VAPOR DE SODIO', 1, 1, 0, 'ANAQUEL F-11', '', 263);
INSERT INTO `articulos` (`codigo`, `nombre_articulo`, `tipo`, `unidad`, `cantidad`, `ubicacion`, `observaciones`, `numero_articulo`) VALUES
('ME264', 'BALASTRO DE 250 WATTS PARA VAPOR DE SODO', 1, 1, 0, '', '', 264),
('ME265', 'TRANSFORMADOR DE 24 VOLTS 5 AMP', 1, 1, 1, 'ANAQUEL F-6', '', 265),
('ME266', 'LAMPARAS 2 X 36 WATTS', 1, 3, 0, '', '', 266),
('ME267', 'MANGUERA NARANJA DE 1/2\"', 1, 2, 10, 'ANAQUEL  F-2', '', 267),
('ME268', 'TUBO FLEXIBLE CONDUIT', 1, 2, 0, '', '', 268),
('ME269', 'REPUESTO PARA LAMPARA CIRCULAR 22 WATTS', 1, 1, 0, '', '', 269),
('ME27', 'TAPAS DE UNA VENTANA', 1, 1, 2230, 'ANAQUEL F-7', '', 27),
('ME270', 'CABLE CON FORRO DE ASBESTO 1 X 10', 1, 2, 45, 'ANAQUEL F-12', '', 270),
('ME271', 'CABLE PARA USO RUDO No 14', 1, 2, 0, '', '', 271),
('ME272', 'CABLE CON FORRO DE CORDON', 1, 2, 0, '', '', 272),
('ME273', 'CABLE DE USO RUDO 2 X 12', 1, 2, 300, 'ANAQUEL F-9', '4 ROLLOS DE 100 MTS C/U', 273),
('ME274', 'CABLE THW No 2', 1, 2, 0, '', '', 274),
('ME275', 'INTERRUPTOR DE SEGURIDAD', 1, 1, 2, 'ANAQUEL F-7', 'MALAS CONDICIONES', 275),
('ME276', 'CENTRO DE CARGA', 1, 1, 0, '', '', 276),
('ME277', 'EXTENSION USO RUDO DE 30 MTS CALIBRE 16', 1, 1, 1, 'ANAQUEL F-15', '', 277),
('ME278', 'EXTENSION USO RUDO DE 25 MTS CALIBRE 16', 1, 1, 1, 'ANAQUEL F-15', '', 278),
('ME28', 'APGADOR SENCILLO', 1, 1, 1240, 'ANAQUEL F-7', '', 28),
('ME29', 'ACRILICO PARA LAMPARA DE 21 WATTS', 1, 1, 1700, 'ALAMACEN', '', 29),
('ME3', 'LAMPARA LED CON BASE Y CUBIERTA DE ACRILICO', 1, 1, 8, 'ANAQUEL 12 Y 13', '', 3),
('ME30', 'ACRILICO PARA LAMPARA DE 39 WATTS', 1, 1, 0, 'ALAMACEN', '', 30),
('ME31', 'ACRILICO PARA LAMPARA DE 75 WATTS', 1, 1, 220, 'ALAMACEN', '', 31),
('ME32', 'SOQUET DE BAQUELITA', 1, 1, 30, 'ANAQUEL F-7', '', 32),
('ME33', 'BASE PARA LAMPARA SLIME', 1, 3, 1550, '', '', 33),
('ME34', 'INTERRUPTOR TERMOMAGNETICO DE 20 AMP.', 1, 1, 748, 'ANAQUEL 12', '', 34),
('ME35', 'CHALUPA DE PLASTICO', 1, 1, 9, 'ANAQUEL F-7', '', 35),
('ME36', 'CANALETA DE 3/4  DE 2 VIAS', 1, 2, 50, 'ANAQUEL F-7', '', 36),
('ME37', 'TAQUETE DE MADERA', 1, 1, 0, '', '', 37),
('ME38', 'TAQUETE PLASTICO 1/2\"', 1, 1, 0, '', '', 38),
('ME39', 'TAQUETES DE EXPANSION', 1, 1, 0, '', '', 39),
('ME4', 'LAMPARA FLUORESCENTE DE 60 WATTS', 1, 1, 1, 'ANAQUEL 12 Y 14', '', 4),
('ME40', 'TAQUETE PLASTICO GRIS 1\"', 1, 1, 0, '', '', 40),
('ME41', 'TAQUETE PLASTICO GRIS DE 1/4\"', 1, 1, 10000, 'ANAQUEL F-4', '', 41),
('ME42', 'TAQUETE PLASTICO DE 1\"', 1, 1, 0, '', '', 42),
('ME43', 'REGULADOR PARA PC', 1, 1, 1, 'ANAQUEL F-6', 'NO FUNCIONA', 43),
('ME44', 'SOCKET LADRON CON CADENA', 1, 1, 460, 'ANAQUEL F-6', '', 44),
('ME45', 'REFLECTORES 1000 WATTS', 1, 1, 1, 'ANAQUEL F-6', '', 45),
('ME46', 'PORTA LAMPARA  EWDONDO 4.5\" DE  PORCELANA ', 1, 1, 40, 'ANAQUEL F-6', '', 46),
('ME47', 'BASE PARA MEDIDOR', 1, 1, 0, 'ANAQUEL F-6', '', 47),
('ME48', 'TRANSFORMADOR ELECTRICO PARA HALOGENO', 1, 1, 5, 'ANAQUEL F-6', '', 48),
('ME49', 'REGULADOR DE VOLTAJE PARA LAMPARA 7 o 9 WATS', 1, 1, 0, '', '', 49),
('ME5', 'TUBO LED T-8 VIDRIO18 WATTS 28001', 1, 1, 2, '', 'CON SOQUET Y GRAPA', 5),
('ME50', 'TUBO ZAPA 1 1/4\"', 1, 2, 1, 'ANAQUEL F-6', '', 50),
('ME51', 'COPLE GALVANIZADO 1 1/4\"', 1, 1, 0, '', '', 51),
('ME52', 'COPLE PARED DELGADA', 1, 1, 80, 'ANAQUEL F-6', '', 52),
('ME53', 'COPLE PARED GRUESA ', 1, 1, 15, 'ANAQUEL F-6', '', 53),
('ME54', 'COPLE PARED GRUESA 3/4\"', 1, 1, 24, 'ANAQUEL F-6', '', 54),
('ME55', 'CONECTOR PARED DELGADA 1 1/4 ', 1, 1, 5, 'ANAQUEL F-6', '', 55),
('ME56', 'PASTILLA TERMOMAGNETICA 3X60 TRIFASICA 60A', 1, 1, 0, '', '', 56),
('ME57', 'PASTILLA TERMOMAGNETICA 3X40 TRIFASICA 40A', 1, 1, 0, '', '', 57),
('ME58', 'PASTILLA TERMOMAGNETICA MONOFASICA 50A', 1, 1, 0, '', '', 58),
('ME59', 'PASTILLA TERMOMAGNETICA TRIFASICA 100A', 1, 1, 0, '', '', 59),
('ME6', 'FOCOS ESPIRAL 23 WATTS VOLTEK', 1, 1, 1, '', '', 6),
('ME60', 'PASTILLA TERMOMAGNETICA MONOFASICA 40A', 1, 1, 0, '', '', 60),
('ME61', 'CAJA DE REGISTRO 5\"', 1, 1, 0, '', '', 61),
('ME62', 'TAPAS REDONDAS PARA CAJA DE REG', 1, 1, 10, 'ANAQUEL F-6', '', 62),
('ME63', 'LAMPARAS INCANDESCENTES DE 10 W', 1, 1, 0, '', '', 63),
('ME64', 'FOCO 25 WATTS PARA REFRIGERADOR O MICROONDAS', 1, 1, 0, '', '', 64),
('ME65', 'FOCO DECORATIVO 10 WATTS', 1, 1, 0, '', '', 65),
('ME66', 'FOCO PARA LAMPARA PARA 2 ELEMENTOS', 1, 1, 0, '', '', 66),
('ME67', 'LINTERNAS RECARGABLES', 1, 1, 5, 'ALMACEN', '', 67),
('ME68', 'PILAS HIGH ENERGY ', 1, 1, 2, '', '', 68),
('ME69', 'CONTRA DE MONITOR DE 3/4\"', 1, 1, 20, 'ANAQUEL F-6', '', 69),
('ME7', 'CINTA DE AISLAR DE 18 METROS', 1, 1, 51, 'ANAQUEL F-6', 'NUEVAS', 7),
('ME70', 'RESISTENCIA VARIOS VOLTAJES', 1, 1, 37, 'ANAQUEL F-3', '', 70),
('ME71', 'LLAVE DE BOTON PARA ENFRIADOR', 1, 1, 32, 'ANAQUEL F-3', '', 71),
('ME72', 'APAGADOR PARA REFRIGERADOR', 1, 1, 18, 'ANAQUEL F-3', '', 72),
('ME73', 'ACCESORIOS PARA COMPRESOR', 1, 1, 310, 'ANAQUEL F-3', '', 73),
('ME74', 'REGATONES VARIOS TAMA?OS', 1, 1, 50, 'ANAQUEL F-3', '', 74),
('ME75', 'JUEGO PARA COMPRESOR', 1, 1, 0, '', '', 75),
('ME76', 'CAPACITORES VARIAS MEDIDAS', 1, 1, 180, 'ANAQUEL F-3', '', 76),
('ME77', 'PROTECTORES TERMICOS', 1, 1, 60, 'ANAQUEL F-3', '', 77),
('ME78', 'PISTONES PARA COMPRESOR 1/4\"', 1, 1, 9, 'ANAQUEL F-3', '', 78),
('ME79', 'CENTRIFUGAS PARA BOMBA ', 1, 1, 7, 'ANAQUEL F-3', '', 79),
('ME8', 'CINTA DE AISLAR DE 9 METROS', 1, 1, 8, '', '', 8),
('ME80', 'RELAY PARA COMPRESOR', 1, 1, 5, 'ANAQUEL F-5', '', 80),
('ME81', 'PURIFICADOR DE AGUA', 1, 1, 1, 'ANAQUEL F1', '', 81),
('ME82', 'GUIAS PARA REFRIGERADOR', 1, 1, 25, 'ANAQIUEL F-2', '', 82),
('ME83', 'REELEVADOR TIPO AMERICANO', 1, 1, 45, 'ANAQUEL F-2', '', 83),
('ME84', 'FOCO DE HALOGENO', 1, 1, 5, 'ANAQUEL F-6', '', 84),
('ME85', 'LAMPARA PARA PROYECTOR', 1, 1, 4, 'ANAQUEL F-6', '', 85),
('ME86', 'LAMPARA ESSENTIL 20 W', 1, 1, 0, '', '', 86),
('ME87', 'FOCO REFLECTOR DE 75 W', 1, 1, 0, '', '', 87),
('ME88', 'ADAPTADOR C/ LAMPARA', 1, 1, 0, '', '', 88),
('ME89', 'LAMPARA DE SODIO', 1, 1, 0, '', '', 89),
('ME9', 'CABLE POT NO. 12', 1, 2, 8, '', '', 9),
('ME90', 'LAMPARA DE 150 W', 1, 1, 0, '', '', 90),
('ME91', 'LAMPARA DE VAPOR 40 W', 1, 1, 0, '', '', 91),
('ME92', 'FOCO REFLECTOR DE 75 W', 1, 1, 0, '', '', 92),
('ME93', 'LAMPARA DE ROSCA 22 W', 1, 1, 0, '', '', 93),
('ME94', 'FOCO DE 150 W', 1, 1, 0, '', '', 94),
('ME95', 'INTERRUPTOR DE NAVAJAS', 1, 1, 0, 'ANAQUEL F-7', '', 95),
('ME96', 'TAPA P/CAJA CUADRADA', 1, 1, 40, 'ANAQUEL F-7', '', 96),
('ME97', 'CAJA CUADRADA', 1, 1, 10, 'ANAQUEL F-7', '', 97),
('ME98', 'CODO CONDUIT', 1, 1, 36, 'ANAQUEL F-7', '', 98),
('ME99', 'TAPA P/REGISTRO', 1, 1, 50, 'ANAQUEL F-7', '', 99),
('ML1', 'ATOMIZADOR 500 ML.', 5, 1, 4, '', '', 1),
('ML10', 'DETERGENTE UTIL EN POLVO', 5, 4, 30, '', '', 10),
('ML11', 'ESCOBA TIPO ABANICO', 5, 1, 15, '', '', 11),
('ML12', 'ESCOBA TIPO CEPILLO DURO', 5, 1, 8, '', '', 12),
('ML13', 'ESCOBELLON WC', 5, 1, 10, '', '', 13),
('ML14', 'FIBRA NEGRA MODELO P-26 3M', 5, 1, 12, '', '', 14),
('ML15', 'FIBRA VERDE MODELO P-96 3M', 5, 1, 12, '', '', 15),
('ML16', 'FRANELA DE COLOR BLANCO', 5, 2, 15, '', '', 16),
('ML17', 'FRANELA DE COLOR GRIS', 5, 2, 15, '', '', 17),
('ML18', 'FRANELA DE COLOR ROJO', 5, 2, 15, '', '', 18),
('ML19', 'GUANTE DE LATEX COLOR AMARILLO # 8', 5, 11, 10, '', '', 19),
('ML2', 'BOLSA DE POLIETILENO CHICA  NEGRA 50 X 70 CM.', 5, 4, 60, '', '', 2),
('ML20', 'GUANTE DE LATEX COLOR AMARILLO # 9', 5, 11, 12, '', '', 20),
('ML21', 'GUANTE DE LATEX COLOR AZUL # 8', 5, 11, 10, '', '', 21),
('ML22', 'GUANTE DE LATEX COLOR AZUL # 9', 5, 11, 12, '', '', 22),
('ML23', 'GUANTE LATEX COLOR ROJO # 8', 5, 11, 10, '', '', 23),
('ML24', 'GUANTE LATEX COLOR ROJO # 9', 5, 11, 12, '', '', 24),
('ML25', 'ROLLO DE P?PEL HIGIENCIO 2 HOJAS 200 MTS. C/ 6 ROLLOS', 5, 6, 50, '', '', 25),
('ML26', 'JALADOR P / PISOS ROJO 40  CM.', 5, 1, 2, '', '', 26),
('ML27', 'JALADOR P / VIDRIOS 40 CM.', 5, 1, 2, '', '', 27),
('ML28', 'JERGA', 5, 2, 18, '', '', 28),
('ML29', 'MECHUDO BOLA 500 GRS.', 5, 1, 16, '', '', 29),
('ML3', 'BOLSA DE POLIETILENO MEDIANA  NEGRA 60 X 90 CM.', 5, 4, 42, '', '', 3),
('ML30', 'MULTIUSOS MULTIMASTER', 5, 9, 30, '', '', 30),
('ML31', 'PINO DETERGENTE LIQUIDO', 5, 9, 25, '', '', 31),
('ML32', 'RECOGEDOR PLASTICO', 5, 1, 4, '', '', 32),
('ML33', 'SHAMPOO PARA MANOS', 5, 9, 150, '', '', 33),
('ML34', 'TOALLA INTERDOBLADA SANITAS BLANCO', 5, 6, 25, '', '', 34),
('ML4', 'BOLSA DE POLIETILENO GRANDE  NEGRA 90 X 120 CM.', 5, 4, 54, '', '', 4),
('ML5', 'BOMBA WC', 5, 1, 5, '', '', 5),
('ML6', 'CLORO LIQUIDO CONCENTRADO AL 6 %', 5, 9, 60, '', '', 6),
('ML7', 'CUBETA PLASTICO NO. 12', 5, 1, 2, '', '', 7),
('ML8', 'CU?A DE ACERO', 5, 1, 1, '', '', 8),
('ML9', 'DESODORANTE PASTILLA MEDIANA / WC', 5, 1, 90, '', '', 9),
('MP1', 'PAQUETE DE 500 HOJAS BLANCAS T / OFICIO', 6, 1, 8, '', '', 1),
('MP10', 'CHAROLA DE PLASTICO AHUMADO PAPELERA APILABLE', 6, 1, 2, '', '', 10),
('MP11', 'FOLDER TAMA?O CARTA C / BROCHE BACO', 6, 1, 30, '', '', 11),
('MP12', 'CLIP MARIPOSA No. 1 CAJA CON 12 PIEZAS C/U', 6, 6, 78, '', '', 12),
('MP13', 'CLIP MARIPOSA No. 2 CAJA CON 50 PIEZAS  C/U', 6, 6, 76, '', '', 13),
('MP14', 'FOLDER COLOR PAJA TAMA?O OFICO PQTE. CON 100 PIEZAS', 6, 1, 15, '', '', 14),
('MP15', 'FOLDER AZUL CIELO TAMA?O CARTA', 6, 1, 100, '', '', 15),
('MP16', 'CINTA MASKING TAPE SURTEK DE 1/2 X 50 MTS.', 6, 1, 20, '', '', 16),
('MP17', 'CARTUCHO TONER LEXMARK 12013SL', 6, 1, 2, '', '', 17),
('MP18', 'CARTUCHO TONER HP Q7553A', 6, 1, 2, '', '', 18),
('MP19', 'CARTUCHO TONER HP Q7553X', 6, 1, 2, '', '', 19),
('MP2', 'PAPEL PARA FAX CAJA CON 6 ROLLOS', 6, 6, 6, '', '', 2),
('MP20', 'CARTUCHO TONER HP C7115A', 6, 1, 4, '', '', 20),
('MP21', 'CARTUCHO TONER HP C4092A', 6, 1, 3, '', '', 21),
('MP22', 'CARTUCHO TONER HP Q5949X', 6, 1, 1, '', '', 22),
('MP3', 'RECOPILADOR DE PLASTICO BLANCO DE 3 ARGOLLAS GRANDES', 6, 1, 14, '', '', 3),
('MP4', 'RECOPILADOR DE PLASTICO BLANCO DE 3 ARGOLLAS CHICAS', 6, 1, 10, '', '', 4),
('MP5', 'RECOPILADOR TAMA?O CARTA', 6, 1, 51, '', '', 5),
('MP6', 'RECOPILADOR TAMA?O OFICIO', 6, 1, 39, '', '', 6),
('MP7', 'FOLDER AZUL TAMA?O CARTA C / BROCHE DE PALANCA', 6, 1, 40, '', '', 7),
('MP8', 'FOLDER CON MEDIA CEJA T / CARTA AZUL MARINO', 6, 1, 50, '', '', 8),
('MP9', 'FOLDER CON MEDIA CEJA T / CARTA COLOR ROJO', 6, 1, 49, '', '', 9),
('P1', 'MANGUERA DE ALIMENTACION PARA LAVABO', 2, 1, 0, '', '', 1),
('P10', 'PALANCAS PARA TANQUE PARA WC', 2, 1, 275, 'ANAQUEL F-4', '', 10),
('P100', 'ADAPTADOR PLASTICO 1/2\"', 2, 1, 0, '', '', 100),
('P101', 'ADAPTADOR PLASTICO 3/4\"', 2, 1, 0, '', '', 101),
('P102', 'ADAPTADOR DE BRONCE', 2, 1, 0, '', '', 102),
('P103', 'TEE DE PLASTICO 1/2\"', 2, 1, 0, '', '', 103),
('P104', 'TEE DE PLASTICO 3/4\"', 2, 1, 0, '', '', 104),
('P105', 'CODO PLASTICO NEGRO', 2, 1, 0, '', '', 105),
('P106', 'CODO DE 1/2\" INSERCION DE PLASTICO', 2, 1, 0, '', '', 106),
('P107', 'COPLE 1/2\" DE PLASTICO', 2, 1, 0, '', '', 107),
('P108', 'COPLE 3/4\" DE PLASTICO', 2, 1, 0, '', '', 108),
('P109', 'JUEGO DE MANERALES', 2, 3, 0, '', '', 109),
('P11', 'FLOTADOR PARA WC CON VARILLA', 2, 1, 350, 'ANAQUEL F-3', '', 11),
('P110', 'TAPON PVC 2\"', 2, 1, 0, '', '', 110),
('P111', 'TAPON PVC 4\"', 2, 1, 0, '', '', 111),
('P112', 'CONTRA PARA LAVABO ACERO INOXIDABLE', 2, 1, 55, 'ANAQUEL F-4', '', 112),
('P113', 'CONTRA PARA FREGADERO ACERO INOXIDDABLE', 2, 1, 13, 'ANAQUEL F-4', '', 113),
('P114', 'CESPOL DE PLOMO PARA LAVABO', 2, 1, 0, '', '', 114),
('P115', 'TUBO DE COBRE FLEXIBLE', 2, 2, 0, '', '', 115),
('P116', 'TUBO FLEXIBLE COBRE 1/4\"', 2, 2, 12, 'ANAQUEL F-4', '', 116),
('P117', 'TUBO FLEXIBLE COBRE 1/8\"', 2, 2, 10, 'ANAQUEL F-4', '', 117),
('P118', 'TUBO FLEXIBLE COBRE 5/16\"', 2, 2, 18, 'ANAQUEL F-4', '', 118),
('P119', 'TUBO FLEXIBLE COBRE 1/2\"', 2, 2, 0, '', '', 119),
('P12', 'TORNILO DE ACOPLAR', 2, 3, 218, 'ANAQUEL F-4', '', 12),
('P120', 'TUBO FLEXIBLE COBRE 3/8\"', 2, 2, 2040, 'ALAMACEN', '', 120),
('P121', 'COMPRESORES PARA REFRIGERACION', 2, 1, 0, 'ANAQUEL F-4', '', 121),
('P122', 'EMPAQUE PLASTICO', 2, 1, 3, 'ANAQUEL F-4', '', 122),
('P123', 'SELLA ROSCA', 2, 1, 3, 'ANAQUEL F-4', '', 123),
('P124', 'TAPA PARA TANQUE DE WC', 2, 1, 1, 'ANAQUEL F-4', '', 124),
('P125', 'LIJA FINA 1 1/2\"', 2, 6, 0, '', '', 125),
('P126', 'LIJA D081 80', 2, 7, 150, 'ANAQUEL F-10', '', 126),
('P127', 'LIJA D081 50', 2, 7, 0, '', '', 127),
('P128', 'LIJA D081 60', 2, 7, 0, '', '', 128),
('P129', 'LIJA D081 120', 2, 7, 100, 'ANAQUEL F-10', '', 129),
('P13', 'CUELLO DE CERA FOSET', 2, 1, 28, 'ANAQUEL F-4', '', 13),
('P130', 'LIJA C-081 100', 2, 7, 0, '', '', 130),
('P131', 'LIJA K-61 100', 2, 7, 0, '', '', 131),
('P132', 'LIJA K-61 150', 2, 7, 0, '', '', 132),
('P133', 'LIJA K-61 MEDIANA', 2, 7, 0, '', '', 133),
('P134', 'LIJA FJ-86 80', 2, 7, 0, '', '', 134),
('P135', 'CODO DE COBRE 3/4\" X 90', 2, 1, 0, '', '', 135),
('P136', 'CODO DE COBRE 3/4\" X 45', 2, 1, 23, 'ANAQUEL F-5', '', 136),
('P137', 'CODO DE COBRE DE 1/2\" X 45', 2, 1, 0, '', '', 137),
('P138', 'CODO DE COBRE DE 3/8\" X 90', 2, 1, 10, 'ANAQUEL F-4', '', 138),
('P139', 'CODO REDUCTOR DE COBRE DE 1/2\" A 3/8\"', 2, 1, 5, 'ANAQUEL F-4', '', 139),
('P14', 'VALVULA DE LLENADO', 2, 1, 0, 'ANAQUEL F-4', '', 14),
('P140', 'TEE DE COBRE 3/4\"', 2, 1, 2, 'ANAQUEL F-4', '', 140),
('P141', 'TEE REDUCTORA 3/4\" A 1/2\" A 3/4\"', 2, 1, 7, 'ANAQUEL F-4', '', 141),
('P142', 'TEE DE COBRE DE 1/2\"', 2, 1, 17, 'ANAQUEL F-4', '', 142),
('P143', 'TEE REDUCTORA DE 1 1/2\" A 3/4\"', 2, 1, 1, 'ANAQUEL F-4', '', 143),
('P144', 'TEE REDUCTORA DE 1 1/2\" A 1/4\"', 2, 1, 1, 'ANAQUEL F-4', '', 144),
('P145', 'TEE REDUCTORA DE 1 1/2\" A 1/2\"', 2, 1, 1, 'ANAQUEL F-4', '', 145),
('P146', 'TEE REDUCTORA DE 1/4\" X 1\" X 1/4\"', 2, 1, 0, '', '', 146),
('P147', 'TEE DE COBRE DE 1 1/2\"', 2, 1, 1, 'ANAQUEL F-4', '', 147),
('P148', 'TEE DE COBRE DE 1 1/4\"', 2, 1, 1, 'ANAQUEL F-4', '', 148),
('P149', 'PIJA PARA WC', 2, 1, 3, 'ANAQUEL F-4', '', 149),
('P15', 'VALVULA ANGULAR ROSCABLE CROMO 1/2\" X 1/2\"', 2, 1, 0, 'ANAQUEL F-4', 'RUGO', 15),
('P150', 'LLAVE DE NARIZ CROMADA DE 1/2\"', 2, 1, 0, 'ANAQUEL F-4', '', 150),
('P151', 'LLAVE DE NARIZ PARA JARDIN', 2, 1, 2, '', '', 151),
('P152', 'LLAVE PARA MINGITORIO CROMADA 1/2\"', 2, 1, 0, '', '', 152),
('P153', 'CODO DE COBRE 1 1/2\" X 45?', 2, 1, 0, '', '', 153),
('P154', 'CODO DE COBRE DE 2\" X 45?', 2, 1, 1, 'ANAQUEL F-5', '', 154),
('P155', 'CODO DE COBRE DE 1 1/2\" X 90 ', 2, 1, 0, '', '', 155),
('P156', 'CODO DE COBRE DE 1 1/4\" X 90', 2, 1, 0, '', '', 156),
('P157', 'CODO DE COBRE DE 1 1/4\" X 45', 2, 1, 0, '', '', 157),
('P158', 'CODO DE COBRE DE 1\" X 45', 2, 1, 1, 'ANAQUEL F-5', '', 158),
('P159', 'EMPAQUE CONICO PARA TUBO ALIMENTADOR DE LAVABO', 2, 1, 466, 'ANAQUEL F-5', '', 159),
('P16', 'REDUCCION BUSHING DE COBRE 1\" A 1/2\"', 2, 1, 10, 'ANAQUEL F-4', '', 16),
('P160', 'EMPAQUE PLANO DE 1/2\" PERFORADO', 2, 1, 170, 'ANAQUEL F-5', '', 160),
('P161', 'EMPAQUE PLANO DE 1/2\" SIN PERFORACION', 2, 1, 45, 'ANAQUEL F-5', '', 161),
('P162', 'TAPONES PARA LAVABO', 2, 1, 3, 'ANAQUEL F-5', '', 162),
('P163', 'REGATONES DE 3/4\"', 2, 1, 21, 'ANAQUEL F-5', '', 163),
('P164', 'EMPAQUE CONICO DE 1/2\"', 2, 1, 230, 'ANAQUEL F-5', '', 164),
('P165', 'EMPAQUE DE HULE REDONDO DE 2\"', 2, 1, 11, 'ANAQUEL F-5', '', 165),
('P166', 'EMPAQUE DE HULE REDONDO DE 1 1/2\"', 2, 1, 0, '', '', 166),
('P167', 'EMPAQUE DE HULE REDONDO DE 4\"', 2, 1, 0, '', '', 167),
('P168', 'TUERCA UNIVERSAL DE COBRE 3/4\"', 2, 1, 0, '', '', 168),
('P169', 'VALVULA DE ALIVIO PARA CALENTADOR DE AGUA', 2, 1, 7, 'ANAQUEL F-5', '', 169),
('P17', 'REDUCCION BUSHING DE COBRE 1\" A 3/4\"', 2, 1, 0, '', '', 17),
('P170', 'PILOTO GRANDE PARA CALENTADOR', 2, 1, 4, 'ANAQUEL F-5', '', 170),
('P171', 'VALVULA DE PASO PARA GAS 1/2\"', 2, 1, 9, 'ANAQUEL F-5', '', 171),
('P172', 'LLAVE DE PASO DE 5/16\"', 2, 1, 15, 'ANAQUEL F-5', '', 172),
('P173', 'VALVULA DE PASO DE 3/8\"', 2, 1, 3, 'ANAQUEL F-5', '', 173),
('P174', 'REGULADOR DE PRESION', 2, 1, 2, 'ANAQUEL F-5', '', 174),
('P175', 'QUEMADOR PARA CALENTADOR DE AGUA', 2, 1, 3, 'ANAQUEL F-5', '', 175),
('P176', 'PILOTO PARA CALENTADOR CHICO', 2, 1, 21, 'ANAQUEL F-5', '', 176),
('P177', 'PORTA PILOTO PARA CALENTADOR', 2, 1, 11, 'ANAQUEL F-5', '', 177),
('P178', 'PICTEL PARA GAS ', 2, 1, 28, 'ANAQUEL F-5', '', 178),
('P179', 'TERMOCOPLE PARA GAS', 2, 1, 0, '', '', 179),
('P18', 'REDUCCION BUSHING DE BRONCE DE 1/2\" A 1/4\" ROSCA', 2, 1, 0, '', '', 18),
('P180', 'TAPON CAPA DE COBRE 1/2\"', 2, 1, 14, 'ANAQUEL F-14', '', 180),
('P181', 'TAPON CAPA DE COBRE DE 3/4\"', 2, 1, 20, 'ANAQUEL F-14', '', 181),
('P182', 'TAPON DE BRONCE DE 3/4\"', 2, 1, 22, 'ANAQUEL F-14', '', 182),
('P183', 'TAPON CAPA DE COBRE DE 1\"', 2, 1, 0, '', '', 183),
('P184', 'TAPON CAPA DE COBRE DE 1 1/4\"', 2, 1, 0, '', '', 184),
('P185', 'TAPON HEMBRA 3/4\"', 2, 1, 22, 'ANAQUEL F-14', '', 185),
('P186', 'TAPON MACHO 1\"', 2, 1, 14, 'ANAQUEL F-14', '', 186),
('P187', 'TAPON MACHO DE 1/2\"', 2, 1, 20, 'ANAQUEL F-14', '', 187),
('P188', 'TAPON MACHO DE 1 1/2\"', 2, 1, 13, 'ANAQUEL F-14', '', 188),
('P189', 'TAPON MACHO DE 1 3/4\"', 2, 1, 5, 'ANAQUEL F-14', '', 189),
('P19', 'REDUCCION BUSHING DE COBRE DE 3/4\" A 1/2\"', 2, 1, 18, 'ANAQUEL F-4', '', 19),
('P190', 'TEE GALVANIZADO DE 1 3/4\"', 2, 1, 0, '', '', 190),
('P191', 'TEE GALVANIZADO DE 1 1/4\"', 2, 1, 0, '', '', 191),
('P192', 'TEE GALVANIZADO 1\"', 2, 1, 9, 'ANAQUEL F-14', '', 192),
('P193', 'TEE GALVANIZADO DE 1 1/2\"', 2, 1, 3, 'ANAQUEL F-14', '', 193),
('P194', 'TAPON MACHO 2 1/4\"', 2, 1, 0, '', '', 194),
('P195', 'TAPON HEMBRA DE 1\"', 2, 1, 0, '', '', 195),
('P196', 'REDUCCION BUSHING 1\"-3/4\"', 2, 1, 2, 'ANAQUEL F-14', '', 196),
('P197', 'REDUCCION BUSHING 1 1/4\" A 3/4\"', 2, 1, 0, '', '', 197),
('P198', 'TUERCA UNION 1 1/2\"', 2, 1, 0, '', '', 198),
('P199', 'TUERCA UNION 1 1/4\"', 2, 1, 0, '', '', 199),
('P2', 'MANGUERA DE ALIMENTACION PARA WC', 2, 1, 0, 'ANAQUEL F-4', '', 2),
('P20', 'COPLE DE COBRE DE 3/8\"', 2, 1, 16, 'ANAQUEL F-4', '', 20),
('P200', 'TUERCA UNION 1\"', 2, 1, 0, '', '', 200),
('P201', 'TUERCA UNION 3/4\"', 2, 1, 1, 'ANAQUEL F-14', '', 201),
('P202', 'TUERCA UNION 1 3/4\"', 2, 1, 0, '', '', 202),
('P203', 'CODO 90 1 1/2\"', 2, 1, 16, 'ANAQUEL F-14', '', 203),
('P204', 'CODO 90 1 3/4\"', 2, 1, 5, 'ANAQUEL F-14', '', 204),
('P205', 'CODO 90 1 1/4\"', 2, 1, 3, 'ANAQUEL F-14', '', 205),
('P206', 'CODO 90 1\"', 2, 1, 12, 'ANAQUEL F-14', '', 206),
('P207', 'CODO 90 3/4\"', 2, 1, 0, '', '', 207),
('P208', 'CODO 45 1 1/4\"', 2, 1, 0, '', '', 208),
('P209', 'CODO 45 1\"', 2, 1, 7, 'ANAQUEL F-14', '', 209),
('P21', 'COPLE DE COBRE DE 1/2\"', 2, 1, 8, 'ANAQUEL F-4', '', 21),
('P210', 'CODO 45 3/4\"', 2, 1, 4, 'ANAQUEL F-14', '', 210),
('P211', 'COPLE 2\"', 2, 1, 0, '', '', 211),
('P212', 'COPLE 1 1/2\"', 2, 1, 0, 'ANAQUEL F-14', '', 212),
('P213', 'COPLE 1\"', 2, 1, 5, 'ANAQUEL F-14', '', 213),
('P214', 'COPLE 3/4\"  ', 2, 1, 10, 'ANAQUEL F-14', '', 214),
('P215', 'COPLE 1 1/4\"', 2, 1, 0, '', '', 215),
('P216', 'YEE 1 1/4\"', 2, 1, 5, 'ANAQUEL F-14', '', 216),
('P217', 'YEE 1\"', 2, 1, 5, 'ANAQUEL F-14', '', 217),
('P218', 'REDUCCION BUSHING 3/4\" A 1/4\"', 2, 1, 0, '', '', 218),
('P219', 'TEE 3/4\"', 2, 1, 9, 'ANAQUEL F-14', '', 219),
('P22', 'NIPLE DE 1/2\" X 3\"', 2, 1, 0, '', '', 22),
('P220', 'TAPON MACHO DE 1 1/4\"', 2, 1, 7, 'ANAQUEL F-14', '', 220),
('P221', 'REDUCCION CAMPANA 1 3/4\" A 1\"', 2, 1, 1, 'ANAQUEL F-14', '', 221),
('P222', 'REDUCCION CAMPANA DE 1\" A 1 1/2\"', 2, 1, 0, '', '', 222),
('P223', 'CODO DE 90 X 3/4\"', 2, 1, 0, '', '', 223),
('P224', 'REDUCCION BUSHING DE 1\" A 1 3/4\"', 2, 1, 1, 'ANAQUEL F-14', '', 224),
('P225', 'REDUCCION BUSHING DE 1 1/4\" A 1 3/4\"', 2, 1, 1, 'ANAQUEL F-14', '', 225),
('P226', 'TAPON HEMBRA 2\"', 2, 1, 1, 'ANAQUEL F-14', '', 226),
('P227', 'NIPLE DE 1 \"', 2, 1, 0, '', '', 227),
('P228', 'NIPLE DE 1 1/2\"', 2, 1, 0, '', '', 228),
('P229', 'NIPLE DE 1 3/4\"', 2, 1, 0, '', '', 229),
('P23', 'NIPLE DE 3/8\" X 3\"', 2, 1, 0, '', '', 23),
('P230', 'NIPLE DE 3/4\" X 5\"', 2, 1, 0, '', '', 23),
('P231', 'NIPLE DE 3/4\" X 4\"', 2, 1, 0, '', '', 231),
('P232', 'NIPLE DE 3/4\" X 3\"', 2, 1, 0, '', '', 232),
('P233', 'NIPLE DE 3/4\" X 2', 2, 1, 0, '', '', 233),
('P234', 'NIPLE DE 3/4\" X 3/4\"', 2, 1, 0, '', '', 234),
('P235', 'NIPLE DE 1\" X 5 1/2\"', 2, 1, 1, 'ANAQUEL F-14', '', 235),
('P236', 'NIPLE DE 1\" X 8\"', 2, 1, 1, 'ANAQUEL F-14', '', 236),
('P237', 'REDUCCION CAMPANA 1\" X 3/4\"', 2, 1, 1, 'ANAQUEL F-14', '', 237),
('P238', 'ADAPTADOR DE HULE 2 X 1 X 1/4 CHUPON NO.2', 2, 1, 0, 'ANAQUEL F-3', '', 238),
('P239', 'HULE ESPONJOSO /EMPAQUE ACOPLADO', 2, 1, 0, 'ANAQUEL F-3', '', 239),
('P24', 'COPLE DE COBRE DE 3/4\"', 2, 1, 2, 'ANAQUEL F-4', '', 24),
('P240', 'LLAVE MEZCLADORA PARA LAVABO 4 C/CUB MNL. CROMO DICA 4048', 2, 1, 0, 'ANAQUEL F-5', '', 240),
('P241', 'VALVULA DE DESCARGA CONTRATANQUE BAJO P/INODORO', 2, 1, 30, 'ANAQUEL F-8', '', 241),
('P242', 'CONECTOR ROSCA EXTERIOR 1/2', 2, 1, 300, 'ANAQUEL F-8', '', 242),
('P243', 'CONECTOR R.E. DE 1\"', 2, 1, 2, 'ANAQUEL F5', '', 243),
('P244', 'SPRAY LUBICANTE EN AEROSOL 235 ML. AFOJA TODO', 2, 8, 5, 'ANAQUEL F-5', '', 244),
('P245', 'LIGA PARA TUBO DE PVC DE 2\"', 2, 1, 30, 'ANAQUEL F-5', '', 245),
('P246', 'LIGA PARA TUBO DE PVC DE 4\"', 2, 1, 18, 'ANAQUEL F-5', '', 246),
('P247', 'VALVULA DE ESFERA SOLDABLE DE 1/2 \"', 2, 1, 13, 'ANAQUEL F-5', '', 247),
('P248', 'LLAVE DE CONTROL ANGULAR DE BARRILITO ', 2, 1, 0, 'ANAQUEL F-4', '', 248),
('P249', 'VALVULA SAPO CON CADENA', 2, 1, 95, 'ANAQUEL F-9', '', 249),
('P25', 'COPLE DE COBRE DE 1 1/4\"', 2, 1, 0, '', '', 25),
('P250', 'CESPOL FEXIMATIC PARA FREGADERO', 2, 1, 4, 'ANAQUEL F-14', '', 250),
('P251', 'CESOPL FLEXIMATIC PARA LAVABO', 2, 1, 160, 'ANAQUEL F-14', '', 251),
('P252', 'LLAVE INDIVIDUAL PARA LAVABO CON MANERAL CHICO', 2, 1, 12, 'ANAQUEL F-14', '', 252),
('P253', 'ELECTRONIVEL DE 3 MTS. (FLOTADOR)', 2, 1, 1, 'ANAQUEL F-3', '', 253),
('P254', 'SILICON ROJO ALTA TEMPERATURA DE 70 GRS.', 2, 1, 0, 'ANAQUEL F-3', 'YA CADUCARON', 254),
('P255', 'VALVULA PERFECTA PARA WC', 2, 1, 342, 'ANAQUEL F-9', '', 255),
('P256', 'FLOTADOR DE COBRE PARA CISTERNA', 2, 1, 0, 'ANAQUEL F-8', '', 256),
('P257', 'FLOTADOR ROTOPLAS NO. 7 RESISTEC', 2, 1, 98, 'ANAQUEL F-8', '', 257),
('P258', 'VALVULA T.A. ROTOPLAS DE ? RESISTEC', 2, 1, 98, 'ANAQUEL F5', '', 258),
('P26', 'NIPLE UNION DE BRONCE DE 1/4\" A 1/4\"', 2, 1, 0, '', '', 26),
('P27', 'CODO TERMINAL ROSCA EXT. 1/2\" X 3/8\" BRONCE', 2, 1, 8, '', '', 27),
('P28', 'CODO PIPA DE 1/2\" X 3/8\" DE BRONCE PARA GAS', 2, 1, 0, '', '', 28),
('P29', 'NIPLE TERMINAL DE 1/2\" ROSCA INT- 3/8\" ROSCA EXT. PARA GAS', 2, 1, 0, '', '', 29),
('P3', 'MANGUERA DE ALIMENTACION PARA TARJA', 2, 1, 24, 'ANAQUEL F-4', '', 3),
('P30', 'TUERCA CONICA DE 1/4\"', 2, 1, 25, 'ANAQUEL F-5', '', 30),
('P31', 'TUERCA CONICA DE 5/16\"', 2, 1, 48, 'ANAQUEL F-5', '', 31),
('P32', 'TUERCA CONICA DE 3/8\"', 2, 1, 0, '', '', 32),
('P33', 'TUERCA CONICA DE 1/2\"', 2, 1, 60, 'ANAQUEL F-5', '', 33),
('P34', 'TEE DE BRONCE DE 1/4\" A 1/4\" A 1/4\"', 2, 1, 63, 'ANAQUEL F-5', '', 34),
('P35', 'TEE DE BRONCE DE 5/16\" A 5/16\" A 5/16\"', 2, 1, 62, 'ANAQUEL F-5', '', 35),
('P36', 'TEE DE BRONCE DE 3/8\" A 3/8\" A 3/8\"', 2, 1, 30, 'ANAQUEL F-5', '', 36),
('P37', 'NIPLE TERMINAL MACHO DE BRONCE DE 3/8\" X 3/8\"', 2, 1, 16, 'ANAQUEL F-5', '', 37),
('P38', 'NIPLE TERMINAL MACHO DE BRONCE DE 1/2\" X 3/8\"', 2, 1, 29, 'ANAQUEL F-5', '', 38),
('P39', 'NIPLE TERMINAL CAMPANA DE BRONCE DE 1/2\" A 3/8\"', 2, 1, 8, 'ANAQUEL F-5', '', 39),
('P4', 'VALVULA PERFECTA', 2, 1, 370, 'ANAQUEL F-4', '', 4),
('P40', 'NIPLE TERMINAL MACHO DE BRONCE DE 3/4\" A 1/2\"', 2, 1, 83, 'ANAQUEL F-5', '', 40),
('P41', 'NIPLE UNION DE BRONCE DE 1/4\" ', 2, 1, 8, 'ANAQUEL F-5', '', 41),
('P42', 'NIPLE UNION DE BRONCE DE 5/16\" ', 2, 1, 0, '', '', 42),
('P43', 'NIPLE UNION DE BRONCE DE 3/8\" ', 2, 1, 40, 'ANAQUEL F-5', '', 43),
('P44', 'TUERCA UNIVERSAL DE COBRE DE 1/2\"', 2, 1, 13, 'ANAQUEL F-5', '', 44),
('P45', 'TUERCA UNIVERSAL DE COBRE DE 3/4\"', 2, 1, 0, '', '', 45),
('P46', 'TUERCA UNIVERSAL DE COBRE DE 1 1/2\"', 2, 1, 1, 'ANAQUEL F-5', '', 46),
('P47', 'VALVULA DE GLOBO DE 1\" CON ROSCA ', 2, 1, 0, '', '', 47),
('P48', 'VALVULA DE COMPUERTA DE 1 1/2\" CON ROSCA', 2, 1, 2, 'ANAQUEL F-5', '', 48),
('P49', 'VALVULA DE COMPUERTA DE 1 1/4\" SOLDABLE', 2, 1, 6, 'ANAQUEL F-5', '', 49),
('P5', 'VALVULA SAPO', 2, 1, 873, 'ANAQUEL F-4', '', 5),
('P50', 'VALVULA DE COMPUERTA DE 1/2\" SOLDABLE', 2, 1, 150, 'ANAQUEL F-5', '', 50),
('P51', 'VALVULA DE COMPUERTA DE 1/2\" CON ROSCA ', 2, 1, 2, 'ANAQUEL F-5', '', 51),
('P52', 'VALVULA DE GLOBO DE 1/4\" CON ROSCA ', 2, 1, 15, 'ANAQUEL F-5', '', 52),
('P53', 'VALVULA DE GLOBO DE 3/4\" CON ROSCA ', 2, 1, 4, 'ANAQUEL F-5', '', 53),
('P54', 'VALVULA DE GLOBO DE 1/2\" CON ROSCA ', 2, 1, 108, 'ANAQUEL F-5', '', 54),
('P55', 'VALVULA DE COMPUERTA DE COBRE DE 3/4\"', 2, 1, 6, 'ANAQUEL F-5', '', 55),
('P56', 'VALVULA DE COMPUERTA CON ROSCA DE 3/4\"', 2, 1, 13, 'ANAQUEL F-5', '', 56),
('P57', 'LLAVE DE CUADRO DE 1/2\" CON ROSCA', 2, 1, 0, '', '', 57),
('P58', 'VALVULA P/FLOTADOR DE 3/4\" ALTA PRESION', 2, 1, 2, 'ANAQUEL F-5', '', 58),
('P59', 'VALVULA P/FLOTADOR DE 1/2\" ALTA PRESION', 2, 1, 0, '', '', 59),
('P6', 'MEZCLADORA PARA LAVABO MARCA RUGO', 2, 1, 60, 'ANAQUEL F-4', 'DE PLASTICO', 6),
('P60', 'VALVULA DE ESFERA C/ROSCA DE 1 1/2\"', 2, 1, 1, 'ANAQUEL F-5', '', 60),
('P61', 'VALVULA DE ESFERA C/ROSCA DE 1/2\"', 2, 1, 2, 'ANAQUEL F-5', '', 61),
('P62', 'VALVULA DE ESFERA SOLDABLE DE 3/4\"', 2, 1, 2, 'ANAQUEL F-5', '', 62),
('P63', 'VALVULA DE ESFERA CON ROSCA 1/4\"', 2, 1, 16, 'ANAQUEL F-5', '', 63),
('P64', 'COLADERA HELVEX 4\" PLASTICO', 2, 1, 17, 'ANAQUEL F-5', '', 64),
('P65', 'COLADERA PLASTICA CON TAPA', 2, 1, 0, '', '', 65),
('P66', 'CESPOL FLEXIBLE TIPO \"P\"', 2, 3, 0, '', '', 66),
('P67', 'CESPOL FLEXIBLE P/ FREGADERO (CONTRA CANASTA PVC)', 2, 3, 210, 'ANAQUEL F-4', '', 67),
('P68', 'CESPOL DE PVC PARA LAVABO', 2, 3, 365, 'ANAQUEL F-4', '', 68),
('P69', 'COLADERA DE BRONCE 15 X 15 CUAD', 2, 1, 1, 'ANAQUEL F-4', '', 69),
('P7', 'SILICON TRANSPARENTE DE 230 GRS. MARCA TRUPER', 2, 5, 74, 'ANAQUEL F-5', 'YA ESTAN CADUCADOS', 7),
('P70', 'RODAJAS 3/8\" ESPIGA ROSCADA', 2, 1, 1, 'ANAQUEL F-4', '', 70),
('P71', 'RODAJA CON ESPIGA 1 1/4\"', 2, 1, 4, 'ANAQUEL F-4', '', 71),
('P72', 'RODAJA 1/4\" ESPIGA LARGA LISA', 2, 1, 5, 'ANAQUEL F-4', '', 72),
('P73', 'RODAJA 3/8\" ESPIGA CORTA LISA', 2, 1, 2, 'ANAQUEL F-4', '', 73),
('P74', 'RODAJA DOBLE CON ESPIGA 1 1/2\"', 2, 1, 4, 'ANAQUEL F-4', '', 74),
('P75', 'RODAJA ESPIGA LARGA LISA 5/16\"', 2, 1, 0, '', '', 75),
('P76', 'BANDA DE LIJA 076 X 610', 2, 1, 0, '', '', 76),
('P77', 'LIJA PARA CONEXIONES DE 1 1/2\" ', 2, 2, 85, 'ANAQUEL F-4', '', 77),
('P78', 'MANIJA PARA WC  CROMO', 2, 1, 0, '', '', 78),
('P79', 'TOALLERO P/ BA?O CROMADO', 2, 1, 0, 'ANAQUEL F-4', '', 79),
('P8', 'SOPORTE PARA LAVABO', 2, 1, 516, 'ANAQUEL F-4', '', 8),
('P80', 'CESPOL PLASTICO', 2, 3, 0, '', '', 80),
('P81', 'SELLADOR PVC 500GR (PASTA PARA SOLDAR)', 2, 1, 0, '', '', 81),
('P82', 'EMPAQUE DE HULE DE A. 4 \"', 2, 1, 0, '', '', 82),
('P83', 'EMPAQUE DE HULE DE A. 2 \"', 2, 1, 0, '', '', 83),
('P84', 'EMPAQUE DE HULE DE A. 3 1/2\"', 2, 1, 0, '', '', 84),
('P85', 'EMPAQUE DE HULE DE A. 1 1/4 \"', 2, 1, 0, '', '', 85),
('P86', 'EMPAQUE DE HULE DE A. 3\"', 2, 1, 0, '', '', 86),
('P87', 'TUERCA ESTOPERA PARA LAVABO', 2, 1, 0, '', '', 87),
('P88', 'TUERCA ESTOPERA PARA TANQUE BAJO', 2, 1, 0, '', '', 88),
('P89', 'CARRETE DE SOLDADURA ', 2, 1, 0, '', '', 89),
('P9', 'VALVULA DE DESCARGA/CONTRA PARA TANQUE WC', 2, 1, 290, 'ANAQUEL F-4', '', 9),
('P90', 'CESPOL PLASTICO TIPO ACORDEON', 2, 1, 0, '', '', 90),
('P91', 'CODO HIDRAULICO DE PVC 1\"X 90', 2, 1, 0, '', '', 91),
('P92', 'CODO DE PVC SANITARIO 2\" X 90', 2, 1, 0, '', '', 92),
('P93', 'CODO DE PVC SANITARIO 2 X 45', 2, 1, 0, '', '', 93),
('P94', 'CODO \"T\" DE 2\" DE PVC SANITARIO', 2, 1, 0, '', '', 94),
('P95', 'CODO CON CAMPANA DE 1 1/2\" PVC', 2, 1, 0, '', '', 95),
('P96', 'BRAZO PARA REGADERA', 2, 1, 0, '', '', 96),
('P97', 'CHAPETON PARA BRAZO P/REG', 2, 1, 0, '', '', 97),
('P98', 'VALVULA DE EMPOTRAR DE COBRE', 2, 1, 0, '', '', 98),
('P99', 'NIPLE DE 1/2\" X 3\" GALVANIZADO', 2, 1, 0, '', '', 99),
('R1', 'RELEVADOR DE TEMPERATURA', 7, 1, 4, 'ANAQUEL F-1', '', 1),
('R10', 'TUERCA DE 1/8\" SIN BARRIL', 7, 1, 49, 'ANAQUEL F-1', '', 10),
('R11', 'TERMOSTATO DE REFRIGERACION RC-13665-2', 7, 1, 42, 'ANAQUEL F-1', '', 11),
('R12', 'TERMOSTATO ATB-Y132 PARA REFRIGERACION', 7, 6, 16, 'ANAQUEL F-1', '', 12),
('R13', 'TERMOSTATATO DTB 4132', 7, 6, 6, 'ANAQUEL F-1', '', 13),
('R14', 'TERMOSTATO DTB-3V1001 PARA REFRIGERACION', 7, 6, 14, 'ANAQUEL F-1', '', 14),
('R15', 'PRESOSTATO DE BAJA PRESION No 156', 7, 6, 3, 'ANAQUEL F-1', '', 15),
('R16', 'PRESOSTATO DE CORRIENTE 16D250', 7, 1, 6, 'ANAQUEL F-1', '', 16),
('R17', 'PRESOSTATO 7605', 7, 6, 2, 'ANAQUEL F-1', '', 17),
('R18', 'JUEGO DE CONTACTO SIEMENS 3 TB44', 7, 3, 1, 'ANAQUEL F-1', '', 18),
('R19', 'TANQUE AGUA CALIENTE 186D75106001', 7, 1, 6, 'ANAQUEL F-1', '', 19),
('R2', 'TAPONES DE BRONCE 1/4\"', 7, 1, 0, '', '', 2),
('R20', 'FILTROS DE AGUA PARA MAQUINA DE HIELO', 7, 1, 4, 'ANAQUEL F-1', '', 20),
('R21', 'VTE ATX-55080', 7, 6, 9, 'ANAQUEL F-1', '', 21),
('R22', 'VTE VTX-N-50', 7, 6, 15, 'ANAQUEL F-1', '', 22),
('R23', 'VTE VT-50', 7, 6, 1, 'ANAQUEL F-1', '', 23),
('R24', 'VTE OPX N-100', 7, 6, 19, 'ANAQUEL F-1', '', 24),
('R25', 'VTE VTX N-100', 7, 6, 1, 'ANAQUEL F-1', '', 25),
('R26', 'INTERRUPTOR DE PRESION HNS-C130', 7, 6, 5, 'ANAQUEL F-1', '', 26),
('R27', 'TUBO CAPILAR RVA0065', 7, 1, 5, 'ANAQUEL F-1', '', 27),
('R28', 'INTERRUPTOR DE PRESION SNS C130', 7, 6, 15, 'ANAQUEL F-1', '', 28),
('R29', 'TUBO CAPILAR 1/16\" RVA 0055', 7, 1, 31, 'ANAQUEL F-1', '', 29),
('R3', 'JUEGO DE CONTACTOS PARA CONTACTOR 3TB44', 7, 12, 7, 'ANAQUEL F-1', '', 3),
('R30', 'TUBO CAPILAR RVA 0060', 7, 1, 2, 'ANAQUEL F-1', '', 30),
('R31', 'TUBO CAPILAR RVA 0050', 7, 1, 20, 'ANAQUEL F-1', '', 31),
('R32', 'TUBO CAPILAR', 7, 1, 4, 'ANAQUEL F-1', '', 32),
('R33', 'TUBO CAPILAR CON DESHUMIDIFICADOR', 7, 1, 5, 'ANAQUEL F-1', '', 33),
('R34', 'VALVULA CONTROL DE TEMPERATURA TF7101F', 7, 1, 3, 'ANAQUEL F-1', '', 34),
('R35', 'DESHUMIDIFICADOR', 7, 1, 5, 'ANAQUEL F-1', '', 35),
('R36', 'FILTRO DESHIDRATADOR CON NITROGENO 350-10', 7, 1, 5, 'ANAQUEL F-1', '', 36),
('R37', 'FILTRO DESHIDRATADOR CFC/HCFC/HFC 65-6', 7, 1, 4, 'ANAQUEL F-1', '', 37),
('R38', 'VALVULA CONTROL DE TEMPERATURA RVA 3225', 7, 1, 6, 'ANAQUEL F-1', '', 38),
('R39', 'VALVULA CONTROL DE TEMPERATURA HSO-P1127-001', 7, 1, 6, 'ANAQUEL F-1', '', 39),
('R4', 'GAS REFRIGERANTE R-SS TANQUE DE 13 KGS.', 7, 1, 0, 'ANAQUEL F-1', '', 4),
('R40', 'VALVULA TERMOEXPANSION ATX 57080 HG R22', 7, 1, 2, 'ANAQUEL F-1', '', 40),
('R41', 'CONTROL DE ARRANQUE 1025OH5200', 7, 1, 2, 'ANAQUEL F-1', '', 41),
('R42', 'REGULADOR PARA ENFRIAR 236 DV-316-JGE-3UJ', 7, 1, 1, 'ANAQUEL F-1', '', 42),
('R43', 'BOMBA DE VACIO PARA REFRIGERACION', 7, 1, 2, 'ANAQUEL F-1', '', 43),
('R44', 'FILTRO DESHIDRATADOR', 7, 1, 13, 'ANAQUEL F-1', '', 44),
('R45', 'FILTRO BACTEREOSTATICO', 7, 1, 2, 'ANAQUEL F-1', '', 45),
('R46', 'REELEVADOR DE TIEMPO', 7, 1, 4, 'ANAQUEL F-1', '', 46),
('R47', 'MANOMETRO O-60', 7, 1, 7, 'ANAQUEL F-1', '', 47),
('R48', 'MANOMETRO O-100', 7, 1, 15, 'ANAQUEL F-1', '', 48),
('R49', 'INTERRUPTOR DE PRESION', 7, 1, 23, 'ANAQUEL F-1', '', 49),
('R5', 'VALVULA TERMOSTATICA DE EXPANSION 8 TON', 7, 1, 3, 'ANAQUEL F-1', '', 5),
('R50', 'VALVULA REGULADORA', 7, 1, 6, 'ANAQUEL F-1', '', 50),
('R51', ' NIPLE TERMICO 3/8\" A 1/4\"', 7, 1, 0, '', '', 51),
('R52', 'TUERCA TERMICA DE 1/4\" A 5/16\"', 7, 1, 0, '', '', 52),
('R53', 'TUERCA UNION 3/16\"', 7, 1, 0, '', '', 53),
('R54', 'CONECTOR HEMBRA DE 1/4\" A 1/4\"', 7, 1, 4, 'ANAQUEL F-1', '', 54),
('R55', 'CONECTOR RE 1\"', 7, 1, 4, 'ANAQUEL F-1', '', 55),
('R56', 'CONECTOR RE 1 1/2\"', 7, 1, 4, 'ANAQUEL F-1', '', 56),
('R57', 'CONECTOR RE 1/2\"', 7, 1, 10, 'ANAQUEL F-1', '', 57),
('R58', 'CONECTOR RI 1/2\"', 7, 1, 11, 'ANAQUEL F-1', '', 58),
('R59', 'CONECTOR RI 3/4\"', 7, 1, 2, 'ANAQUEL F-1', '', 59),
('R6', 'VALVULA TERMOSTATICA DE EXPANSION 4.5 TON', 7, 1, 21, 'ANAQUEL F-1', '', 6),
('R60', 'CONECTOR RI 1\"', 7, 1, 7, 'ANAQUEL F-1', '', 60),
('R61', 'CONECTOR RI DE 1 1/4\"', 7, 1, 8, 'ANAQUEL F-1', '', 61),
('R62', 'CONECTOR RI DE 1 1/2\"', 7, 1, 5, 'ANAQUEL F-1', '', 62),
('R63', 'TEE 3\"', 7, 1, 1, 'ANAQUEL F-1', '', 63),
('R64', 'CODO 45 X 3\"', 7, 1, 1, 'ANAQUEL F-1', '', 64),
('R65', 'CODO 90 CF 1/2\"', 7, 1, 8, 'ANAQUEL F-1', '', 65),
('R66', 'CODO 90  CF 3/4\"', 7, 1, 22, 'ANAQUEL F-1', '', 66),
('R67', 'CODO 90 CF 1\"', 7, 1, 8, 'ANAQUEL F-1', '', 67),
('R68', 'CODO 90 CF 1 1/2\"', 7, 1, 6, 'ANAQUEL F-1', '', 68),
('R69', 'CODO 90 1 1/4\"', 7, 1, 13, 'ANAQUEL F-1', '', 69),
('R7', 'INTERRUPTOR DE PRESION 5-30 KG/CM2', 7, 1, 14, 'ANAQUEL F-1', '', 7),
('R70', 'CHECK VERT 1 1/4\"', 7, 1, 7, 'ANAQUEL F-1', '', 70),
('R71', 'CHECK YEE 1/2\"', 7, 1, 3, 'ANAQUEL F-1', '', 71),
('R72', 'CHECK HORIZ DE 1 1/4\"', 7, 1, 3, 'ANAQUEL F-1', '', 72),
('R73', 'CHECK HORIZ DE 3/4\"', 7, 1, 0, '', '', 73),
('R74', 'CHECK HORIZ DE 1/2\"', 7, 1, 4, 'ANAQUEL F-1', '', 74),
('R75', 'CHECK 1 1/4\"', 7, 1, 13, 'ANAQUEL F-1', '', 75),
('R76', 'CHECK DE 1 1/2\"', 7, 1, 0, '', '', 76),
('R77', 'CHECK 2\"', 7, 1, 2, 'ANAQUEL F-1', '', 77),
('R78', 'CHECK 1\"', 7, 1, 15, 'ANAQUEL F-1', '', 78),
('R79', 'TERMOSTATO K50-P1126-001', 7, 1, 9, 'ANAQUEL F-1', '', 79),
('R8', 'VALVULA TERMOSTATICA DE EXPANSION V-I 100', 7, 6, 3, 'ANAQUEL F-1', '', 8),
('R80', 'TERMOSTATO K50-P1127-00', 7, 1, 61, 'ANAQUEL F-1', '', 80),
('R9', 'VALVULA TERMOSTATICA  ', 7, 6, 1, 'ANAQUEL F-1', '', 9),
('V1', 'PINTURA VINILICA CUBETA 19 LTS COLOR CANITO', 3, 9, 40, 'ALMACEN', '', 1),
('V10', 'BROCHAS DE 4\"', 3, 1, 524, 'ANAQUEL F-12', '', 10),
('V100', 'TORNILLO TIPO ESTUFA ? X 1 ? PIEZA', 3, 1, 2, 'ANAQUEL F-14', '', 100),
('V101', 'TORNILLO CABEZA HEXAGONAL DE 5/16 X 1 ', 3, 1, 750, 'ANAQUELF-10', '', 101),
('V102', 'TUERCA DE MARIPOSA DE 5/16', 3, 1, 750, 'ANAQUEL F10', '', 102),
('V103', 'TORNILLO DE CABEZA HEXAGONAL ? X 1', 3, 1, 750, 'ANAQUEL F-3', '', 103),
('V104', 'TUERCA DE MARIPOSA DE 1/4', 3, 1, 750, 'ANAQUEL F9', '', 104),
('V105', 'TANQUE PARA GAS DE 4 KG. FLAMINETA', 3, 1, 1, 'ANAQUEL F-9', '', 105),
('V106', 'GIS EN POLVO PARA TIRALINEAS DE 226 GRS.', 3, 8, 1, 'ANAQUEL F-9', '', 106),
('V107', 'TAQUETE DE EXPANSION DE 5/16 \" SIN TORNILLO', 3, 1, 12, 'ANAQUEL F-9', '', 107),
('V108', 'RESANADOR PARA GRIETAS RESANACRETYO', 3, 4, 0, 'ANAQUEL F-9', '', 108),
('V109', 'BANDA LETRERO PRECAUCION', 3, 10, 1, 'ANAQUEL F-15', '', 109),
('V11', 'BROCHAS DE 3\"', 3, 1, 0, 'ANAQUEL F-12', '', 11),
('V110', 'CUERDA DE ?POLIPROPILENO DE 11MM.', 3, 4, 0, 'ALMACEN', 'SE CORTO EN 4 TANTOS', 110),
('V12', 'BROCHAS DE 2\"', 3, 1, 0, '', '', 12),
('V13', 'ARMAZON PAEA RODILLO', 3, 1, 9, 'ALMACEN', '', 13),
('V14', 'RODILLOS (REPUESTO PACHON)', 3, 1, 28, 'ALMACEN', '', 14),
('V15', 'EXTENSIONES PARA RODILLOS', 3, 1, 435, 'ANAQUEL F-13', '', 15),
('V16', 'BIRLOS DE 6\"', 3, 1, 1000, 'ANAQUEL F-4', '', 16),
('V17', 'BARRA METAL', 3, 1, 0, '', '', 17),
('V18', 'BALEROS DE FIERRO', 3, 1, 40, 'ANAQUEL F-3', '', 18),
('V19', 'PISTONES 1/8\"', 3, 1, 11, 'ANAQUEL F-3', '', 19),
('V2', 'PINTURA COLOR  CANUTO TAMBOR DE 200 LITROS', 3, 9, 105, 'ALMACEN', '', 2),
('V20', 'BUJE DE HULE CON PIEZA METALICA', 3, 1, 550, 'ANAQUEL F-3', '', 20),
('V21', 'ABARAZADERA SINF?N 1\"', 3, 1, 45, 'ANAQUEL F-5', '', 21),
('V22', 'TORNILLO CON MARIPOSA P TBR 1/4\"', 3, 1, 25, 'ANAQUEL F-5', '', 22),
('V23', 'SEGUETA DE DIENTE FINO', 3, 1, 0, 'ANAQUEL F-5', '', 23),
('V24', 'CUBRETALADROS', 3, 1, 0, '', '', 24),
('V25', 'FIELTRO COLOR NEGRO', 3, 1, 1, 'ANAQUEL F-5', '', 25),
('V26', 'ABRAZADERA DE U?A 3/4\"', 3, 1, 45, 'ANAQUEL F-5', '', 26),
('V27', 'ABRAZADERA SIN FIN DE 1\"', 3, 1, 71, '', '', 27),
('V28', 'TORNILLO DE ALUMINIO CHICO', 3, 1, 25, 'ANAQUEL F-5', '', 28),
('V29', 'TORNILLO DE ALUMINIO GRANDE', 3, 1, 34, 'ANAQUELF-5', '', 29),
('V3', 'PINTURA COLOR ROJO OXIDO', 3, 9, 19, 'ALMACEN', '', 3),
('V30', 'ABRAZADERA OMEGA 2\"', 3, 1, 5, 'ANAQUEL F-5', '', 30),
('V31', 'ABRAZADERA OMEGA DE 1 1/4\"', 3, 1, 12, 'ANAQUEL F-5', '', 31),
('V32', 'ABRAZADERA OMEGA DE 1\"', 3, 1, 28, 'ANAQUEL F-5', '', 32),
('V33', 'ABRAZADERA OMEGA 3/4\"', 3, 1, 198, 'ANAQUEL F-5', '', 33),
('V34', 'ABRAZADERA OMEGA DE 1 1/2\"', 3, 1, 5, 'ANAQUEL F-5', '', 34),
('V35', 'ABRAZADERA OMEGA DE 3/8\"', 3, 1, 25, 'ANAQUEL F-5', '', 35),
('V36', 'ABRAZADERA OMEGA DE 1/2\"', 3, 1, 75, 'ANAQUEL F-5', '', 36),
('V37', 'TORNILLO PARA ACOPLADO Y MARIPOSA', 3, 1, 0, '', '', 37),
('V38', 'TORNILLO PARA ACOPLADO INCOMPLETO', 3, 1, 0, '', '', 38),
('V39', 'ABRAZADERA SINF?N 2\"', 3, 1, 0, 'ANAQUEL F-5', '', 39),
('V4', 'PINTURA  ROJO OXIDO ESMALTE CUBETA DE 19 LITROS', 3, 9, 19, 'ALMACEN', '', 4),
('V40', 'CORDON GRAFITADO', 3, 1, 30, 'ANAQUEL F-5', '', 40),
('V41', 'ABRAZADERA SINF?N 3/8\"', 3, 1, 10, 'ANAQUEL F-5', '', 41),
('V42', 'ABRAZADERA SINF?N 1/2\"', 3, 1, 98, 'ANAQUEL F.5', '', 42),
('V43', 'ABRAZADERA SINF?N DE 1 1/2\"', 3, 1, 2, 'ANAQUEL F-5', '', 43),
('V44', 'ABRAZADERA SINF?N DE 1 1/4\"', 3, 1, 108, 'ANAQUEL F-5', '', 44),
('V45', 'ABRAZADERA SINF?N DE 2 1/2\"', 3, 1, 0, 'ANAQUEL F-5', '', 45),
('V46', 'ABRAZADERA SINF?N DE 2\"', 3, 1, 10, 'ANAQUEL F-5', '', 46),
('V47', 'ABRAZADERA SINF?N DE 3/4\"', 3, 1, 56, 'ANAQUEL F-5', '', 47),
('V48', 'CAJA DE HERRAMIENTA METALICO', 3, 1, 2, 'ANAQUEL F-15', '', 48),
('V49', 'CAJA DE HERRAMIENTA DE PLASTICO', 3, 1, 1, 'ANAQUEL F-15', '', 49),
('V5', 'PINTURA COLOR CREMA CUBETA DE 19 LITROS', 3, 9, 0, 'ALMACEN', '', 5),
('V50', 'CARETAS PARA SOLDAR PROTECION DE CARA', 3, 1, 3, 'ANAQUEL F-15', '', 50),
('V51', 'MANGUERA TRANSPARENTE DE 1 1/4\"', 3, 2, 40, 'ANAQUEL F-1', '', 51),
('V52', 'TUBO DE COBRE RIGIDO 3.5 ML', 3, 1, 0, '', '', 52),
('V53', 'TUBO DE COBRE DE 1\" X 3.5 ML', 3, 1, 0, '', '', 53),
('V54', 'MANGUERA TRANASPARENTE DE 1/2\"', 3, 2, 45, 'ANAQUEL F-14', '', 54),
('V55', 'MANGUERA TRANSPARENTE DE 1 \"', 3, 2, 25, 'ALMACEN', '', 55),
('V56', 'MANGUERA AZUL TRANSPARENTE', 3, 2, 100, 'ANAQUEL F-1', '', 56),
('V57', 'MANGUERA TRANSPARENTE DE 3/4\"', 3, 2, 45, 'ANAQUEL F-2', '', 57),
('V58', 'MANGUERA HELICOIDAL NEGRA 2\"', 3, 2, 80, 'ANAQUEL F-2', '', 58),
('V59', 'MANGUERA DE ALTA PRESION DE 1/2\"', 3, 2, 10, 'ALMACEN', '', 59),
('V6', 'PINTURA COLOR CREMA TAMBOR DE 200 LITROS', 3, 9, 105, 'ALMACEN', '', 6),
('V60', 'MANGUERA HELICOIDAL DE 1/2\"', 3, 2, 15, 'ANAQUEL F-2', '', 60),
('V61', 'MANGUERA HELICOIDAL DE 1 1/2\"', 3, 2, 50, 'ANAQUEL F-2', '', 61),
('V62', 'MANGUERA HELICOIDAL GRIS 1 1/4\"', 3, 2, 30, 'ANAQUEL F-3', '', 62),
('V63', 'MANGUERA PARA JARDIN 1/2\" ', 3, 2, 10, 'ANAQUEL F-3', '', 63),
('V64', 'MANGUERA PARA EQUIPO DE CORTE 1/8\"', 3, 2, 10, 'ANAQUEL F-3', '', 64),
('V65', 'MANGUERA PARA EQUIPO DE CORTE 1/8\" NEGRA', 3, 2, 15, 'ANAQUEL F-3', '', 65),
('V66', 'VALVULA REGULADORA DE AIRE', 3, 1, 5, 'ANAQUEL F-1', '', 66),
('V67', 'JABONERAS', 3, 1, 25, 'ANAQUEL F-3', '', 67),
('V68', 'JGO DE ACCESORIOS PARA BA?O', 3, 3, 2, 'ANAQUEL F-5', '', 68),
('V69', 'CINTA ADHERIBLE', 3, 2, 0, '', '', 69),
('V7', 'PINTURA ESMALTE COLOR CREMA CUB, DE 19 LITROS', 3, 9, 19, 'ALMACEN', '', 7),
('V70', 'ESTUCHE DE CUERO PARA HERRAMIENTA', 3, 1, 2, '', '', 70),
('V71', 'ESTUCHE DE CUERO  ', 3, 1, 0, '', '', 71),
('V72', 'GUANTES DE HULE LATEX No 9', 3, 1, 0, '', '', 72),
('V73', 'CAJA PARA HERRAMIENTA DE 13\"', 3, 1, 1, 'ANAQUEL F-15', '', 73),
('V74', 'SE?ALES AUXILIARES PARA CARRETERA', 3, 1, 2, 'ANAQUEL F-15', '', 74),
('V75', 'TIJERA PARA BICICLETA', 3, 1, 2, 'ANAQUEL F-15', '', 75),
('V76', 'BOLSA DE PLASTICO TRANSPARENTE DE 60 X 40', 3, 4, 0, '', '', 76),
('V77', 'CERRADURA PHILLIPS MODELO 21', 3, 1, 2, 'ANAQUEL F-14', '', 77),
('V78', 'CERRADURA TIPO ESFERAPARA RECAMARA 43470', 3, 1, 2, 'ANAQUEL F-14', '', 78),
('V79', 'CERRADURA PARA BA?O', 3, 1, 2, '', '', 79),
('V8', 'PINTURA AMARILLO TRAFICO CUBETA DE 19 LITROS', 3, 9, 0, 'ALMACEN', '', 8),
('V80', 'CERRADURA CILINDRICA PARA BA?O 43468', 3, 1, 0, 'ANAQUEL F-14', '', 80),
('V81', 'FLOTADORES', 3, 1, 0, '', '', 81),
('V82', 'CAJA DE REMACHES No 56', 3, 1, 0, '', '', 82),
('V83', 'CAJA DE REMACHES No 64', 3, 1, 0, '', '', 83),
('V84', 'CAJA DE REMACHES No 48', 3, 1, 0, '', '', 84),
('V85', 'CAJA DE REMACHES No 54', 3, 1, 0, '', '', 85),
('V86', 'CAJA DE REMACHES No 43', 3, 1, 0, '', '', 86),
('V87', 'ESCOBILLON PARA LAVAR BA?O', 3, 1, 29, 'ANAQUEL F-14', 'MALAS CONDICIONES', 87),
('V88', 'CERRADURA CILINDRICA PARA ARCHIVERO', 3, 1, 90, 'ANAQUEL F-14', '', 88),
('V89', 'PIJAS', 3, 1, 0, '', '', 89),
('V9', 'IMPERMEABILIZANTE ROJO 3 A?OS CIBETA DE 19 LITROS', 3, 9, 208, 'ALMACEN', '', 9),
('V90', 'MONOGOOGLES', 3, 1, 4, '', '', 90),
('V91', 'BALEROS DIFERENTES MEDIDAS', 3, 1, 32, 'ANAQUEL F-3', '', 91),
('V92', 'ELECTRODO DE 3/32 PARA SOLDAR', 3, 4, 5, 'ANAQUEL F-14', '', 92),
('V93', 'REMACHE POP DE 3/16 X ? ', 3, 1, 70, '', '', 93),
('V94', 'GRAPA PLANA PARA CABLE DE 8MM', 3, 1, 25, '', '', 94),
('V95', 'CINTA MASKING TAPE DE ? ', 3, 10, 0, '', '', 95),
('V96', 'TAQUETE DE PLASTICO GRIS DE ? ', 3, 1, 2, 'ANAQUEL F-8', '', 96),
('V97', 'RESISTOL 5000 DE 1 LITRO', 3, 8, 0, 'ANAQUEL F-5', '', 97),
('V98', 'RESIOSTOL 850 DE 1 LITRO', 3, 8, 0, 'ANAQUEL F-5', '', 98),
('V99', 'CINTA ANTIDERRAPANTE DE 5 MTS C/U', 3, 10, 46, 'ANAQUEL F-14', '', 99);

-- --------------------------------------------------------

--
-- Estructura de tabla para la tabla `detalle_egreso`
--

CREATE TABLE `detalle_egreso` (
  `iddetalle_egreso` int(11) NOT NULL,
  `idegreso` int(11) NOT NULL,
  `cod_articulo` varchar(11) COLLATE utf8_spanish_ci NOT NULL,
  `cantidad` int(11) NOT NULL
) ENGINE=InnoDB DEFAULT CHARSET=utf8 COLLATE=utf8_spanish_ci;

--
-- Volcado de datos para la tabla `detalle_egreso`
--

INSERT INTO `detalle_egreso` (`iddetalle_egreso`, `idegreso`, `cod_articulo`, `cantidad`) VALUES
(1, 1, 'ME102', 20),
(2, 1, 'ME104', 24),
(3, 2, 'ME102', 1),
(4, 2, 'H206', 1),
(5, 2, 'H102', 1);

--
-- Disparadores `detalle_egreso`
--
DELIMITER $$
CREATE TRIGGER `tr_updCantidadEgreso` AFTER INSERT ON `detalle_egreso` FOR EACH ROW BEGIN
UPDATE articulos SET cantidad = cantidad - NEW.cantidad
WHERE articulos.codigo = NEW.cod_articulo;
END
$$
DELIMITER ;

-- --------------------------------------------------------

--
-- Estructura de tabla para la tabla `detalle_ingreso`
--

CREATE TABLE `detalle_ingreso` (
  `iddetalle_ingreso` int(11) NOT NULL,
  `idingreso` int(11) NOT NULL,
  `cod_articulo` varchar(9) COLLATE utf8_spanish_ci NOT NULL,
  `cantidad` int(9) DEFAULT NULL,
  `precio_total` decimal(9,2) DEFAULT NULL
) ENGINE=InnoDB DEFAULT CHARSET=utf8 COLLATE=utf8_spanish_ci;

--
-- Volcado de datos para la tabla `detalle_ingreso`
--

INSERT INTO `detalle_ingreso` (`iddetalle_ingreso`, `idingreso`, `cod_articulo`, `cantidad`, `precio_total`) VALUES
(1, 4, 'ME10', 12, NULL),
(2, 4, 'ME102', 12, NULL),
(3, 4, 'ME104', 12, NULL),
(4, 4, 'ME108', 12, NULL),
(5, 4, 'V1', 20, NULL),
(6, 5, 'ME152', 12, NULL),
(7, 5, 'ME156', 12, NULL),
(8, 5, 'ME212', 12, NULL),
(9, 5, 'ME71', 12, NULL),
(10, 6, 'D1', 12, NULL),
(11, 6, 'D10', 12, NULL),
(12, 6, 'D100', 12, NULL),
(13, 7, 'ME10', 12, NULL),
(14, 7, 'V10', 12, NULL),
(15, 7, 'ML1', 12, NULL),
(16, 7, 'D94', 12, NULL),
(17, 7, 'R33', 12, NULL),
(18, 8, 'H1', 1, NULL),
(19, 8, 'P12', 3, NULL),
(20, 8, 'H366', 4, NULL);

-- --------------------------------------------------------

--
-- Estructura de tabla para la tabla `detalle_solicitud`
--

CREATE TABLE `detalle_solicitud` (
  `iddetalle_solicitud` int(11) NOT NULL,
  `solicitud` int(11) NOT NULL,
  `egreso` int(11) NOT NULL,
  `trabajador` int(11) NOT NULL,
  `fecha` date DEFAULT NULL,
  `total` decimal(9,2) DEFAULT NULL,
  `documento` varchar(45) COLLATE utf8_spanish_ci DEFAULT NULL,
  `descripcion` text COLLATE utf8_spanish_ci NOT NULL
) ENGINE=InnoDB DEFAULT CHARSET=utf8 COLLATE=utf8_spanish_ci;

--
-- Volcado de datos para la tabla `detalle_solicitud`
--

INSERT INTO `detalle_solicitud` (`iddetalle_solicitud`, `solicitud`, `egreso`, `trabajador`, `fecha`, `total`, `documento`, `descripcion`) VALUES
(1, 260, 2, 1, '2021-12-22', '15000.00', 'Documento', ''),
(2, 267, 2, 2, '2021-12-22', NULL, 'Documento', ''),
(3, 150, 1, 1, '2022-01-11', '1232.00', 'Documento', ''),
(4, 261, 1, 2, '2022-01-14', '25000.00', 'Doc', ''),
(5, 2, 1, 1, '2021-12-31', '0.00', 'Documento', ''),
(8, 5, 2, 1, '2022-01-13', '12000.00', 'Doc', ''),
(9, 272, 2, 2, '2022-01-01', '123456.00', 'qwerty', ''),
(10, 56, 2, 2, '2022-01-24', '25000.00', 'Documento', 'Una descripcion'),
(11, 273, 2, 1, '2022-01-24', '2500.00', 'Doc', 'Se deberá realizar la busqueda'),
(12, 273, 2, 1, '2022-01-27', '2100.00', 'Documento', 'Tomando en cuenta que se realizó la búsqueda, sólo queda implementar'),
(13, 273, 1, 1, '2022-01-28', '1200.00', 'Documento', 'Fallos en la implementación');

-- --------------------------------------------------------

--
-- Estructura de tabla para la tabla `egresos`
--

CREATE TABLE `egresos` (
  `idegreso` int(11) NOT NULL,
  `fecha` date NOT NULL,
  `trabajador` int(9) NOT NULL,
  `razon` text COLLATE utf8_spanish_ci DEFAULT NULL,
  `archivo` varchar(45) COLLATE utf8_spanish_ci DEFAULT NULL,
  `comentarios` text COLLATE utf8_spanish_ci DEFAULT NULL
) ENGINE=InnoDB DEFAULT CHARSET=utf8 COLLATE=utf8_spanish_ci;

--
-- Volcado de datos para la tabla `egresos`
--

INSERT INTO `egresos` (`idegreso`, `fecha`, `trabajador`, `razon`, `archivo`, `comentarios`) VALUES
(1, '2021-12-23', 1, 'Sin ninguna razón', 'Documento', 'Sin comentarios'),
(2, '2021-12-23', 1, 'Minuta', 'Documento', 'Se sacó todo esto para reparación de tal cosa');

-- --------------------------------------------------------

--
-- Estructura de tabla para la tabla `estados_trabajador`
--

CREATE TABLE `estados_trabajador` (
  `idestado_trabajador` int(11) NOT NULL,
  `estado_trabajador` varchar(15) DEFAULT NULL
) ENGINE=InnoDB DEFAULT CHARSET=utf8mb4;

--
-- Volcado de datos para la tabla `estados_trabajador`
--

INSERT INTO `estados_trabajador` (`idestado_trabajador`, `estado_trabajador`) VALUES
(1, 'Activo'),
(2, 'Con permiso'),
(3, 'En comisión'),
(4, 'De vacaciones'),
(5, 'Inactivo');

-- --------------------------------------------------------

--
-- Estructura de tabla para la tabla `evento`
--

CREATE TABLE `evento` (
  `id` int(11) NOT NULL,
  `titulo` varchar(45) COLLATE utf8_spanish_ci NOT NULL,
  `descripcion` text COLLATE utf8_spanish_ci NOT NULL,
  `fecha` date NOT NULL
) ENGINE=InnoDB DEFAULT CHARSET=utf8 COLLATE=utf8_spanish_ci;

--
-- Volcado de datos para la tabla `evento`
--

INSERT INTO `evento` (`id`, `titulo`, `descripcion`, `fecha`) VALUES
(1, 'mantenimiento', 'Se le dará mant a la pc del jefé', '2022-02-09'),
(2, 'Mantenimiento pc jafe', 'Se le dará mantenimiento a la pc del jefe', '2022-01-27'),
(3, 'Otro', 'El equipo del area de almacen esta fallando en su entreda de productos y esta más lenta de lo ususal, reparar', '2022-01-28'),
(4, 'Maintance', 'Maintance', '2022-02-14'),
(5, 'Mantenimiento correctivo', 'Mantenimiento correctivo de la pc de Laura', '2022-02-16'),
(6, 'Mantenimiento correctivo', 'Mantenimiento correctivo de la pc del inge, no imprime ', '2022-01-28'),
(7, 'Evento', 'Descripción de un evento de mantenimieto', '2022-01-29'),
(8, 'Mañana ', 'Mañana habrá un evento importante en el departamento', '2022-02-05'),
(10, 'Un titulo', 'Se debe componer la impresora lo más antes posible, pc de mantenimiento', '2022-02-15'),
(11, 'Un titulo', 'Se debe componer la impresora de mantenimiento lo más antes posible', '2022-02-15'),
(12, 'Correctivo ', 'Darle mantenimiento correctivo a la pc de coordinación', '2022-02-24'),
(13, 'Correctivo', 'Mantenimiento correctivo a la pc de vehiculos', '2022-03-02'),
(14, 'Correctivo', 'Mantenimiento correctivo a la pc de mantenimiento', '2022-03-07');

-- --------------------------------------------------------

--
-- Estructura de tabla para la tabla `folios`
--

CREATE TABLE `folios` (
  `num_orden` int(11) NOT NULL,
  `unidad` varchar(150) COLLATE utf8_spanish2_ci DEFAULT NULL,
  `jurisdiccion_sanitaria` int(11) DEFAULT NULL,
  `oficina` int(11) NOT NULL,
  `partida` int(11) NOT NULL,
  `num_solicitud_y_fecha` varchar(55) COLLATE utf8_spanish2_ci DEFAULT NULL,
  `fecha_cotizacion` varchar(45) COLLATE utf8_spanish2_ci DEFAULT NULL,
  `fecha_orden_de_trabajo` varchar(45) COLLATE utf8_spanish2_ci DEFAULT NULL,
  `fecha_entrega` date DEFAULT NULL,
  `fecha_factura` date DEFAULT NULL,
  `rfc` varchar(15) COLLATE utf8_spanish2_ci NOT NULL,
  `proveedor` varchar(45) COLLATE utf8_spanish2_ci DEFAULT NULL,
  `justificacion_gasto` text COLLATE utf8_spanish2_ci DEFAULT NULL,
  `importe` varchar(25) COLLATE utf8_spanish2_ci DEFAULT NULL,
  `iva` varchar(25) COLLATE utf8_spanish2_ci DEFAULT NULL,
  `total` varchar(25) COLLATE utf8_spanish2_ci DEFAULT NULL,
  `folio` int(11) DEFAULT NULL,
  `fecha_folio` date DEFAULT NULL,
  `fecha_recibido_control_presupuestal` date DEFAULT NULL,
  `observaciones` varchar(200) COLLATE utf8_spanish2_ci DEFAULT NULL
) ENGINE=InnoDB DEFAULT CHARSET=utf8 COLLATE=utf8_spanish2_ci;

--
-- Volcado de datos para la tabla `folios`
--

INSERT INTO `folios` (`num_orden`, `unidad`, `jurisdiccion_sanitaria`, `oficina`, `partida`, `num_solicitud_y_fecha`, `fecha_cotizacion`, `fecha_orden_de_trabajo`, `fecha_entrega`, `fecha_factura`, `rfc`, `proveedor`, `justificacion_gasto`, `importe`, `iva`, `total`, `folio`, `fecha_folio`, `fecha_recibido_control_presupuestal`, `observaciones`) VALUES
(1, 'CENTRO DE SALUD URBANO LOMA BONITA', 3, 202, 347, 'S/N\n28/12/2020', '03/01/2021', '07/01/2021', '2021-01-11', '2021-01-21', 'RALI810308FZ2', 'IVON JANET RAMIREZ LAGUNAS', 'MANTENIMIENTO DE IMPERMEABILIZACION EN EL AREA DE GOBIERNO DEL CENTRO DE SALUD URBANO DE LOMA BONITA', '$27,343.19', '$4,374.91', '$31,718.10', 763, '2021-03-26', '2021-05-03', 'FOLIO CON CLC'),
(2, 'HOSPITAL GENERAL \"DR. MACEDONIO BENÍTEZ FUENTES\" JUCHITAN DE ZARAGOZA', 2, 138, 355, 'N° HGMBF/DIRECCION/452/2020\r\n07/12/2020', '5, 6, 7 ENE/2021', '08/01/2021', '2021-01-13', '2021-01-14', 'IOA1509034E5', 'IMPERCONSTRUCTORES DE OAXACA SA DE CV ', 'MANTENIMIENTO CORRECTIVO A COMPRESOR GRADO MEDICO DE 20 HP MARCA ARGIMED MODELO W125 Y SERIE 18 3125 007 DEL HOSPITAL GENERAL DE JUCHITAN', '$149,800.00', '$23,968.00', '$173,768.00', 764, '2021-03-26', '2021-05-03', 'ELIMINADO'),
(3, 'HOSPITAL BÁSICO COMUNITARIO SAN JUAN BAUTISTA VALLE NAC', 3, 157, 347, 'S/N\n01/01/2021', '05/01/2021', '08/01/2021', '2021-01-13', '2021-01-21', 'SACS801030E52', 'SAUL SANCHEZ CONTRERAS', 'MANTENIMIENTO DE IMPERMEABILIZACION EN AZOTEA DEL AREA DE FACHADA PRINCIPAL Y URGENCIAS DEL HOSPITAL COMUNITARIO DE VALLE NACIONAL', '$29,148.77', '$4,663.80', '$33,812.57', 765, '2021-03-26', '2021-05-04', 'FOLIO CON CLC'),
(4, 'HOSPITAL GENERAL DE PUERTO ESCONDIDO', 4, 156, 355, 'N° HGPTO/0001/2021\r\n06/01/2021', '7, 7, 8 ENE/2021', '11/01/2021', '2021-01-13', '2021-01-14', 'RARD861029EX5', 'DAVID RAMALES RAMIREZ', 'MANTENIMIENTO PREVENTIVO CORRECTIVO DE LA PLANTA DE EMERGENCIA MOTOR CUMMINS MODELO QSL9G5 SERIE 46953194 Y TRANSFER DEL HOSP GRAL DE PTO ESCONDIDO', '$39,576.00', '$6,332.16', '$45,908.16', 766, '2021-03-26', '2021-04-08', 'FOLIO CON CLC'),
(5, 'HOSPITAL GENERAL \"DR. AURELIO VALDIVIESO\"', 1, 133, 347, 'N° SSO/HGDAV/DG/SA/005a/2021\r\n08/01/2021', '16,17,18 JUN/2021', '22/06/2021', '2021-06-30', '2021-07-19', 'RALI810308FZ2', 'IVON JANET RAMIREZ LAGUNAS', 'MANTENIMIENTO DE INSTALACION ELECTRICA INSTALACION SANITARIA INSTALACION HIDRAULICA E INSTALACION DE VAPOR EN EL AREA DE LAVANDERIA DEL HOSP GRAL DR AURELIO VALDIVIESO', '$153,221.11', '$24,515.38', '$177,736.49', 3054, '2021-08-24', '2021-09-30', ''),
(6, 'HOSPITAL GENERAL DE MARIA LOMBARDO DE CASO', 3, 139, 355, 'N° MANTTO-008-2021\n04/01/2021', '18, 19, 20 ENE/2021', '22/01/2021', '2021-01-28', '2021-01-31', '  SAZA700421JS1', 'ALEJANDRO SANTIAGO ZARATE', 'MANTENIMIENTO CORRECTIVO A EQUIPOS Y SISTEMAS DE LA FASE 1 DE LA PLANTA DE TRATAMIENTO DE AGUAS RESIDUALES DEL HOSP GRAL DE MARIA LOMBARDO DE CASO', '$125,500.00', '$20,080.00', '$145,580.00', 768, '2021-03-26', '2021-04-08', 'ELIMINADO'),
(7, 'HOSPITAL GENERAL DE TUXTEPEC', 3, 140, 355, 'N° 028/2021\n18/01/2021', '26/01/2021', '20, 21, 25 ENE/2021', '2021-01-29', '2021-02-01', 'RARD861029EX5', 'DAVID RAMALES RAMIREZ', 'MANTENIMIENTO CORRECTIVO A TRANSFERENCIA AUTOMATICA MARCA OTTOMOTORES DE 220 V 400 KW Y 1312 AMP DEL HOSPITAL GENERAL DE TUXTEPEC', '$42,879.00', '$6,860.64', '$49,739.64', 769, '2021-03-26', '2021-04-08', 'FOLIO CON CLC'),
(8, 'HOSPITAL BÁSICO COMUNITARIO LOMA BONITA', 3, 158, 347, 'S/N\n20/01/2021', '21, 21, 23 ENE/2021', '27/01/2021', '2021-02-01', '2021-02-18', 'RALI810308FZ2', 'IVON JANET RAMIREZ LAGUNAS', 'MANTENIMIENTO DE IMPERMEABILIZACION EN DUCTOS EN AZOTEA DEL AREA DE QUIROFANO DEL HBC DE LOMA BONITA', '$62,158.33', '$9,945.33', '$72,103.66', 776, '2021-03-26', '2021-05-03', 'ELIMINADO'),
(9, 'HOSPITAL GENERAL CD IXTEPEC', 2, 149, 355, 'N° 62\n19/01/2021', '25, 26, 28 ENE/2021', '01/02/2021', '2021-02-05', '2021-02-10', 'RARD861029EX5', 'DAVID RAMALES RAMIREZ', 'MANTENIMIENTO CORRECTIVO A TRANSFERENCIA AUTOMATICA CON MODULO DE CONTROL SELMEC S MC T DE 400 AMP 60 HZ Y 220 V DEL HOSP GRAL DE CD IXTEPEC', '$47,263.00', '$7,562.08', '$54,825.08', 777, '2021-03-26', '2021-04-08', 'FOLIO CON CLC'),
(10, 'HOSPITAL GENERAL CD IXTEPEC', 2, 149, 355, 'N° 76\n19/01/2021', '28, 29 ENE, 01 FEB/2021', '02/02/2021', '2021-02-08', '2021-02-16', 'TXA200730T99', 'TEAM XAO S.A. DE C.V.', 'MANTENIMIENTO CORRECTIVO A COMPRESOR GRADO MEDICO MARCA QUINCY COMPRESSOR MODELO QRDTDT2400012 SIN SERIE VISIBLE DE 240 GALONES DE CAPACIDAD DEL HOSPITAL GENERAL DE CD IXTEPEC', '$53,000.00', '$8,480.00', '$61,480.00', 778, '2021-03-26', '2021-04-08', 'FOLIO CON CLC'),
(11, 'HOSPITAL GENERAL SANTO DOMINGO TEHUANTEPEC', 2, 153, 355, 'N° HGT/0064/2021\n27/01/2021', '1, 2, 3 FEB/2021', '04/02/2021', '2021-02-09', '2021-02-11', 'CSE141223FC8', 'COMERCIAL DE SERVICIOS EMPRESARIALES BII-REFO', 'REPARACION DE EQUIPO DE AIRE ACOND DE 20 TR MARCA TRANE MODELO TSH300F3R0A0 Y SERIE 124410156D DEL AREA DE HOSPITALIZACION DEL HOSP GRAL DE TEHUANTEPEC', '$39,489.27', '$6,318.28', '$45,807.55', 779, '2021-03-26', '2021-04-08', 'FOLIO CON CLC'),
(12, 'HG REGIONAL SAN PEDRO POCHUTLA', 4, 141, 355, 'N° HGSPP/JMYSG/036/2021\n29/01/2021', '2, 3, 4 FEB/2021', '05/02/2021', '2021-02-10', '2021-02-13', 'DCC200128A21', 'DISEÑO Y CONSTRUCCIONES CIVILES MALU S.A DE C', 'REPARACION DE EQUIPO DE AIRE ACOND MARCA CARRIER TIPO DIVIDIDO MOD 38AUZA25AOAAOAO Y NUM SERIE N V DE LAS AREAS DE TOCOCIRUGIA Y QUIROFANO DEL HOSP GRAL DE POCHUTLA', '$108,722.27', '$17,395.56', '$126,117.83', 786, '2021-03-26', '2021-04-08', 'ELIMINADO'),
(13, 'HOSPITAL COMUNITARIO DE SOLA DE VEGA', 1, 168, 355, 'N° SSO/HCVSV/0127/2021\n27/01/2021', '3, 4, 5 FEB/2021', '08/02/2021', '2021-02-16', '2021-03-02', 'AATE760228S4A', 'EYSA MARENI ALVAREZ TORRES', 'MANTENIMIENTO CORRECTIVO A EQUIPOS Y SISTEMAS DE LA FASE 1 DE LA PLANTA DE TRATAMIENTO DE AGUAS RESIDUALES DEL HOSPITAL COMUNITARIO SOLA DE VEGA', '$123,380.00', '$19,740.80', '$143,120.80', 787, '2021-03-26', '2021-04-08', 'ELIMINADO'),
(14, 'HOSPITAL DE LA COMUNIDAD DE RIO GRANDE', 4, 163, 355, 'N° MTTO 2021/ENE/001\n28/01/2021', '3, 4, 5 FEB/2021', '08/02/2021', '2021-02-11', '2021-02-26', 'CCO150310RQ4', 'CONSTRUCTORA COVYCA S.A. DE C.V.', 'REPARACION DE EQUIPO DE AIRE ACOND MARCA TRANE MOD TCH210C300EA Y NUM DE SERIE 924100657D DEL AREA DE CONS EXT DEL HOSP DE LA COMUNIDAD DE RIO GRANDE', '$106,887.00', '$17,101.92', '$123,988.92', 789, '2021-03-26', '2021-04-08', 'ELIMINADO'),
(16, 'HOSPITAL GENERAL CD IXTEPEC', 2, 149, 355, 'N° 625\n07/01/2021', '20/01/2021', '22/01/2021', '2021-01-25', '2021-01-31', 'RALI810308FZ2', 'IVON JANET RAMIREZ LAGUNAS', 'MANTENIMIENTO DE DRENAJE SANITARIO EN EL AREA DE GOBIERNO DEL HOSPITAL GENERAL DE CIUDAD IXTEPEC', '$15,741.32', '$2,518.61', '$18,259.93', 1092, '2021-04-12', '2021-05-04', 'FOLIO CON CLC'),
(17, 'CENTRO DE SALUD URBANO DE SALINA CRUZ', 2, 198, 355, 'N° CSU/N°63/2021\n22/01/2021', '25/01/2021', '02/02/2021', '2021-02-09', '2021-02-10', 'GCM1808032V4', 'GRUPO CONSTRUCTOR MAYDAY SA DE CV ', 'MANTENIMIENTO CORRECTIVO A TRANSFERENCIA AUTOMATICA IGSA DE 220 V 500 AMP DE LA PLANTA DE EMERGENCIA DEL CSU DE SALINA CRUZ', '$29,697.00', '$4,751.52', '$34,448.52', 1016, '2021-04-14', '2021-05-03', 'FOLIO CON CLC'),
(18, 'HOSPITAL GENERAL CD IXTEPEC', 2, 149, 355, 'N° 71\n01/02/2021', '3, 4, 5 FEB/2021', '08/02/2021', '2021-02-12', '2021-02-27', 'GCC191014SD8', 'GRUPO COMERCIAL CAMAGER S.A DE C.V. ', 'MANTENIMIENTO PREVENTIVO A 16 EQUIPOS DE AIRE ACONDICIONADO DE DIF CAPACIDADES MARCAS MODELOS SERIES Y UBICACIONES DEL HOSP GRAL DE CD IXTEPEC', '$59,900.00', '$9,584.00', '$69,484.00', 1107, '2021-04-14', '2021-05-03', 'FOLIO CON CLC'),
(19, 'CESSA TEHUANTEPEC', 2, 114, 355, 'N° 012/2021\n01/02/2021', '05/02/2021', '09/02/2021', '2021-02-11', '2021-02-27', 'CJA200128I37', 'CONSTRUCCIONES JAPANDA S.A. DE C.V. ', 'REPARACION DE EQUIPO DE AIRE ACOND MARCA CARRIER CON NUM DE SERIE G092610773 DEL AREA DE URGENCIAS Y EQUIPO DE AIRE ACOND MARCA CARRIER CON NUM DE SERIE G092610771 DEL AREA DE GOBIERNO DEL CESSA DE TE', '$24,776.00', '$3,964.16', '$28,740.16', 1131, '2021-04-14', '2021-05-03', 'FOLIO CON CLC'),
(20, 'JURISDICCIÓN SANITARIA N° 2 \"ISTMO\"', 2, 109, 355, 'N° S/N\n02/02/2021', '4, 5, 6 FEB/2021', '11/02/2021', '2021-02-17', '2021-03-05', 'GCV200128ME2', 'GRUPO CONSTRUCTOR VINIZAA S.A DE C.V. ', 'REPARACION DE 2 EQ DE AIRE ACONDICIONADO DE LAS AREAS DE SALA DE ESPERA PLANEACION Y PASILLO ATENCION MEDICA INSTALADOS EN LA JURISD SANIT NUM 2 ISTMO', '$123,287.00', '$19,725.92', '$143,012.92', 1189, '2021-04-14', '2021-05-03', 'ELIMINADO'),
(21, 'HOSPITAL GENERAL DE TUXTEPEC', 3, 140, 355, 'N° 029/2021\n03/02/2021', '4, 5, 8 FEB/2021', '12/02/2021', '2021-02-15', '2021-02-16', 'RARD861029EX5', 'DAVID RAMALES RAMIREZ', 'MANTENIMIENTO PREVENTIVO A PLANTA DE EMERGENCIA MARCA OTTOMOTORES DE 400 KW 220 VCA MOTOR PERKINS DEL HOSPITAL GENERAL DE TUXTEPEC', '$32,546.00', '$5,207.36', '$37,753.36', 1190, '2021-04-14', '2021-05-03', 'FOLIO CON CLC'),
(22, 'HOSP. GRAL. CON ESPECIALIDADES DE SALINA CRUZ', 2, 137, 355, 'N° HGSC/JMYSG/019/2021\n05/02/2021', '9, 10, 11 FEB/2021', '16/02/2021', '2021-02-20', '2021-02-22', 'RARD861029EX5', 'DAVID RAMALES RAMIREZ', 'MANTENIMIENTO PREVENTIVO A PLANTA DE EMERGENCIA MARCA OTTOMOTORES MOTOR CUMMINS NTA855 G3 NUM SERIE 43204829 DE 350 KW 220 127 60 HZ DEL HOSP GRAL CON ESP DE SALINA CRUZ', '$41,861.00', '$6,697.76', '$48,558.76', 1192, '2021-04-14', '2021-05-03', 'FOLIO CON CLC'),
(23, 'HOSPITAL GENERAL DE MARIA LOMBARDO DE CASO', 3, 139, 355, 'N° MANTTO-010-2021\n10/02/2021', '14, 15, 16 FEB/2021', '18/02/2021', '2021-02-24', '2021-02-26', 'SAZA700421JS1', 'ALEJANDRO SANTIAGO ZARATE', 'MANTENIMIENTO CORRECTIVO A EQUIPOS Y SISTEMAS DE LA FASE 2 DESINFECCION DE LAS AGUAS RESIDUALES DE LA PTAR DEL HOSPITAL GENERAL DE MARIA LOMBRDO DE CASO', '$131,206.90', '$20,993.10', '$152,200.00', 1200, '2021-04-14', '2021-05-04', 'EXPORTADO'),
(24, 'CESSA VILLA DE TUTUTEPEC', 4, 184, 355, 'N° 021/CVT/ADMON/2021\n15/02/2021', '18/02/2021', '19/02/2021', '2021-02-24', '2021-02-26', 'GCM1808032V4', 'GRUPO CONSTRUCTOR MAYDAY SA DE CV ', 'MANTENIMIENTO PREVENTIVO DE LA PLANTA GENERADORA DE ENERGIA ELECTRICA MOTOR CUMMINS MODELO 4 BT3 9G4 Y TRANSFERENCIA AUTOMATICA DEL CESSA DE TUTUTEPEC', '$29,827.59', '$4,772.41', '$34,600.00', 1201, '2021-04-14', '2021-05-03', 'FOLIO CON CLC'),
(25, 'HOSPITAL COMUNITARIO DE SOLA DE VEGA', 1, 168, 355, 'N° SSO/HCVSV/0128/2021\n19/02/2021', '22, 23, 24 FEB/2021', '26/023/2021', '2021-03-12', '2021-03-19', 'AATE760228S4A', 'EYSA MARENI ALVAREZ TORRES', 'MANTENIMIENTO CORRECTIVO A EQUIPOS Y SISTEMAS DE LA FASE 2 DESINFECCION DE LAS AGUAS RESIDUALES DE LA PTAR DEL HOSPITAL COMUNITARIO SOLA DE VEGA', '$132,120.00', '$21,139.20', '$153,259.20', 1212, '2021-04-14', '2021-05-04', 'ELIMINADO'),
(26, 'HOSP. GRAL. CON ESPECIALIDADES DE SALINA CRUZ', 2, 137, 355, 'N° HGSC/JMYSG/025/2021\n29/01/2021', '22, 23, 24 FEB/2021', '26/02/2021', '2021-03-05', '2021-04-19', 'IOA1509034E5', 'IMPERCONSTRUCTORES DE OAXACA SA DE CV ', 'MANTENIMIENTO PREVENTIVO CAMBIO DEL FILTROS HEPA Y TIPO BOLSA DE 4 EQUIPOS DE AIRE ACONDICIONADO DE LAS AREAS DE TOCOCIRUGIA MODULO MATER PASILLO SALA 2 CEYE Y SALA 1 Y RECUPERACION DEL HOSP GRAL CON ', '$147,600.00', '$23,616.00', '$171,216.00', 1198, '2021-04-14', '2021-05-04', 'ELIMINADO'),
(27, 'HOSPITAL GENERAL CD IXTEPEC', 2, 149, 355, 'N? 73\n03/02/2021', '05, 09, 10 FEB/2021', '12/02/2021', '2021-02-16', '2021-02-27', 'GCC191014SD8', 'GRUPO COMERCIAL CAMAGER S.A DE C.V. ', 'MANTENIMIENTO CORRECTIVO DE EQUIPO DE AIRE ACONDICIONADO DE 10 TR MARCA CARRIER MODELO 50TC D12A2A5AOAOAO Y SERIE 4919P32121 DEL AREA NEONATAL DEL HOSPITAL GENERAL DE CD IXTEPEC', '$52,844.00', '$8,455.04', '$61,299.04', 2387, '2021-07-05', '2021-11-11', ''),
(28, 'HOSPITAL GENERAL DE MARIA LOMBARDO DE CASO', 3, 139, 355, 'N? MANTTO-001-2021\n04/01/2021', '12/02/2021', '16/02/2021', '2021-02-19', '2021-02-26', 'GCH061212UX5', 'GRUPO CONSTRUCTOR HANIEL S.A. DE C.V.', 'MANTENIMIENTO PREVENTIVO A PLANTA DE EMERGENCIA MARCA JHON DEERE MODELO PE60681 Y NMERO DE SERIE 774928 DEL HOSPITAL GENERAL DE MARIA LOMBARDO DE CASO', '$28,930.00', '$4,628.80', '$33,558.80', 2382, '2021-07-05', '2021-11-11', ''),
(29, 'HOSPITAL COMUNITARIO DE SANTA CATARINA JUQUILA', 4, 147, 355, 'N? 018-MTTO-SG-FEB/2021\n11/02/2021', '16/02/2021', '17/02/2021', '2021-02-23', '2021-02-28', 'GCH061212UX5', 'GRUPO CONSTRUCTOR HANIEL S.A. DE C.V.', 'MANTENIMIENTO CORRECTIVO Y PREVENTIVO A PLANTA DE EMERGENCIA MARCA IGSA DE 30 KW, SERIE ATX 7460, MOTOR JOHN DEERE Y TRANSFERENCIA AUTOMATICA DEL HOSPITAL COMUNITARIO DE SANTA CATARINA JUQUILA', '$30,000.00', '$4,800.00', '$34,800.00', 2380, '2021-07-05', '2021-11-11', ''),
(30, 'HOSPITAL DE LA COMUNIDAD DE SANTOS REYES NOPALA', 4, 164, 355, 'N? 349/2021\n22/03/2021', '24, 25, 26 MAR/2021', '30/03/2021', '2021-04-06', '2021-04-12', 'CULC970920DS0', 'CARLOS DANIEL CRUZ LOPEZ', 'MANTENIMIENTO PREVENTIVO Y CORRECTIVO DE EQ DE AIRE ACOND MARCA TRANE CON NUM DE SERIE 836101603L DEL AREA DE HOSPITALIZACION DEL HOSPITAL DE SANTOS REYES NOPALA', '$143,335.71', '$22,933.71', '$166,269.42', 1218, '2021-04-14', '2021-05-04', 'ELIMINADO'),
(31, 'HG REGIONAL SAN PEDRO POCHUTLA', 4, 141, 347, 'N? HGSPP/JMYSG/049/2021\n12/03/2021', '16,17, 18 MAR/2021', '23/03/2021', '2021-03-31', '2021-04-16', 'EMM200603HA6', 'EQUIPOS MEDICOS Y MATERIAL DE CURACION PHARMA', 'MANTENIMIENTO CORRECTIVO Y PREVENTIVO DE COMPRESOR DE AIRE GRADO MEDICO MARCA ARIGMED, MODELO TRIPLEX Y CON NUMERO DE SERIE CT10 1000 0512 9061 DEL HOSPITAL GENERAL DE SAN PEDRO POCHUTLA', '$148,500.00', '$23,760.00', '$172,260.00', 2383, '2021-07-05', '2021-11-11', ''),
(32, 'HG REGIONAL SAN PEDRO POCHUTLA', 4, 141, 347, 'N? HGSPP/JMYSG/050/2021\n19/04/2021', '22, 24, 26 ABR/2021', '27/04/2021', '2021-05-04', '2021-05-06', 'SACS801030E52', 'SAUL SANCHEZ CONTRERAS', 'MANTENIMIENTO A INSTALACION HIDRAULICA DE ALIMENTACION DE POZO A CISTERNA DEL HOSPITAL GENERAL DE POCHUTLA', '$59,956.04', '$9,592.97', '$69,549.01', 2386, '2021-07-05', '2021-11-11', ''),
(33, 'HOSPITAL GENERAL \"DR. MACEDONIO BENÍTEZ FUENTES\" JUCHIT', 2, 138, 355, 'N? HGMBF/211/2020\n19/04/2021', '26,27,28 ABR/2021', '29/04/2021', '2021-05-04', '2021-06-16', 'CBA180104URA', 'CONSTRUCTORA BAALAT S.A. DE C.V.', 'REPARACION DE 7 EQUIPOS DE AIRE ACONDICIONADO DEL AREA DE QUIROFANO CON NUM DE SERIES N1N7386443 N1F7880338 N1N7386440 N1F579974 N1F7828975 N1F7819220 N1H8120610 DEL HOSPITAL DE JUCHITAN', '$89,896.90', '$14,383.50', '$104,280.40', 3058, '2021-08-24', '2021-09-29', ''),
(34, 'DIRECCIÓN GENERAL', 0, 1, 347, 'N? 1C/DGCA/288/2021\n20/04/2021', '6,7,.8 MAY/2021', '11/05/2021', '2021-05-19', '2021-06-29', 'CBA180104URA', 'CONSTRUCTORA BAALAT S.A. DE C.V.', 'MANTENIMIENTO MENOR DE LAS AREAS DE DIRECCION GENERAL AREA ADMINISTRATIVA Y FACHADA EXTERIOR EN EL INMUEBLE UBICADO EN JP GARCIA 103', '$47,846.20', '$7,655.39', '$55,501.59', 3055, '2021-08-29', '2021-09-30', ''),
(35, 'HOSPITAL COMUNITARIO SAN JACINTO TLACOTEPEC', 1, 151, 347, 'N? 277/2021\n10/05/2021', '13, 15 (2) MAY/2021', '27/05/2021', '2021-06-01', '2021-06-03', 'RALI810308FZ2', 'IVON JANET RAMIREZ LAGUNAS', 'MANTENIMIENTO DE RED HIDRAULICA DE POZO A CISTERNA DEL HOSPITAL COMUNITARIO DE SAN JACINTO TLACOTEPEC', '$29,971.89', '$4,795.50', '$34,767.39', 2384, '2021-07-05', '2021-11-11', ''),
(36, 'HOSPITAL DE LA COMUNIDAD DE SAN PEDRO TAPANATEPEC', 2, 152, 355, 'N? HCSPT/2021/JEF. M/0306\n14/05/2021', '19,20,21 MAY/2021', '27/05/2021', '2021-06-01', '2021-06-10', 'CBA180104URA', 'CONSTRUCTORA BAALAT S.A. DE C.V.', 'MTTO PREVENTIVO Y CORRECTIVO A PLANTA DE EMERGENCIA ELCTRICA DE 75 KVA MARCA IGSA Y TRANSF AUTOMTICA DEL H B CSAN PEDRO TAPANATEPEC', '$53,448.28', '$8,551.72', '$62,000.00', 3418, '2021-09-22', '2021-09-30', ''),
(37, 'HOSP. GRAL. CON ESPECIALIDADES DE SALINA CRUZ', 2, 137, 355, 'N? HGSC/JMYSG/078/2021\n11/05/2021', '14,15,17 MAY/2021', '21/05/2021', '2021-06-04', '2021-06-07', 'CAP170119MA6', 'CONSTRUCCIONES ASESORIA Y PROYECTOS COCIF S.A', 'RETIRO DE CALDERA DE VAPOR AUTOMATICA TIPO PAQUETE CON CAPACIDAD DE 40CC MODELO A2FG2 SERIE 14040P 00RG 04 MARCA POWER MASTER DEL HOSP GRAL DE SALINA CRUZ', '$88,267.96', '$14,122.87', '$102,390.83', 3057, '2021-08-24', '2021-09-29', ''),
(38, 'HG REGIONAL SAN PEDRO POCHUTLA', 4, 141, 347, 'N? HGSPP/JMYSG/089/2021\n05/07/2021', '09/07/2021', '12/07/2021', '2021-07-15', '2021-07-22', 'CPP190919AS6', 'CONSTRUCCIONES PROGRESISTAS DEL PACIFICO S.A.', 'MANTENIMIENTO CORRECTIVO A SISTEMA DE CONTROL DE LA PLANTA DE EMERGENCIA MCA MAQUINARIA CAR 312 KVA DEL HOSPITAL GENERAL DE SAN PEDRO POCHUTLA', '$17,100.00', '$2,736.00', '$19,836.00', 3574, '2021-09-29', '2021-09-30', ''),
(39, 'HOSPITAL COMUNITARIO SAN PEDRO HUAMELULA', 2, 165, 355, 'N? HCSH/091/2021\n03/05/2021', '10,12,13 MAY/2021', '02/06/2021', '2021-06-08', '2021-08-28', 'SCD2007239Q0', 'SERVICIOS, CONSTRUCCIONES Y DISEёO VILLA, S.A', 'MANTENIMIENTO CORRECTIVO A PLANTA DE EMERGENCIA CON CAPACIDAD DE 630 A 800 AMPERES Y TABLERO DE TRANSFERENCIA AUTOMATICA DE 630 AMPERES DEL HOSP COMUNITARIO DE SN PEDRO HUAMELULA', '$135,000.00', '$21,600.00', '$156,600.00', 3223, '2021-09-01', '2021-09-30', ''),
(40, 'COORDINACIÓN INSTITUCIONAL', 0, 2, 355, 'N? 2C/345/06/2021\n01/06/2021', '19,20,21 JUL/2021', '26/07/2021', '2021-07-29', '2021-07-30', 'CPP190919AS6', 'CONSTRUCCIONES PROGRESISTAS DEL PACIFICO S.A.', 'MANTENIMIENTO CORRECTIVO Y PREVENTIVO DE LA PLANTA DE ENERGIA SOLICITADO POR LA COORD INSTITUCIONAL DE LOS SSO', '$34,200.00', '$5,472.00', '$39,672.00', 3573, '2021-09-29', '2021-09-30', ''),
(41, 'HOSPITAL GENERAL CD IXTEPEC', 2, 149, 355, 'N? 0367\n16/08/2021', '18,19,19 AGO/2021', '20/08/2021', '2021-08-27', '2021-09-08', 'SIY160205482', 'SUMINISTRADORA E IMPLEMENTOS LA YAKI S.A. DE ', 'MANTENIMIENTO PREVENTIVO Y CORRECTIVO MAYOR A PLANTA DE EMERGENCIA CON MOTOR JHON DEERE DE 80 KW Y MANTENIMIENTO PREVENTIVO A TABLERO DE TRANSFERENCIA AUTOMATICA DE 400 AMP DEL HOSPITAL GENERAL DE CD ', '$140,814.85', '$22,530.38', '$163,345.23', 3575, '2021-09-30', '2021-10-08', ''),
(43, 'C.S. STA. CRUZ XOXOCOTLÁN', 1, 190, 347, 'N? JS1/CSX/0100/2021\n06/08/2021', '18,19,19 AGO/2021', '23/08/2021', '2021-09-01', '2021-09-09', 'CMR151125MC2', 'CONSTRUCCIONES, MANTENIMIENTO Y RENTA DE MAQU', 'ACONDICIONAMIENTO DE ESPACIO PARA AREA DE VACUNACION DEL CENTRO DE SALUD DE SANTA CRUZ XOXOCOTLAN', '$142,904.99', '$22,864.80', '$165,769.79', 3701, '2021-09-30', '2021-10-08', ''),
(45, 'HOSPITAL DE LA COMUNIDAD DE RIO GRANDE', 4, 163, 355, 'N? DIR/AGOS/2021/060\n20/08/2021', '24,25,26 AGO/2021', '27/08/2021', '2021-08-31', '2021-09-08', 'GCC120221L81', 'GRUPO CONSTRUCTOR Y CARRETERO IOTA LAMBDA S.A', 'MANTENIMIENTO MAYOR CORRECTIVO Y PREVENTIVO A PLANTA DE EMERGENCIA MOTOR CUMMINS DE 125 KW Y MANTENIMIENTO PREVENTIVO A TRANSFERENCIA AUTOMATICA DE 400 AMP DEL HOSPITAL DE LA C DE RIO GRANDE', '$149,504.01', '$23,920.64', '$173,424.65', 3577, '2021-09-30', '2021-10-08', ''),
(46, 'HG REGIONAL SAN PEDRO POCHUTLA', 4, 141, 347, 'N? HGSPP/DIR/098/2021\n23/08/2021', '265,26,27 AGO/2021', '30/08/2021', '2021-09-04', '2021-09-08', 'SIY160205482', 'SUMINISTRADORA E IMPLEMENTOS LA YAKI S.A. DE ', 'MANTENIMIENTO DE IMPERMEABILIZANTE EN LOSA DE AZOTEA Y PLAFONES EN MAL ESTADO EN LAS AREAS DE HOSPITALIZACION Y LABORATORIO DEL HOSPITAL GENERAL DE SAN PEDRO POCHUTLA', '$149,991.83', '$23,998.69', '$173,990.52', 3700, '2021-09-30', '2021-10-08', ''),
(47, 'HOSPITAL BÁSICO COMUNITARIO SAN JUAN BAUTISTA VALLE NAC', 3, 157, 355, 'N? 199 BIS/2021\n16/08/2021', '26,27,28 AGO/2021', '31/08/2021', '2021-09-04', '2021-09-08', 'GCC120221L81', 'GRUPO CONSTRUCTOR Y CARRETERO IOTA LAMBDA S.A', 'MANTENIMIENTO CORRECTIVO A 2 EQUIPOS DE AIRE ACONDICIONADO DE LAS AREAS DE HOSPITALIZACION Y URGENCIAS DEL HBC SAN JUAN BAUTISTA VALLE NACIONAL', '$74,568.98', '$11,931.03', '$86,500.01', 3420, '2021-09-30', '2021-10-08', ''),
(48, 'HOSPITAL GENERAL \"DR. AURELIO VALDIVIESO\"', 1, 133, 347, 'N? SSO/HGDAV/DG/SA/275/1/2021\n23/08/2021', '30/08/2021', '01/09/2021', '2021-09-07', '2021-09-14', 'GCX180221VA4', 'GCX180221VA4\nGRUPO CONSTRUCTOR XANTI S.A. DE ', 'ACONDICIONAMIENTO Y MANTENIMIENTO DE ESPACIOS EN EL REA DE PEDIATRIA DEL HOSPITAL GENERAL DR AURELIO VALDIVIESO', '$149,565.00', '$23,930.40', '$173,495.40', 3362, '2021-09-14', '2021-09-30', ''),
(49, 'HOSPITAL GENERAL CD IXTEPEC', 2, 149, 355, 'N? HCSPH/0348/2021\n27/08/2021', '28,31,31/ AGO 2021', '01/09/2021', '2021-09-08', '2021-09-10', 'CMR151125MC2', 'CONSTRUCCIONES, MANTENIMIENTO Y RENTA DE MAQU', 'MANTENIMIENTO CORRECTIVO MAYOR AL TABLERO DE TRANSFERENCIA AUTOMATICA DE 400 AMP DE LA PLANTA DE EMERGENCIA DE 80 KW DEL HOSPITAL GENERAL DE CD IXTEPEC', '$149,985.15', '$23,997.62', '$173,982.77', 3579, '2021-09-29', '2021-10-08', ''),
(50, 'HOSPITAL DE LA COMUNIDAD DE RIO GRANDE', 4, 163, 355, 'N? DIR/AGOS/2021/059\n31/08/2021', '1,2,2 SEP/2021', '03/09/2021', '2021-09-08', '2021-09-10', 'CSE170721AX6', 'CONSTRUCTORA DEL SURESTE EHECOATL S.A. DE C.V', 'MANTENIMIENTO CORRECTIVO MAYOR A TABLERO DE TRANSFERENCIA DE 400 AMP A BASE DE SWITCH TRANSFER DOBLE TIRO DEL HOSPITAL DE LA C DE RIO GRANDE', '$149,995.99', '$23,999.36', '$173,995.35', 3582, '2021-09-29', '2021-10-08', ''),
(51, 'HG REGIONAL SAN PEDRO POCHUTLA', 4, 141, 347, 'N? HGSPP/DIR/097/2021\n30/08/2021', '1,2,3 SEP/2020', '03/09/2021', '2021-09-07', '2021-09-09', 'CMR151125MC2', 'CONSTRUCCIONES, MANTENIMIENTO Y RENTA DE MAQU', 'MANTENIMIENTO DE IMPERMEABILIZANTE EN LAS AREAS DE CONSULTA EXTERNA Y TOCOCIRUGIA DEL HOSPITAL GENERAL REGIONAL DE SAN PEDRO POCHUTLA', '$149,920.50', '$23,987.28', '$173,907.78', 3702, '2021-09-30', '2021-10-08', ''),
(52, 'C.S. STA. CRUZ XOXOCOTLÁN', 1, 190, 347, 'N? JS1/CSX/099/2021\n30/08/2021', '1,2,2 SEP/2021', '06/09/2021', '2021-09-10', '2021-09-13', 'GCC120221L81', 'GRUPO CONSTRUCTOR Y CARRETERO IOTA LAMBDA S.A', 'ACONDICIONAMIENTO DE ACCESO DE ENTRADA PARA AMBULANCIA EN EL CENTRO DE SALUD DE SANTA CRUZ XOXOCOTLAN', '$149,857.92', '$23,977.27', '$173,835.19', 3699, '2021-09-30', '2021-10-08', ''),
(56, 'HOSPITAL GENERAL \"DR. MACEDONIO BENÍTEZ FUENTES\" JUCHIT', 2, 138, 347, 'N? HGMBF/DIRECCION/452/2020\n07/12/2020', '27/08/2021 (3)', '03/09/2021', '2021-09-09', '2021-09-29', 'GCX180221VA4', 'GRUPO CONSTRUCTOR XANTI S.A. DE C.V.', 'MANTENIMIENTO CORRECTIVO EN LA LOSA SUPERIOR CORRECCION DE FILTRACIONES EN VENTANAS Y APLICACION DE IMPERMEABILIZANTE DEL HOSPITAL GENERAL DR MACEDONIO BENITEZ FUENTES DE JUCHITAN DE ZARAGOZA', '$149,855.00', '$23,976.80', '$173,831.80', 3694, '2021-09-30', '2021-10-21', '');

-- --------------------------------------------------------

--
-- Estructura de tabla para la tabla `fondo_revolvente`
--

CREATE TABLE `fondo_revolvente` (
  `idfondo` int(11) NOT NULL,
  `total` int(45) DEFAULT NULL,
  `usado` int(45) DEFAULT NULL,
  `disponible` int(45) DEFAULT NULL
) ENGINE=InnoDB DEFAULT CHARSET=utf8 COLLATE=utf8_spanish_ci;

--
-- Volcado de datos para la tabla `fondo_revolvente`
--

INSERT INTO `fondo_revolvente` (`idfondo`, `total`, `usado`, `disponible`) VALUES
(1, 15000, 6000, 9000);

-- --------------------------------------------------------

--
-- Estructura de tabla para la tabla `horarios`
--

CREATE TABLE `horarios` (
  `idhorario` int(11) NOT NULL,
  `hora_entrada` time DEFAULT NULL,
  `hora_salida` time DEFAULT NULL
) ENGINE=InnoDB DEFAULT CHARSET=utf8mb4;

--
-- Volcado de datos para la tabla `horarios`
--

INSERT INTO `horarios` (`idhorario`, `hora_entrada`, `hora_salida`) VALUES
(1, '08:00:00', '13:30:00'),
(2, '08:00:00', '14:00:00'),
(3, '08:00:00', '15:00:00');

-- --------------------------------------------------------

--
-- Estructura de tabla para la tabla `ingreso`
--

CREATE TABLE `ingreso` (
  `idingreso` int(11) NOT NULL,
  `tipo_comprobante` varchar(20) COLLATE utf8_spanish_ci NOT NULL,
  `fecha_hora` date DEFAULT NULL,
  `estado` varchar(15) COLLATE utf8_spanish_ci DEFAULT NULL,
  `archivo` varchar(45) COLLATE utf8_spanish_ci DEFAULT NULL,
  `comentarios` text COLLATE utf8_spanish_ci NOT NULL
) ENGINE=InnoDB DEFAULT CHARSET=utf8 COLLATE=utf8_spanish_ci;

--
-- Volcado de datos para la tabla `ingreso`
--

INSERT INTO `ingreso` (`idingreso`, `tipo_comprobante`, `fecha_hora`, `estado`, `archivo`, `comentarios`) VALUES
(4, 'Documento', '2021-12-17', 'Realizado', NULL, ''),
(5, 'Documento', '2021-12-17', 'Pendiente', NULL, ''),
(6, 'Documento', '2021-12-17', 'Pendiente', NULL, ''),
(7, 'Documento', '2021-12-20', 'Pendiente', NULL, ''),
(8, 'qwerty', '2022-01-18', 'Pendiente', NULL, '');

-- --------------------------------------------------------

--
-- Estructura de tabla para la tabla `migrations`
--

CREATE TABLE `migrations` (
  `migration` varchar(255) COLLATE utf8_unicode_ci NOT NULL,
  `batch` int(11) NOT NULL
) ENGINE=InnoDB DEFAULT CHARSET=utf8 COLLATE=utf8_unicode_ci;

--
-- Volcado de datos para la tabla `migrations`
--

INSERT INTO `migrations` (`migration`, `batch`) VALUES
('2014_10_12_000000_create_users_table', 1),
('2014_10_12_100000_create_password_resets_table', 1);

-- --------------------------------------------------------

--
-- Estructura de tabla para la tabla `oficinas`
--

CREATE TABLE `oficinas` (
  `num_oficina` int(11) NOT NULL,
  `unidad` varchar(150) COLLATE utf8_spanish2_ci DEFAULT NULL,
  `nombre_corto` varchar(55) COLLATE utf8_spanish2_ci DEFAULT NULL,
  `jurisdiccion` varchar(11) COLLATE utf8_spanish2_ci DEFAULT NULL,
  `programa` varchar(45) COLLATE utf8_spanish2_ci DEFAULT NULL,
  `descripcion` text COLLATE utf8_spanish2_ci DEFAULT NULL
) ENGINE=InnoDB DEFAULT CHARSET=utf8 COLLATE=utf8_spanish2_ci;

--
-- Volcado de datos para la tabla `oficinas`
--

INSERT INTO `oficinas` (`num_oficina`, `unidad`, `nombre_corto`, `jurisdiccion`, `programa`, `descripcion`) VALUES
(1, 'OFICINA DEL DIRECTOR', NULL, '1', '01-052', ''),
(2, 'COORD. INSTITUCIONAL', NULL, NULL, '01-053', ''),
(3, 'UNIDAD DE SEGUIMIENTO INSTITUCIONAL', NULL, NULL, '01-053', ''),
(4, 'COORD. DE JURISDICCIONES SANITARIAS', NULL, NULL, '01-126', ''),
(5, 'COORD. GRAL. DE SUPERVISION Y APOYO TECNICO', NULL, NULL, '01-299', ''),
(6, 'COORD. GRAL. DE PROYECTOS ESTRATEGICOS', NULL, NULL, '', ''),
(7, 'DEPTO. DE COMUNICACIÓN SOCIAL', NULL, NULL, '01-299', ''),
(8, 'UNIDAD DE ATENCION CIUDADANA', NULL, NULL, '', ''),
(9, 'DIR.GRAL. DEL COESIDA (CONV. DE COLABORACION)', NULL, NULL, '', ''),
(10, 'PATRIMONIO DE LA BENEFICENCIA PUBLICA', NULL, NULL, '', ''),
(11, 'COORD. ESTATAL DE BIOMEDICA', NULL, NULL, '', ''),
(12, 'DIRECCION DE ASUNTOS JURIDICOS', NULL, NULL, '01-224', ''),
(13, 'DEPTO. DE ASISNTENCIA JURIDICA', NULL, NULL, '', ''),
(14, 'DEPTO. DE NORMATIVIDAD Y SUSCRIPCION DE CONVENIOS', NULL, NULL, '', ''),
(15, 'DEPTO. DE LO CONTENCIOSO Y ADMINISTRATIVO', NULL, NULL, '', ''),
(16, 'SUBDIREC. GRAL. DE INNOVACION Y CALIDAD', NULL, NULL, '', ''),
(17, 'DIRECCION DE PLANEACION Y DESARROLLO', NULL, NULL, '', ''),
(18, 'UNIDAD DE PROG. INFORM Y EVALUACION', NULL, NULL, '', ''),
(19, 'DEPTO. DE PLANEACION Y PROGRAMACION', NULL, NULL, '', ''),
(20, 'DEPTO. DE EVALUACION DEL DESEMPEÑO ', NULL, NULL, '', ''),
(21, 'DEPTO. DE INFORMACION EN SALUD', NULL, NULL, '', ''),
(22, 'UNIDAD DE ORG. Y MODERNIZACION', NULL, NULL, '', ''),
(23, 'DEPTO. DE DISEÑO ORGANIZACIONAL', NULL, NULL, '', ''),
(24, 'DEPTO. DE MODERNIZACION ADMINISTRATIVA', NULL, NULL, '', ''),
(25, 'UNIDAD DE DES. INFORMATICO Y  COMUNICACIONES', NULL, NULL, '', ''),
(27, 'DEPTO. DE SERVICIOS INFORMATICOS', NULL, NULL, '', ''),
(28, 'DEPTO. DE DESARROLLO DE APLICACIONES', NULL, NULL, '', ''),
(29, 'DIR. DE ENSEÑANZA Y CALIDAD', NULL, NULL, '01-299', ''),
(30, 'UNIDAD DE ENSEÑANZA EDUC. E INVEST. EN SALUD', NULL, NULL, '01-299', ''),
(31, 'DEPTO. DE ENSEÑANZA', NULL, NULL, '', ''),
(32, 'DEPTO. DE EDUCACION MEDICA CONTINUA', NULL, NULL, '', ''),
(33, 'DEPTO. DE INVEST. EN SALUD', NULL, NULL, '', ''),
(34, 'UNIDAD DE GESTION DE LA CALIDAD', NULL, NULL, '', ''),
(35, 'DEPTO. DE CULTURA DE LA CALIDAD', NULL, NULL, '', ''),
(36, 'DEPTO. DE MEJORA CONTINUA DE LA CALIDAD', NULL, NULL, '', ''),
(37, 'UNIDAD DE DES. INTERCULTURAL Y MED. TRAD.', NULL, NULL, '', ''),
(38, 'CARAVANAS DE LA SALUD', NULL, NULL, '', ''),
(39, 'SUBDIR. GRAL. DE SERVICIOS DE SALUD', NULL, NULL, '01-299', ''),
(40, 'DIRECCION DE ATENCION MEDICA', NULL, NULL, '01-299', ''),
(41, 'UNIDAD DE EQUIDAD EN LA ATENCION MEDICA', NULL, NULL, '', ''),
(42, 'DEPTO. DE SERVICIOS ESCENCIALES', NULL, NULL, '', ''),
(43, 'DEPTO. DE SERVICIOS ESPECIALIZADOS', NULL, NULL, '', ''),
(44, 'DEPTO. DE EXTENSION DE COBERTURA', NULL, NULL, '', ''),
(45, 'UNIDAD DE ENFERMERIA', NULL, NULL, '', ''),
(46, 'DEPTO. DE SERV. PRIMARIOS DE ENF.', NULL, NULL, '', ''),
(47, 'DEPTO. DE ENF. ASISTENCIAL', NULL, NULL, '', ''),
(48, 'UNIDAD DE FORTALECIMIENTO EN SALUD', NULL, NULL, '', ''),
(49, 'DEPTO. DE NORMATIVIDAD DE EQUIP. MEDICO', NULL, NULL, '', ''),
(50, 'DEPTO. DE FORTALECIMIENTO DE UNIDADES MED.', NULL, NULL, '', ''),
(51, 'UNIDAD DE BRIGADAS MEDICAS MOVILES', NULL, NULL, '', ''),
(52, 'UNIDAD DE TELEMEDICINA', NULL, NULL, '', ''),
(53, 'COORDINACION DE SALUD BUCAL', NULL, NULL, '', ''),
(54, 'CENTROL JUVENIL DE SAN BARTOLO COYOTEPEC', NULL, NULL, '', ''),
(55, 'DIRECCION DE PREV. Y PROM. DE LA SALUD', NULL, NULL, '01-052', ''),
(56, 'UNIDAD DE SALUD PUBLICA', NULL, NULL, '', ''),
(57, 'DEPTO. DE ATENCION A LA INFAN. Y ADOLESC.', NULL, NULL, '', ''),
(58, 'DEPTO. DE PREV. Y CONTROL DE ENF. TRANS./VECTORES', NULL, NULL, '', ''),
(59, 'DEPTO. DE PROMOCION DE SALUD', NULL, NULL, '', ''),
(60, 'UNIDAD DE MEDICINA PREVENTIVA', NULL, NULL, '', ''),
(61, 'DEPTO. DE EQUIDAD DE GENERO Y SALU REPRODUCTIVA', NULL, NULL, '', ''),
(62, 'DEPTO. DE PREV. Y CONTROL DE ENF. TRANSMISIBLES', NULL, NULL, '', ''),
(63, 'DEPTO. DE PREV. Y CONTROL DE ENF. NO TRANSMITIBLES', NULL, NULL, '', ''),
(64, 'DEPTO. DE CANCER', NULL, NULL, '', ''),
(65, 'UNIDAD DE EPIDEMIOLOGIA', NULL, NULL, '', ''),
(66, 'DEPTO. DE VIGILANCIA EPIDEMIOLOGICA', NULL, NULL, '', ''),
(67, 'DEPTO. DE URGENCIAS EPID. Y DESASTRES', NULL, NULL, '', ''),
(68, 'LABORATORIO ESTATAL DE CITOLOGIA', NULL, NULL, '', ''),
(69, 'COORDINACION ESTATAL DE VACUNACION UNIVERSAL', NULL, NULL, '', ''),
(70, 'DIREC. DE REGULACION Y FOMENTO SANITARIO', NULL, NULL, '01-101', ''),
(71, 'UNIDAD DE CALIDAD SANITARIA', NULL, NULL, '', ''),
(72, 'DEPTO. DE BIENES Y SERVICIOS', NULL, NULL, '', ''),
(73, 'DEPTO. DE INSUMOS Y REG. DE SERVICIOS', NULL, NULL, '', ''),
(74, 'UNIDAD DE SALUD AMBIENTAL', NULL, NULL, '', ''),
(75, 'DEPTO. DE SANEAMIENTO BASICO', NULL, NULL, '', ''),
(76, 'DEPTO. DE RIESGOS AMBIENTALES', NULL, NULL, '', ''),
(77, 'LABORATORIO ESTATAL', NULL, NULL, '01-345', ''),
(78, 'CENTRO ESTATAL DE TRANSFUSION SANGUINEA', NULL, NULL, '', ''),
(79, 'SUBDIREC. GRAL. DE ADMINISTRACION Y FINANZAS', NULL, NULL, '01-299', ''),
(80, 'DIREC. DE ADMINISTRACION', NULL, NULL, '', ''),
(81, 'UNIDAD DE SERVICIOS DE PERSONAL', NULL, NULL, '', ''),
(82, 'DEPTO. DE RECURSOS HUMANOS', NULL, NULL, '', ''),
(83, 'DEPTO. DE RELACIONES LABORALES', NULL, NULL, '', ''),
(84, 'DEPTO. DE OPERACIÓN Y PAGO', NULL, NULL, '', ''),
(85, 'DEPTO. DE CAPACITACION', NULL, NULL, '', ''),
(86, 'UNIDAD DE FINANZAS', NULL, NULL, '01-260', ''),
(87, 'DEPTO. DE CONTROL PRESUPUESTAL', NULL, NULL, '01-299', ''),
(88, 'DEPTO. DE CONTROL DE INVERSION', NULL, NULL, '', ''),
(89, 'UNIDAD DE INFORMACION FINANCIERA', NULL, NULL, '', ''),
(90, 'DEPTO. DE CONTABILIDAD', NULL, NULL, '', ''),
(91, 'DEPTO. DE CONTROL INTERNO', NULL, NULL, '', ''),
(92, 'DELEGACION DE CONTRALORIA SSO', NULL, NULL, '', ''),
(93, 'DIREC. DE INFRAESTRUCTURA MATTO. Y SERV. GRALES.', NULL, NULL, '01-299', ''),
(94, 'UNIDAD DE REC. MATERIALES Y SERV. GRALES.', NULL, NULL, '01-299', ''),
(95, 'DEPTO. DE INVENTARIOS Y SERV. GRALES.', NULL, NULL, '', ''),
(96, 'DEPTO. DE ADQUISICIONES', NULL, NULL, '01-327', ''),
(97, 'DEPTO. DE ALMACENAJE Y DISTRIBUCION', NULL, NULL, '01-119', ''),
(98, 'COORD. GRAL. DE TRANSPORTE', NULL, NULL, '01-299', ''),
(99, 'UNIDAD DE OBRAS Y CONSERV. Y MANTTO.', NULL, NULL, '', ''),
(100, 'DEPTO. DE CONSERV. Y MANTTO.', NULL, NULL, '01-100', ''),
(101, 'DEPTO. DE SUPERVISION DE OBRAS', NULL, NULL, '', ''),
(102, 'DEPTO. DE PROYECTOS', NULL, NULL, '', ''),
(103, 'JURISDICCION SANITARIA N°. 1 \"VALLES CENTRALES\"', NULL, NULL, '01-210', ''),
(104, 'CENTRO NUEVA VIDA (UNEME CAPA) VIGUERA', NULL, NULL, '', ''),
(105, 'CENTRO NUEVA VIDA (UNEME CAPA) XOXO', NULL, NULL, '', ''),
(106, 'UNEME/ SORID (VOLCANES)', NULL, NULL, '', ''),
(107, 'CENTRO ESP.DE PREV.Y ATEN.A LA VIOLENCIA FAMILIAR DE GENERO', NULL, NULL, '', ''),
(108, 'CENTRO REGIONAL DE DIAGNOSTICO CACU', NULL, NULL, '01-052', ''),
(109, 'JURISDICCION SANITARIA N°. 2 \"ISTMO\"', NULL, NULL, '01-322', ''),
(110, 'CENTRO NUEVA VIDA (UNEME/CAPA) TEHUANTEPEC', NULL, NULL, '', ''),
(111, 'UNEME/SORID JUCHITAN', NULL, NULL, '', ''),
(112, 'UNEME/SORID TEHUANTEPEC', NULL, NULL, '', ''),
(113, 'CENTRO NUEVA VIDA (UNEME/CAPA) JUCHITAN', '', NULL, '', ''),
(114, 'HOSPITAL MATERNO INFANTIL SANTO DOMINGO TEHUANTEPEC(CESSA TEHUANTEPEC)', 'CESSA TEHUANTEPEC', NULL, '01-270', ''),
(115, 'JURISDICCION SANITARIA N°3 \"TUXTEPEC\"', NULL, NULL, '', ''),
(116, 'CENTRO NUEVA  VIDA (UNEME/CAPA) TUXTEPEC', NULL, NULL, '01-125', ''),
(117, 'UNEME/SORID (TUXTEPEC)', NULL, NULL, '', ''),
(119, 'JURISDICCION SANITARIA N°. 4 \"COSTA\"', NULL, NULL, '01-326', ''),
(120, 'CENTRO NUEVA VIDA (UNEME/CAPA) PTO. ESCONDIDO', NULL, NULL, '', ''),
(121, 'CENTRO NUEVA VIDA (UNEME/CAPA) PINOTEPA NAL.', NULL, NULL, '', ''),
(122, 'UNIDAD ODONTOLOGICA (SAN BARTOLO COYOTEPC)', NULL, NULL, '', ''),
(124, 'JURISDICCION SANITARIA N°. 5 \"MIXTECA\"', NULL, NULL, '01-329', ''),
(125, 'CENTRO NUEVA VIDA (UNEME/CAPA) HUAJUAPAN', NULL, NULL, '', ''),
(126, 'UNEME/SORID HUAJUAPAN', NULL, NULL, '', ''),
(127, 'HOSPITAL MATERNO INFANTIL VILLA DE TUTUTEPEC DE MELCHOR OCAMPO', NULL, NULL, '', ''),
(128, 'HOSPITAL MATERNO INFANTIL DE SAN PEDRO MIXTEPEC-DISTRITO 22', NULL, NULL, '', ''),
(129, 'JURISDICCION SANITARIA N°. 6 \"SIERRA\"', NULL, NULL, '01-329', ''),
(131, 'HOSPITAL MATERNO INFANTIL DE SAN PEDRO POCHUTLA', NULL, NULL, '', ''),
(132, 'CENTRO DE ONCOLOGIA Y RADIOTERAPIA', NULL, NULL, '01-347', ''),
(133, 'HOSPITAL GENERAL \"DR. AURELIO VALDIVIESO\"', NULL, NULL, '01-226', 'HOSPITALIZACION GENERAL'),
(134, 'HOSPITAL PSIQUIATRICO CRUZ DEL SUR', NULL, NULL, '01-176', 'HOSPITALIZACION ESPECIALIZADA'),
(135, 'HOSPITAL \"DR. MANUEL VELASCO SUAREZ\" DE SAN PABLO HUIXTEPEC', NULL, NULL, '01-212', 'HOSPITALIZACION GENERAL'),
(136, 'HOSPITAL \"DR. ALBERTO VARGAS MERINO\" DE SAN JUAN BAUTISTA CUICATLAN', NULL, NULL, '01-206', 'HOSPITALIZACION GENERAL'),
(137, 'HOSPITAL DE SALINA CRUZ', NULL, NULL, '01-238', 'HOSPITALIZACION GENERAL'),
(138, 'HOSPITAL \"DR. MACEDONIO BENITEZ FUENTES\" DE JUCHITAN DE ZARAGOZA', 'HOSPITAL GENERAL DR. MACEDONIO BENÍTEZ FUENTES JUCHITÁN', NULL, '01-209', 'HOSPITALIZACION GENERAL'),
(139, 'HOSPITAL DE MARIA LOMBARDO DE CASO', 'HOSPITAL GENERAL DE MARÍA LOMBARDO DE CASO', NULL, '01-235', 'HOSPITALIZACION GENERAL'),
(140, 'HOSPITAL DE SAN JUAN BAUTISTA TUXTEPEC', NULL, NULL, '01-240', 'HOSPITALIZACION GENERAL'),
(141, 'HOSPITAL DE SAN PEDRO POCHUTLA', NULL, NULL, '01-211', 'HOSPITALIZACION GENERAL'),
(142, 'HOSPITAL \"DR. PEDRO ESPINOZA RUEDA\" DE SANTIAGO PINOTEPA NACIONAL', NULL, NULL, '01-215', 'HOSPITALIZACION GENERAL'),
(143, 'HOSPITAL \"MARIA DEL PILAR SANCHEZ VILLAVICENCIO\" DE H. CIUDAD DE HUAJUAPAM', NULL, NULL, '01-219', 'HOSPITALIZACION GENERAL'),
(144, 'HOSPITAL DE PUTLA VILLA DE GUERRERO', NULL, NULL, '01-237', 'HOSPITALIZACION GENERAL'),
(145, 'HOSPITAL DE CHALCATONGO DE HIDALGO', NULL, NULL, '01-227', 'HOSPITALIZACION GENERAL'),
(146, 'HOSPITAL DE TAMAZULAPAM DEL ESPIRITU SANTO', NULL, NULL, '01-224', 'HOSPITALIZACION GENERAL'),
(147, 'HOSPITAL DE SANTA CATARINA JUQUILA', NULL, NULL, '01-217', 'HOSPITALIZACION GENERAL'),
(148, 'HOSPITAL DE IXTLAN DE JUAREZ', NULL, NULL, '01-231', 'HOSPITALIZACION GENERAL'),
(149, 'HOSPITAL DE CIUDAD IXTEPEC', NULL, NULL, '01-229', 'HOSPITALIZACION GENERAL'),
(150, 'HOSPITAL DE ASUNCION NOCHIXTLAN', NULL, NULL, '01-225', 'HOSPITALIZACION GENERAL'),
(151, 'HOSPITAL DE SAN JACINTO TLACOTEPEC', NULL, NULL, '01-239', 'HOSPITALIZACION GENERAL'),
(152, 'HOSPITAL DE SAN PEDRO TAPANATEPEC', NULL, NULL, '01-214', 'HOSPITALIZACION GENERAL'),
(153, 'HOSPITAL DE SANTO DOMINGO TEHUANTEPEC', NULL, NULL, '01-221', 'HOSPITALIZACION GENERAL'),
(154, 'HOSPITAL DE LA PAZ (TEOJOMULCO-TEXMELUCAN)', NULL, NULL, '01-233', 'HOSPITALIZACION GENERAL'),
(155, 'HOSPITAL DE SANTIAGO TAMAZOLA', NULL, NULL, '01-220', 'HOSPITALIZACION GENERAL'),
(156, 'HOSPITAL DE PUERTO ESCONDIDO', NULL, NULL, '01-236', 'HOSPITALIZACION GENERAL'),
(157, 'HOSPITAL DE SAN JUAN BAUTISTA VALLE NACIONAL', NULL, NULL, '01-222', 'HOSPITALIZACION GENERAL'),
(158, 'HOSPITAL DE LOMA BONITA', NULL, NULL, '01-234', 'HOSPITALIZACION GENERAL'),
(159, 'HOSPITAL DE SANTA MARIA CHILCHOTLA', NULL, NULL, '', ''),
(160, 'HOSPITAL DE TEOTITLAN DE FLORES MAGON', NULL, NULL, '01-322', ''),
(161, 'C.S. SAN AGUSTIN LOXICHA', NULL, NULL, '', ''),
(162, 'HOSPITAL DE SANTA MARIA HUATULCO', NULL, NULL, '01-210', ''),
(163, 'HOSPITAL DE RIO GRANDE O PIEDRA PARADA', NULL, NULL, '01-228', 'HOSPITALIZACION GENERAL'),
(164, 'HOSPITAL DE SANTOS REYES NOPALA', NULL, NULL, '01-230', 'HOSPITALIZACION GENERAL'),
(165, 'HOSPITAL DE SAN PEDRO HUAMELULA', NULL, NULL, '01--323', ''),
(166, 'HOSPITAL DE SAN FELIPE JALAPA DE DIAZ', NULL, NULL, '', ''),
(167, 'HOSPITAL DE TEMASCAL-SOYALTEPEC', NULL, NULL, '01-223', 'HOSPITALIZACION GENERAL'),
(168, 'HOSPITAL DE VILLA SOLA DE VEGA', NULL, NULL, '01-322', ''),
(169, 'HOSPITAL DE NEJAPA DE MADERO', NULL, NULL, '01-232', 'HOSPITALIZACION GENERAL'),
(170, 'CESSA SANTA CRUZ HUATULCO (CRUCECITA)', 'CRUCECITA', NULL, '01-211', ''),
(171, 'CESSA TUXTEPEC', 'CESSA TUXTEPEC', NULL, '', ''),
(172, 'COORD. PROY.P MEJORA SALUD MAT. INF.', NULL, NULL, '', ''),
(173, 'COORD. DE REDES DE SALUD Y CIRUGIA EXTRAMUROS', NULL, NULL, '', ''),
(174, 'COORD. DE TRABAJO SOCIAL', NULL, NULL, '', ''),
(176, 'C.S. URBANO 1 MINA', NULL, NULL, '01-210', ''),
(177, 'C.S. URBANO 2 ESTRELLA', NULL, NULL, '01-210', ''),
(178, 'C.S. COL. AMERICA', NULL, NULL, '01-210', ''),
(179, 'C.S. ROSARIO', NULL, NULL, '', ''),
(180, 'COORD. DE ASESORES', NULL, NULL, '', ''),
(181, 'CESSA TLALIXTAC', NULL, NULL, '01-322', ''),
(183, 'CESSA SAN PEDRO POCHUTLA', NULL, NULL, '01-211', ''),
(184, 'CESSA VILLA DE TUTUTEPEC', NULL, NULL, '01-221', ''),
(185, 'CESSA DE PINOTEPA DE DON LUIS', NULL, NULL, '01-221', ''),
(186, 'UNEME CAPA CRUCESITA', NULL, NULL, '', ''),
(187, 'CESSA TEOTITLAN', NULL, NULL, '', ''),
(188, 'C.S. COL VOLCANES', NULL, NULL, '01-210', ''),
(189, 'C.S. LA JOYA SAN MARTIN MEXICAPAM', NULL, NULL, '', ''),
(190, 'C.S. STA CRUZ XOXOCOTLAN', NULL, NULL, '', ''),
(191, 'C.S. SAN JUAN CHAPULTEPEC', NULL, NULL, '01-210', ''),
(192, 'C.S. STA CRUZ AMILPAS', NULL, NULL, '', ''),
(193, 'C.S. STA MARA ATZOMPA', NULL, NULL, '', ''),
(194, 'C.S. PUEBLO NUEVO (PARTE ALTA)', NULL, NULL, '', ''),
(195, 'C.S. LOMAS DE SAN JACINTO', NULL, NULL, '01-210', ''),
(196, 'C.S. SAN ANTONIO DE LA CAL', NULL, NULL, '', ''),
(197, 'C.S. TRINIDAD DE VIGUERA', NULL, NULL, '', ''),
(198, 'C.S. SALINA CRUZ', NULL, NULL, '01-320', ''),
(199, 'C.S. IXTEPEC', NULL, NULL, '', ''),
(200, 'C.S. TUXTEPEC', NULL, NULL, '01-125', ''),
(201, 'C.S. SAN LUCAS OJITLAN', NULL, NULL, '', ''),
(202, 'C.S. LOMA BONITA', 'CENTRO DE SALUD URBANO LOMA BONITA', NULL, '01-324', ''),
(203, 'C.S. PTO ESCONDIDO', NULL, NULL, '01-326', ''),
(204, 'C.S. SANTA MARIA HUATULCO', NULL, NULL, '', ''),
(205, 'C.S. SANTIAGO PINOTEPA NACIONAL', NULL, NULL, '01-326', ''),
(206, 'C.S. RIO GRANDE O PIEDRA PARADA', NULL, NULL, '', ''),
(207, 'C.S. HUAJUAPAN DE LEON', NULL, NULL, '', ''),
(208, 'AREA DE MERCADOTECNIA Y RELACIONES PUBLICAS', NULL, NULL, '', ''),
(209, 'UNEME SORID STA. CRUZ HUATULCO', NULL, NULL, '', ''),
(210, 'C.S. DE BAJOS DE CHILA', NULL, NULL, '', ''),
(211, 'C.S.STO. DOMINGO TOMALTEPEC', NULL, NULL, '', ''),
(212, 'C.S.OCOTLAN DE MORELOS', NULL, NULL, '', ''),
(213, 'C.S.XANIZA', NULL, NULL, '', ''),
(214, 'C.S.RETIRO', NULL, NULL, '', ''),
(215, 'C.S.SAN LORENZO CACAOTEPEC', NULL, NULL, '', ''),
(216, 'C.S.STA. MA. GUELACE', NULL, NULL, '', ''),
(217, 'C.S.LACHIGOLO', NULL, NULL, '', ''),
(218, 'C.S. SAN FELIPE DEL AGUA', NULL, NULL, '01-323', ''),
(219, 'C.S.SAN PABLO HUIXTEPEC', NULL, NULL, '', ''),
(220, 'C.S. SAN BLAS ATEMPA', NULL, NULL, '', ''),
(221, 'C.S.MAGDALENA TEQUISISTLAN', NULL, NULL, '', ''),
(222, 'C.S. STA TERESA (HUAJUAPAN)', NULL, NULL, '', ''),
(223, 'C.S.ASUNCION IXTALTEPEC', NULL, NULL, '', ''),
(224, 'C.S.ROJAS DE CUAHUTEMOC', NULL, NULL, '', ''),
(225, 'C.S.STA. ELENA TONAMECA', NULL, NULL, '', ''),
(226, 'C.S.SAN ISIDRO CHIHUIRO', NULL, NULL, '', ''),
(227, 'C.S. EL TOMATAL COLOTEPEC', NULL, NULL, '', ''),
(228, 'C.S.EL PARAISO COZOALTEPEC', NULL, NULL, '', ''),
(229, 'C.S.EL PROGRESO TILANTONGO', NULL, NULL, '', ''),
(230, 'C.S.MONTE FRIO', NULL, NULL, '', ''),
(231, 'C.S.SAN FRANCISCO JAVIER', NULL, NULL, '', ''),
(232, 'C.S.MAZUNTE, TONAMECA', NULL, NULL, '', ''),
(233, 'C.S.SAN MARTIN TOXPALAN', NULL, NULL, '', ''),
(234, 'C.S.VIGASTEPEC,TEOTITLAN', NULL, NULL, '', ''),
(235, 'C.S.SAN ANTONIO NANAHUATIPAN', NULL, NULL, '', ''),
(236, 'C.S.SAN FCO.HUEHUETLAN', NULL, NULL, '', ''),
(237, 'C.S.SAN ISIDRO ZOQUIAPAN', NULL, NULL, '', ''),
(238, 'C.S.SAN PEDRO MAZATLAN', NULL, NULL, '', ''),
(239, 'C.S.NOGALTEPEC TEOTITLAN DE FLORES MAGON', NULL, NULL, '', ''),
(240, 'C.S.SANTIAGO NANAHUATIPAN', NULL, NULL, '', ''),
(241, 'C.S. SAN PEDRO HUAMELULA', NULL, NULL, '', ''),
(242, 'C.S.MATIAS ROMERO', NULL, NULL, '01-335', ''),
(243, 'C.S.SAN JUAN BAUTISTA LO DE SOTO', NULL, NULL, '01-325', ''),
(244, 'C.S.SAN PEDRO COMITANCILLO', NULL, NULL, '', ''),
(245, 'C.S.SAN MIGUEL TALEA DE CASTRO', NULL, NULL, '', ''),
(246, 'C.S.VICENTE CAMALOTE', NULL, NULL, '', ''),
(247, 'C.S. PUTLA DE GUERRERO', NULL, NULL, '', ''),
(248, 'HOSPITAL MATERNO INFANTIL  DE IXHUATAN', NULL, NULL, '01-269', ''),
(249, 'HOSPITAL MATERNO INFANTIL DE NOCHIXTLAN (CESSA)', NULL, NULL, '', ''),
(250, 'CESSA SAN LUCAS OJITLAN', NULL, NULL, '01-267', ''),
(251, 'CESSA DE ASUNCION NOCHIXTLAN ', NULL, NULL, '01-326', ''),
(252, 'C.S. DE SAN BARTOLO,TUXTEPEC', NULL, NULL, '', ''),
(253, 'C.S. DE EL CEDRAL', NULL, NULL, '', ''),
(254, 'C.S.SAN FRACISCO SALSIPUEDES, TUXTEPEC', NULL, NULL, '', ''),
(255, 'C.S.DE MACIN CHICO', NULL, NULL, '', ''),
(257, 'C.S. DE CAMELIA ROJA', NULL, NULL, '', ''),
(258, 'C.S. DE ARROYO CHOAPAN', NULL, NULL, '', ''),
(259, 'C.S. DE RANCHO GRANDE', NULL, NULL, '', ''),
(260, 'C.S. DE SAN PEDRO OZUMACIN', NULL, NULL, '', ''),
(261, 'C.S.DE BARBASCO', NULL, NULL, '', ''),
(262, 'C.S.SAN PEDRO IXCATLAN', NULL, NULL, '', ''),
(263, 'C.S.STO. DOMINGO DEL RIO', NULL, NULL, '', ''),
(264, 'C.S.SAN MIGUEL LACHIXOLA', NULL, NULL, '', ''),
(265, 'C.S.SAN ANTONIO LAS PALMAS', NULL, NULL, '', ''),
(266, 'C.S. DE CERRO CENTRAL', NULL, NULL, '', ''),
(267, 'C.S.DE LA TRINIDAD YAVEO', NULL, NULL, '', ''),
(268, 'C.S. DE RIO CHIQUITO', NULL, NULL, '', ''),
(269, 'C.S.ESPERANZA ARROYO LA GLORIA', NULL, NULL, '', ''),
(270, 'C.S.ARROYO CHICALY', NULL, NULL, '', ''),
(271, 'C.S.SAN JUAN DEL RIO', NULL, NULL, '', ''),
(272, 'C.S.SAN FELIPE USILA', NULL, NULL, '', ''),
(275, 'C.S. DE TEOTITLAN DE FLORES MAGON', NULL, NULL, '', ''),
(276, 'C.S. DENTALA  JUCHITAN DE ZARAGOZA', NULL, NULL, '', ''),
(277, 'C.S. DE COSOLAPA', NULL, NULL, '', ''),
(278, 'C.S.RANCHO VIEJO, SOLA DE VEGA', NULL, NULL, '', ''),
(279, 'C.S. SAN ISIDRO OJO DE AGUA, SOLA DE VEGA', NULL, NULL, '', ''),
(280, 'C.S.BARRA DE COPALITA, SAN MIGUEL DEL PUERTO', NULL, NULL, '', ''),
(281, 'C.S. PLUMA HIDALGO, SAN PEDRO POCHUTLA', NULL, NULL, '', ''),
(282, 'C.S.SAN PEDRO CAFETITLAN, SAN PEDRO POCHUTLA', NULL, NULL, '', ''),
(283, 'C.S.SAN FELIPE LACHILLO, SANTIAGO XANICA', NULL, NULL, '', ''),
(284, 'C.S.SAN MIGUEL DEL PUERTO', NULL, NULL, '', ''),
(285, 'C.S.MERCED DEL POTRERO, SAN MIGUEL DEL PUERTO', NULL, NULL, '', ''),
(287, 'CESSA DE SAN JACINTO AMILPAS', NULL, NULL, '01-319', ''),
(288, 'CESSA DE SAN JAVIER XOXOCOTLAN', NULL, NULL, '', ''),
(289, 'CESSA DE SANTA MARIA LACHIXIO', NULL, NULL, '', ''),
(290, 'HOSPITAL DE PINOTEPA DE DON LUIS', NULL, NULL, '', ''),
(291, 'C.S. ASUNCION NOCHIXTLAN', NULL, NULL, '', ''),
(292, 'C.S. SAN FRANCISCO IXHUATAN', NULL, NULL, '', ''),
(293, 'C.S. BENEMERITO JUAREZ', NULL, NULL, '', ''),
(294, 'C.S. PAPALOAPAN', NULL, NULL, '', ''),
(295, 'C.S. DEL EL MOLINO, OAXACA', NULL, NULL, '', ''),
(296, 'CESSA DE OCOTLAN', NULL, NULL, '', ''),
(297, 'C.S.STA. CATARINA MINAS', NULL, NULL, '', ''),
(298, 'C.S. GUADALUPE ETLA', NULL, NULL, '', ''),
(299, 'C.S. JALAPA DEL MARQUEZ', NULL, NULL, '', ''),
(300, 'C.S. SANTIAGO CHAZUMBA', NULL, NULL, '', ''),
(301, 'C.S. DE OJO DE AGUA', NULL, NULL, '', ''),
(302, 'C.S. DE SAN GABRIEL MIXTEPEC', NULL, NULL, '', ''),
(303, 'C.S.DE VILLA DE ZAACHILA', NULL, NULL, '', ''),
(304, 'C.S. STA. MARIA DEL RINCON', NULL, NULL, '', ''),
(305, 'C.S.STGO. YACUYACHI', NULL, NULL, '', ''),
(306, 'C.S.LINDA VISTA TAMAZULAPAM MIXE', NULL, NULL, '', ''),
(307, 'C.S.DE SAN JUAN GUIVINI', NULL, NULL, '', ''),
(308, 'C.S. SAN JUAN LA NOPALERA', NULL, NULL, '', ''),
(309, 'C.S. DE PTO. ANGEL', NULL, NULL, '', ''),
(310, 'C.S. STA MARIA YAVESIA', NULL, NULL, '', ''),
(311, 'C.S. DE LA CANDELARIA(STGO.ZACATEPEC)', NULL, NULL, '', ''),
(312, 'CESSA DE SAN PEDRO HUAMELULA', NULL, NULL, '', ''),
(314, 'C.S. JALAPA DE DIAZ', NULL, NULL, '01-206', ''),
(315, 'C.S. DE MARIA LOMBARDO DE CASO', NULL, NULL, '', ''),
(316, 'C.S. DE SAN PEDRO TAPANATEPEC', NULL, NULL, '', ''),
(317, 'C.S. EL MAMEY AMOLTEPEC', NULL, NULL, '', ''),
(318, 'C.S.SAN JUAN CACAHUATEPEC, JAMILTEPEC', NULL, NULL, '', ''),
(319, 'C.S. DE SANTA MARIA LA ASUNCION', NULL, NULL, '', ''),
(320, 'C.S. EJIDO GUADALUPE VICTORIA', NULL, NULL, '', ''),
(321, 'C.S.COL.VICENTE GUERRERO ZAACHILA', NULL, NULL, '', ''),
(322, 'C.S. SAN PEDRO Y SAN PABLO ETLA', NULL, NULL, '', ''),
(323, 'C.S. SAN SEBASTIAN TUTLA', NULL, NULL, '', ''),
(324, 'CREE(CENTRO DE REHABILITACION DEL EDUC. ESP.)', NULL, NULL, '', ''),
(325, 'DIR. INFRAESTRUCTURA EXT. 1', NULL, NULL, '', ''),
(326, 'DIR. INFRAESTRUCTURA EXT. 2', NULL, NULL, '', ''),
(327, 'DIR. INFRAESTRUCTURA EXT. 3', NULL, NULL, '', ''),
(328, 'OFIC. DEL SECRETARIO EXT. 1', NULL, NULL, '', ''),
(329, 'OFIC. DE ENLACE TECNICO', NULL, NULL, '', ''),
(330, 'CECAO (CENTRO ESTATAL CONTRA ADICCIONES EDO. OAX.)', NULL, NULL, '', ''),
(331, 'QUIJOTES', NULL, NULL, '', ''),
(332, 'SECCIONES  SINDICALES', NULL, NULL, '', ''),
(333, 'PATRONATO DEL VOLUNTARIADO', NULL, NULL, '', ''),
(334, 'CAPACITS DE SALINA CRUZ', NULL, NULL, '01-323', ''),
(335, 'ALMACEN DE EUCALIPTOS (LAS FLORES)', NULL, NULL, '', ''),
(336, 'ALMACEN DE PUEBLO NUEVO', NULL, NULL, '', ''),
(337, 'ALMACEN DE VIGUERA', NULL, NULL, '', ''),
(338, 'ALMACEN DE RIVERAS DEL ATOYAC', NULL, NULL, '', ''),
(339, 'CENTRO DE SALUD DE EJUTLA DE CRESPO', NULL, NULL, '', ''),
(340, 'CENTRO DE SALUD LAZARO CARDENAS', NULL, NULL, '', ''),
(341, 'CENTRO DE SALUD SAN PABLO HUITZO', NULL, NULL, '01-322', ''),
(342, 'C.S. SAN PEDRO EL ALTO (POCHUTLA)', NULL, NULL, '', ''),
(343, 'C.S. SAN RAYMUNDO JALPAN', NULL, NULL, '', ''),
(344, 'C.S.LA LIBERTAD, SAN JUAN COTZOCON', NULL, NULL, '', ''),
(345, 'C.S.SAN JOSE EL PARAISO,', NULL, NULL, '', ''),
(346, 'C.S.SANTA GERTRUDIS MIRAMAR,', NULL, NULL, '', ''),
(347, 'C.S. BAHIA ENSENADA, SALINA CRUZ OAXACA', NULL, NULL, '', ''),
(348, 'C.S.BAMBA', NULL, NULL, '', ''),
(349, 'C.S. SANTA MARIA COYOTEPEC', NULL, NULL, '', ''),
(350, 'C.S. REYES MANTECON', NULL, NULL, '', ''),
(351, 'C.S. JUCHITAN 2 SECCION', NULL, NULL, '', ''),
(352, 'C.S. JUCHITAN 7 SECCION', NULL, NULL, '', ''),
(353, 'C.S. PEÑA COLORADA', NULL, NULL, '', ''),
(354, 'CESSA SAN FRANCISCO TELIXTLAHUACA', NULL, NULL, '01-258', ''),
(355, 'C.S.  SAN JUAN BAUTISTA CUICATLAN', NULL, NULL, '01-322', ''),
(356, 'CASA DE LA MUJER DE JUXTLAHUACA', NULL, NULL, '', ''),
(357, 'CASA DE LA MUJER HUAJUAPAN', NULL, NULL, '', ''),
(358, 'CE ACATLAN DE PEREZ FIGUEROA', NULL, NULL, '', ''),
(359, 'CE BARRIO EL ROSARIO ZAACHILA', NULL, NULL, '', ''),
(360, 'CE BENEMERITO JUAREZ(PALO GACHO)', NULL, NULL, '', ''),
(361, 'CE BENITO JUAREZ UM 08 (PAC-OPOR)', NULL, NULL, '', ''),
(362, 'CE C.S.U. SANTA TERESA', NULL, NULL, '', ''),
(363, 'CE COLLANTES', NULL, NULL, '', ''),
(364, 'CE CONCEPCION PAPALO', NULL, NULL, '', ''),
(365, 'CE EL CAMARON,', NULL, NULL, '', ''),
(366, 'CE EL ESPINAL', NULL, NULL, '', ''),
(367, 'CE GENERAL LAZARO CARDENAS', NULL, NULL, '', ''),
(368, 'CE LA VENTA', NULL, NULL, '', ''),
(369, 'CE PALOMARES', NULL, NULL, '', ''),
(370, 'CE R 01 ESTACION REFUGIO ESTACION REFUGIO', NULL, NULL, '', ''),
(371, 'CE RANCHO GRANDE LOS NANCHES', NULL, NULL, '', ''),
(372, 'CE SAN ANDRES CABECERA NUEVA', NULL, NULL, '', ''),
(373, 'CE SAN ANDRES CHICAHUAXTLA', NULL, NULL, '', ''),
(374, 'CE SAN ANDRES HUAYAPAM', NULL, NULL, '', ''),
(375, 'CE SAN ANDRES ZAUTLA', NULL, NULL, '', ''),
(376, 'CE SAN BALTAZAR CHICHICAPAM', NULL, NULL, '', ''),
(377, 'CE SAN BARTOLO SAN BARTOLO', NULL, NULL, '', ''),
(378, 'CE SAN CARLOS YAUTEPEC', NULL, NULL, '', ''),
(379, 'CE SAN FELIPE IXTAPA', NULL, NULL, '', ''),
(380, 'CE SAN ISIDRO MONJAS', NULL, NULL, '', ''),
(381, 'CE SAN JOSE LA UNION', NULL, NULL, '', ''),
(382, 'CE SAN JUAN TEITIPAC', NULL, NULL, '', ''),
(383, 'CE SAN JUAN YAEE', NULL, NULL, '', ''),
(384, 'CE SAN JUAN YOLOTEPEC', NULL, NULL, '', ''),
(385, 'CE SAN MIGUEL ACHIUTLA', NULL, NULL, '', ''),
(386, 'CE SAN MIGUEL EL GRANDE', NULL, NULL, '', ''),
(387, 'CE SAN MIGUEL PERAS SAN MIGUEL PERAS', NULL, NULL, '', ''),
(388, 'CE SAN MIGUEL SUCHIXTEPEC', NULL, NULL, '', ''),
(389, 'CE SAN PEDRO NOPALA', NULL, NULL, '', ''),
(390, 'CE SAN PEDRO TOPILTEPEC', NULL, NULL, '', ''),
(391, 'CE SAN VICENTE COATLAN', NULL, NULL, '01-210', ''),
(392, 'CE SANTA CRUZ ITUNDUJIA', NULL, NULL, '', ''),
(393, 'CE SANTA CRUZ MIXTEPEC', NULL, NULL, '', ''),
(394, 'CE SANTA MARIA GUIENAGATI', NULL, NULL, '', ''),
(395, 'CE SANTA MARIA MIXTEQUILLA', NULL, NULL, '', ''),
(396, 'CE SANTA MARIA TECOMAVACA', NULL, NULL, '', ''),
(397, 'CE SANTIAGO IHUITLAN PLUMAS', NULL, NULL, '', ''),
(398, 'CE SANTIAGO MATATLAN', NULL, NULL, '', ''),
(399, 'CE SANTIAGO YOLOMECATL', NULL, NULL, '', ''),
(400, 'CE SANTIAGO YOSONDUA', NULL, NULL, '', ''),
(401, 'CE SANTO DOMINGO CHIHUITAN', NULL, NULL, '', ''),
(402, 'CE SANTO DOMINGO NUXAA', NULL, NULL, '', ''),
(403, 'CE SANTO TOMAS TAMAZULAPAN', NULL, NULL, '', ''),
(404, 'CE SILACAYOAPAN', NULL, NULL, '', ''),
(405, 'CE TEMASCAL TEMASCAL', NULL, NULL, '', ''),
(406, 'CE TEOTONGO', NULL, NULL, '01-329', ''),
(407, 'CE TEPELMEME VILLA DE MORELOS', NULL, NULL, '', ''),
(408, 'CE TIERRA BLANCA', NULL, NULL, '', ''),
(409, 'CE TRAPICHE SANTA CRUZ', NULL, NULL, '01-210', ''),
(410, 'CE UM 10 SANTIAGO TAMAZOLA (OPORTUNIDADES)', NULL, NULL, '', ''),
(411, 'CE UNION HIDALGO', NULL, NULL, '', ''),
(412, 'CE VILLA DE ETLA', NULL, NULL, '01-322', ''),
(413, 'CE VILLA SOLA DE VEGA', NULL, NULL, '', ''),
(414, 'CE VILLA TALEA DE CASTRO', NULL, NULL, '', ''),
(415, 'CE VILLA TEJUPAM DE LA UNION', NULL, NULL, '', ''),
(416, 'CE ZIMATLAN DE ALVAREZ', NULL, NULL, '', ''),
(417, 'OFNA DE SUPERVISION NOCHIXTLAN', NULL, NULL, '', ''),
(418, 'STA. MA. TLAPANALQUIAHUITL, STA. CRUZ ZENZONTEPEC.', NULL, NULL, '', ''),
(419, 'UNIDAD DE DESARROLLO INTERCULTURAL Y MEDICINA TRADICIONAL', NULL, NULL, '', ''),
(420, 'COORD. DE PROYECTOS ESPECIALES', NULL, NULL, '', ''),
(421, 'OFICINA DE SUPERVISION PUTLA', NULL, NULL, '', ''),
(422, 'UNEME SORID TAMAZULAPAM DEL ESPIRITU SANTO', NULL, NULL, '01-220', ''),
(423, 'C.S. OZOLOTEPEC', NULL, NULL, '', ''),
(424, 'C.S. YUVILA IXTEPEJI', NULL, NULL, '', ''),
(425, 'C.S. LA UNION LOXICHA', NULL, NULL, '', ''),
(426, 'C.S. LA CHIZOLANA', NULL, NULL, '', ''),
(427, 'C.S. SAN MIGUEL SOLA DE VEGA', NULL, NULL, '', ''),
(428, 'C.S. TOTOMACHAPAM', NULL, NULL, '', ''),
(429, 'C.S. SAN JUAN COYULA', NULL, NULL, '', ''),
(430, 'C.S. ZANATEPEC', NULL, NULL, '', ''),
(431, 'C.S. PESCADORES', NULL, NULL, '', ''),
(432, 'C.S. LLANO REDONDO', NULL, NULL, '', ''),
(433, 'C.S. SAN ANTONIO ANALCO', NULL, NULL, '', ''),
(434, 'C.S. SAN JUAN DE SOTO', NULL, NULL, '', ''),
(435, 'C.S. JUQUILA DE LEON', NULL, NULL, '', ''),
(436, 'C.S. SAN LUIS DEL RIO ', NULL, NULL, '', ''),
(437, 'C.S. SANTIAGO YAITEPEC', NULL, NULL, '', ''),
(438, 'C.S. LA REFORMA', NULL, NULL, '', ''),
(439, 'C.S. TEPEXIPANA', NULL, NULL, '', ''),
(440, 'C.S. DE CHILAPA DE DIAZ', NULL, NULL, '', ''),
(441, 'C.S. DE RANCHO DOLORES', NULL, NULL, '', ''),
(442, 'C.S. SAN JOSE CHACALAPA', NULL, NULL, '', ''),
(443, 'C.S. TEMAXTELPEC', NULL, NULL, '', ''),
(444, 'C.S. DE MARISCALA DE JUAREZ', NULL, NULL, '', ''),
(445, 'C.S. AGUA DE CUEVA', NULL, NULL, '', ''),
(446, 'C.S. VILLA NUEVA TEOPOXCO', NULL, NULL, '', ''),
(447, 'C.S. SANTA CRUZ ACATEPEC', NULL, NULL, '', ''),
(448, 'C.S. SAN MARTIN DE PORRES', NULL, NULL, '01-322', ''),
(449, 'C.S. ZAPOTITLAN', NULL, NULL, '', ''),
(450, 'C.S. VIGASTEPEC', NULL, NULL, '', ''),
(451, 'C.S. VALERIO TRUJANO', NULL, NULL, '', ''),
(452, 'C.S. TEPONAXTLA', NULL, NULL, '', ''),
(453, 'C.S. SANTIAGO QUIOTEPEC', NULL, NULL, '', ''),
(454, 'C.S. DE LOS FRAILES ZOQUIAPAN', NULL, NULL, '', ''),
(455, 'C.S. IGNACIO ZARAGOZA', NULL, NULL, '', ''),
(456, 'C.S. SAN MATEO YOLOXOCHITLAN', NULL, NULL, '01-322', ''),
(457, 'C.S. SAN PEDRO TEUTILA', NULL, NULL, '', ''),
(458, 'C.S. DE SAN PEDRO OCOPETATILLO', NULL, NULL, '', ''),
(459, 'C.S. SAN ISIDRO BUENOS AIRES', NULL, NULL, '', ''),
(460, 'C.S. SAN FELIPE HAUTLA', NULL, NULL, '', ''),
(461, 'C.S. SAN ANDRES HIDALGO', NULL, NULL, '', ''),
(462, 'C.S. SAN ALEJO EL PROGRESO', NULL, NULL, '', ''),
(463, 'C.S. JALTEPETONGO', NULL, NULL, '', ''),
(464, 'C.S. AGUACATITLA', NULL, NULL, '', ''),
(465, 'C.S. HUAHUTEPEC', NULL, NULL, '', ''),
(466, 'C.S. DURAZNILLO', NULL, NULL, '', ''),
(467, 'C.S. SANTA CATARINA TLAXILA', NULL, NULL, '', ''),
(468, 'C.S. CHEGUICO ZAPATA', NULL, NULL, '', ''),
(469, 'C.S. SAN MIGUEL SOYALTEPEC', NULL, NULL, '', ''),
(470, 'C.S. URBANO LA CHUPARROSA', NULL, NULL, '', ''),
(471, 'C.S. SAN JOSE CHACALAPA', NULL, NULL, '', ''),
(472, 'C.S. SAN PABLO VILLA DE MITLA', NULL, NULL, '', ''),
(473, 'C.S. SAN PEDRO CAJONOS', NULL, NULL, '01-329', ''),
(474, 'C.S. SAN JOSE LLANO GRANDE ', NULL, NULL, '', ''),
(475, 'C.S. SAN JUAN MIXTEPEC', NULL, NULL, '', ''),
(476, 'C.S. TEOTITLAN DEL VALLE', NULL, NULL, '', ''),
(477, 'C.S. SAN AGUSTIN YATARENI', NULL, NULL, '', ''),
(478, 'C.S. SAN JUAN BAUTISTA GUELACHE', NULL, NULL, '', ''),
(479, 'C.S. COL. GUILLERMO GONZALEZ GUARDADO', NULL, NULL, '01-322', ''),
(480, 'C.S. SANTA INES YATZECHE', NULL, NULL, '', ''),
(481, 'ALMACEN DE LA JURISDICCION 1', NULL, NULL, '', ''),
(482, 'OFICINA DE VACUNACION JURISDICCION 1', NULL, NULL, '', ''),
(483, 'OFICINA DE PALUDISMO JURISDICCION 1', NULL, NULL, '', ''),
(484, 'OFICINA DE VECTORES JURISDICCION 1', NULL, NULL, '', ''),
(485, 'OFICINA COORDINACION DE VECTORES JURISDICCION 1', NULL, NULL, '', ''),
(486, 'EXTENSION DE LA JURISDICCION 2', NULL, NULL, '', ''),
(487, 'ALMACEN DE ACTIVO FIJO JURISDICCION 2', NULL, NULL, '', ''),
(488, 'ALMACEN DE RECURSOS MATERIALES JURISDICCION 2', NULL, NULL, '', ''),
(489, 'OFICINA DE VACUNACION JUCHITAN JURISDICCION 2', NULL, NULL, '', ''),
(490, 'OFICINA DE VACUNACION MATIAS ROMERO  JURISDICCION 2', NULL, NULL, '', ''),
(491, 'OFICINA DE PALUDISMO JURISDICCION 2', NULL, NULL, '', ''),
(492, 'OFICINA DE VECTORES JURISDICCION 2', NULL, NULL, '01-124', ''),
(493, 'ALMACEN JURISDICCION 3', NULL, NULL, '', ''),
(494, 'OFICINA DE VACUNACION JURISDICCION 3', NULL, NULL, '', ''),
(495, 'OFICINA DE PALUDISMO JURISDICCION 3', NULL, NULL, '', ''),
(496, 'OFICINA DE VECTORES JURISDICCION 3', NULL, NULL, '', ''),
(497, 'ALMACEN JURISDICCION 4', NULL, NULL, '', ''),
(498, 'OFICINA DE VACUNACION JURISDICCION 4', NULL, NULL, '', ''),
(499, 'DEPARTAMENTO DE PALUDISMO JURISDICCION 4', NULL, NULL, '', ''),
(500, 'OFICINA DE PALUDISMO JURISDICCION 4', NULL, NULL, '', ''),
(501, 'OFICINA DE VECTORES JURISDICCION 4', NULL, NULL, '', ''),
(502, 'OFICINA DE EPIDEMIOLOGIA JURISDICCION 4', NULL, NULL, '', ''),
(503, 'ALMACEN JURISDICCION 5', NULL, NULL, '', ''),
(504, 'OFICINA DE VACUNACION JURISDICCION 5', NULL, NULL, '', ''),
(505, 'OFICINA DE PALUDISMO JURISDICCION 5', NULL, NULL, '', ''),
(506, 'OFICINA DE VECTORES COL. CENTRO JURISDICCION 5', NULL, NULL, '', ''),
(507, 'OFICINA DE VECTORES COL. TEPEYAC JURISDICCION 5', NULL, NULL, '', ''),
(508, 'ALMACEN JURISDICCION 6', NULL, NULL, '', ''),
(509, 'OFICINA DE REGULACION SANITARIA JURISDICCION 6', NULL, NULL, '', ''),
(510, 'COORD. DE ENSEÑANZA Y CAPACITACION JURISDICCION 6', NULL, NULL, '', ''),
(511, 'OFICINA DE VACUNACION JURISDICCION 6', NULL, NULL, '', ''),
(512, 'OFICINA DE PALUDISMO JURISDICCION 6', NULL, NULL, '', ''),
(513, 'OFICINA DE VECTORES JURISDICCION 6', NULL, NULL, '', ''),
(514, 'OFICINA DE ENTREGA-RECEPCION ', NULL, NULL, '', ''),
(515, 'COORDINACION DE SEGUIMIENTO ', NULL, NULL, '', ''),
(516, 'OFICINA DE ACTIVO FIJO DEL D.I.S.G.', NULL, NULL, '', ''),
(517, 'SECCION FOTOCOPIADO DEL D.I.S.G.', NULL, NULL, '', ''),
(518, 'UNIDAD DE EPIDEMIOLOGIA JURISDICCION 1', NULL, NULL, '', ''),
(519, 'UNIDAD DE EPIDEMIOLOGIA JURISDICCION 2', NULL, NULL, '', ''),
(520, 'UNIDAD DE EPIDEMIOLOGIA JURISDICCION 3', NULL, NULL, '', ''),
(521, 'UNIDAD DE EPIDEMIOLOGIA JURISDICCION 5', NULL, NULL, '', ''),
(522, 'UNIDAD DE EPIDEMIOLOGIA JURISDICCION 6', NULL, NULL, '', ''),
(523, 'C.S. REYES ETLA ', NULL, NULL, '', ''),
(524, 'C.S. SANTIAGO SUCHILQUITONGO', NULL, NULL, '', ''),
(525, 'DEPARTAMENTO DE VECTORES JURISDICCION 2', NULL, NULL, '', ''),
(526, 'UNIDAD DE INTELIGENCIA PARA EMERGENCIAS EN SALUD', NULL, NULL, '', ''),
(527, 'C.S. PIEDRA AMOLAR ', NULL, NULL, '', ''),
(528, 'C.S. COL HUGO MAYORAL SALINA CRUZ ', NULL, NULL, '01-322', ''),
(529, 'C.S. SANTA CRUZ LACHIXOLANA', NULL, NULL, '', ''),
(530, 'C.S. PLAN ALEMAN OCOTEPEC', NULL, NULL, '01-327', ''),
(531, 'C.S. NDOYOCOYO', NULL, NULL, '01-327', ''),
(532, 'C.S. RANCHO NUEVO', NULL, NULL, '', ''),
(533, 'C.S. CORRALERO', NULL, NULL, '01-326', ''),
(534, 'C.S. DE SANTIAGO JUXTLAHUACA', NULL, NULL, '', ''),
(535, 'C.S. LÁZARO CÁRDENAS YUCUNICOCO', NULL, NULL, '01-329', ''),
(536, 'C.S. GUADALUPE MIRAMAR', NULL, NULL, '01-329', ''),
(537, 'C.S. CONCEPCIÓN MESAS', NULL, NULL, '01-329', ''),
(538, 'C.S. ZARAGOZA ITUNDUJÍA', NULL, NULL, '01-329', ''),
(539, 'C.S. SANTO DOMINGO IXCATLAN', NULL, NULL, '01-329', ''),
(540, 'C.S. SANTOS REYES ZOCHIQUILASOLA', NULL, NULL, '01-329', ''),
(541, 'C.S. SAN ANDRES MONTAÑA', NULL, NULL, '', ''),
(542, 'C.S. SANTIAGO TENANGO', NULL, NULL, '', ''),
(543, 'C.S. SAN JUAN COLORADO', NULL, NULL, '01-329', ''),
(544, 'C.S. SANTA MARÍA JICALTPEC', NULL, NULL, '01-328', ''),
(545, 'C.S. NUEVO PROGRESO', NULL, NULL, '', ''),
(546, 'C.S. MACÍN GRANDE', NULL, NULL, '01-239', ''),
(547, 'C.S. SAN MARTÍN ITUNYOSO', NULL, NULL, '01-329', ''),
(548, 'C.S. SAN JUAN COPALA', NULL, NULL, '01-329', ''),
(549, 'C.S. SAN ANTONIO CHIMALAPA', NULL, NULL, '', ''),
(550, 'C.S. SANTIAGO APOSTOL', NULL, NULL, '', ''),
(551, 'C.S. SAN MIGUEL DEL VALLE, TLACOLULA', NULL, NULL, '', ''),
(552, 'C.S. COL. AVIACIÓN HUAJUAPAN DE LEÓN ', NULL, NULL, '', ''),
(553, 'C.S. MAGDALENA APASCO', NULL, NULL, '', ''),
(554, 'C.S. SAN JERONIMO TECOALT', NULL, NULL, '', ''),
(555, 'C.S. SAN SEBASTIAN ABASOLO ', NULL, NULL, '', ''),
(556, 'C.S. SANTA MARIA TEPOSLANTONGO ', NULL, NULL, '', ''),
(557, 'C.S. STA. MARIA MIXISTLAN ', NULL, NULL, '', ''),
(558, 'C.S. SAN ANDRES HUAXPALTEPEC ', NULL, NULL, '01-329', ''),
(559, 'C.S. SANTO DOMINGO TONALA', NULL, NULL, '', ''),
(560, 'C.S. SAN MIGUEL FIGUEROA, POCHUTLA', NULL, NULL, '', ''),
(561, 'C.S. LOMA ALTA, TUXTEPEC', NULL, NULL, '', ''),
(562, 'C.S. COLONIA LA PAZ', NULL, NULL, '', ''),
(563, 'C.S. DE AYOQUEZCO DE ALDAMA ', NULL, NULL, '', ''),
(564, 'C.S CUILAPAM', NULL, NULL, '', ''),
(565, 'C.S. DE BETHANIA', NULL, NULL, '01-206', ''),
(566, 'C.S. NAZARENO XOXOCOTLÁN ', NULL, NULL, '', ''),
(567, 'C.S. RECIBIMIENTO DE CUAUHTEMOC', NULL, NULL, '', ''),
(568, 'C.S. SAN ANTONIO ARRAZOLA ', NULL, NULL, '', ''),
(569, 'C.S. SAN FELIPE DE LEÓN ', NULL, NULL, '', ''),
(570, 'C.S. SAN FRANCISCO TUTLA', NULL, NULL, '', ''),
(571, 'C.S. SAN JERÓNIMO YAHUICHE ', NULL, NULL, '', ''),
(572, 'C.S. SAN MARTIN MEXICAPAM ', NULL, NULL, '', ''),
(573, 'C.S. SAN MIGUEL TLANICHICO', NULL, NULL, '', ''),
(574, 'C.S. SAN RAFAEL AGUA PESCADITO ', NULL, NULL, '', ''),
(575, 'C.S. DE TAMAZULPAM DEL ESPIRITU SANTO', NULL, NULL, '01-220', ''),
(576, 'C.S. DE TLATEPUZCO', NULL, NULL, '', ''),
(577, 'C.S. DE VEGA DEL SOL', NULL, NULL, '01-206', ''),
(578, 'C.S. DE ZAPOTALITO', NULL, NULL, '', ''),
(579, 'C.S. DEL FRACCIONAMIENTO EL RETIRO', NULL, NULL, '', ''),
(580, 'C.S. EL CAPULIN LA NUEVA POCHOTA', NULL, NULL, '', ''),
(581, 'C.S. EL FAISAN ', NULL, NULL, '', ''),
(582, 'DEPARTAMENTO DE INNOVACIÓN ADMINISTRATIVA ', NULL, NULL, '', ''),
(583, 'CENTRO DE SALUD DE SOLEDAD ETLA ', NULL, NULL, '', ''),
(584, 'CENTRO DE SALUD DE SAN JERÓNIMO SOSOLA ', NULL, NULL, '', ''),
(585, 'CENTRO DE SALUD DE SANTA CATARINA ESTETLA', NULL, NULL, '', ''),
(586, 'CENTRO DE SALUD DE SABINILLO ÑUMI', NULL, NULL, '', ''),
(587, 'CENTRO DE SALUD DE SAN SEBASTIAN DEL MONTE', NULL, NULL, '', ''),
(588, 'CENTRO DE SALUD REYES YUCUNA', NULL, NULL, '', ''),
(589, 'CENTRO DE SALUD DE SANTO TOMÁS', NULL, NULL, '01-327', ''),
(590, 'CLINICA DE LA MUJER DE SANTA ROSA PANZACOLA ', NULL, NULL, '', ''),
(591, 'CENTRO DE SALUD DE SANTA CRUZ YAGAVILA ', NULL, NULL, '', ''),
(592, 'C.S. DE SANTA MARIA JALTIANGUIS', NULL, NULL, '', ''),
(593, 'CENTRO DE SALUD BARRA DE COLOTEPEC ', NULL, NULL, '01-310', ''),
(594, 'CENTRO DE SALUD TAMAZULAPAM DEL ESPIRITU SANTO', NULL, NULL, '', ''),
(595, 'CENTRO DE SALUD DE PIEDRA BLANCA ', NULL, NULL, '01-326', ''),
(596, 'CENTRO DE SALU DE BETHANIA ', NULL, NULL, '01-206', ''),
(597, 'CENTRO DE SALUD RURAL DE SAN MATEO CAJONOS ', NULL, NULL, '01-115', '');

-- --------------------------------------------------------

--
-- Estructura de tabla para la tabla `ordenes`
--

CREATE TABLE `ordenes` (
  `num_orden` int(11) NOT NULL,
  `unidad` int(11) NOT NULL,
  `partida` int(11) NOT NULL,
  `concepto` text COLLATE utf8_spanish_ci DEFAULT NULL,
  `proveedor` varchar(15) CHARACTER SET utf8 COLLATE utf8_spanish2_ci NOT NULL,
  `descripcion` text COLLATE utf8_spanish_ci DEFAULT NULL,
  `fecha` date NOT NULL
) ENGINE=InnoDB DEFAULT CHARSET=utf8 COLLATE=utf8_spanish_ci;

--
-- Volcado de datos para la tabla `ordenes`
--

INSERT INTO `ordenes` (`num_orden`, `unidad`, `partida`, `concepto`, `proveedor`, `descripcion`, `fecha`) VALUES
(1, 487, 355, 'MANTENIMIENTO DE IMPERMEABILIZACIÓN EN EL ÁREA DE GOBIERNO. SOLICITADO MEDIANTE OFICIO N° S/N, DE FECHA 28 DE DICIEMBRE DE 2020, SIGNADO POR EL DR. SERGIO R. RODRÍGUEZ MONROY, DIRECTOR.', 'CSE170721AX6', '1.	MANTENIMIENTO DE IMPERMEABILIZANTE EN MAL ESTADO EN EL ÁREA DE GOBIERNO.', '2021-12-23'),
(2, 114, 347, 'Un concepto', 'CPP190919AS6', '1.     Una descripción', '2022-01-11'),
(3, 171, 347, 'UN CONCEPTO', 'CAP170119MA6', '1.     UNA DESCRIPCIÓN', '2022-01-12'),
(4, 202, 347, 'MANTENIMIENTO DE IMPERMEABILIZACIÓN EN EL ÁREA DE GOBIERNO. SOLICITADO MEDIANTE OFICIO N° S/N, DE FECHA 28 DE DICIEMBRE DE 2020, SIGNADO POR EL DR. SERGIO R. RODRÍGUEZ MONROY, DIRECTOR.', 'RALI810308FZ2', '1.	MANTENIMIENTO DE IMPERMEABILIZANTE EN MAL ESTADO EN EL ÁREA DE GOBIERNO.', '2021-01-07'),
(5, 138, 355, 'MANTENIMIENTO CORRECTIVO A COMPRESOR GRADO MEDICO DE 20 HP MARCA ARGIMED, MODELO W 125 Y SERIE18-3125-007. SOLICITADO MEDIANTE OFICIO N° HGMBF/DIRECCIÓN/452/2020, DE FECHA 07 DE DICIEMBRE DE 2020, SIGNADO POR EL DR. M.S.P. JUAN MANUEL CRUZ RUIZ, DIRECTOR.', 'IOA1509034E5', '1.	MANTENIMIENTO CORRECTIVO A COMPRESOR GRADO MEDICO DE 20 HP, CONSISTENTE EN MANTENIMIENTO CORRECTIVO DE DOS CABEZALES LIBRE DE ACEITE DE 20 HP, QUE INCLUYE LA DESINSTALACIÓN DEL LOS CABEZALES, CAMBIO DEFLAPERS, CAMBIO DE KIT DE JUNTAS DEL COMPRESOR, CAMBIO DE TORNILLOS, TUERCAS, ARANDELAS PLANAS Y DEPRESIÓN EN ACERO INOXIDABLE, CAMBIO DE BANDAS, APLICACIÓN EN CABEZALES DE PRIMARIO ANTICORROSIVO Y PINTURA PARA ALTAS TEMPERATURAS, INSTALACIÓN DEL CABEZAL.', '2021-01-08'),
(6, 139, 355, 'MANTENIMIENTO A 5 EQUIPOS DE AIRE ACONDICIONADO DE DIFERENTES CAPACIDADES, MODELOS Y SERIES, DE LAS ÁREAS DE QUIRÓFANO, URGENCIAS, CONSULTA EXTERNA Y CENTRAL DE ENFERMERÍA; MANTENIMIENTO CORRECTIVO DEL EQUIPO DEL ÁREA DE GOBIERNO. SOLICITADO MEDIANTE OFICIO N° MANTTO-002-2021, DE FECHA 26 DE FEBRERO DE 2021, SIGNADO POR LA MC. ARACELI DÍAZ JIMÉNEZ, DIRECTORA.', 'DCC200128A21', '', '2021-03-23'),
(7, 114, 355, 'MANTENIMIENTO CORRECTIVO DE EQUIPO DE AIRE ACONDICIONADO DE PAQUETE DE 10 T.R., MARCA CARRIER, MODELO NO VISIBLE, SERIE NO VISIBLE DEL ÁREA DE PEDIATRÍA. SOLICITADO MEDIANTE OFICIO N° 0222, DE FECHA 13 DE NOVIEMBRE DE 2021, ASIGNADO POR EL DR. HÉCTOR EDUARDO FERMÍN GUZMÁN, DIRECTOR', 'SIP170127D57', '1.    MANTENIMIENTO CORRECTIVO A EQUIPO DE AIRE ACONDICIONADO DE PAQUETE DE 10 T.R., INCLUYE: CAMBIO DE COMPRESOR DE 5 TONELADAS, BARRIDO AL INTERIOR Y LIMPIEZA DE SERPENTINES DE UNIDAD MANEJADORA Y CONDENSADORA, CAMBIO DE FILTRO DESHIDRATADOR, SERVICIO DE VACÍO Y CARGA DE GAS REFRIGERANTE ', '2021-11-22'),
(8, 170, 347, '¿Qué es concepto y significado?\r\nConcepto significa diseño, imagen, construcción o símbolo, concepción, idea u opinión expresada, caracterización. ... El término concepto tiene origen del latín conceptus, del verbo concipere, que significa algo concebido o formado en la mente, y es considerado una unidad cognitiva de significado.', 'DCC200128A21', '¿Qué es concepto y significado?\r\nConcepto significa diseño, imagen, construcción o símbolo, concepción, idea u opinión expresada, caracterización. ... El término concepto tiene origen del latín conceptus, del verbo concipere, que significa algo concebido o formado en la mente, y es considerado una unidad cognitiva de significado.', '2022-01-27');

-- --------------------------------------------------------

--
-- Estructura de tabla para la tabla `partidas`
--

CREATE TABLE `partidas` (
  `num_partida` int(11) NOT NULL,
  `nombre_partida` varchar(30) COLLATE utf8_spanish2_ci DEFAULT NULL
) ENGINE=InnoDB DEFAULT CHARSET=utf8 COLLATE=utf8_spanish2_ci;

--
-- Volcado de datos para la tabla `partidas`
--

INSERT INTO `partidas` (`num_partida`, `nombre_partida`) VALUES
(347, 'Mantenimiento de edificio'),
(355, 'Mantenimiento de maquinaria');

-- --------------------------------------------------------

--
-- Estructura de tabla para la tabla `password_resets`
--

CREATE TABLE `password_resets` (
  `email` varchar(255) COLLATE utf8_unicode_ci NOT NULL,
  `token` varchar(255) COLLATE utf8_unicode_ci NOT NULL,
  `created_at` timestamp NOT NULL DEFAULT current_timestamp() ON UPDATE current_timestamp()
) ENGINE=InnoDB DEFAULT CHARSET=utf8 COLLATE=utf8_unicode_ci;

-- --------------------------------------------------------

--
-- Estructura de tabla para la tabla `proveedores`
--

CREATE TABLE `proveedores` (
  `rfc` varchar(15) COLLATE utf8_spanish2_ci NOT NULL,
  `proveedor` varchar(100) COLLATE utf8_spanish2_ci DEFAULT NULL,
  `domicilio` text COLLATE utf8_spanish2_ci DEFAULT NULL
) ENGINE=InnoDB DEFAULT CHARSET=utf8 COLLATE=utf8_spanish2_ci;

--
-- Volcado de datos para la tabla `proveedores`
--

INSERT INTO `proveedores` (`rfc`, `proveedor`, `domicilio`) VALUES
('  SAZA700421JS1', 'ALEJANDRO SANTIAGO ZARATE', NULL),
('AATE760228S4A', 'EYSA MARENI ALVAREZ TORRES', NULL),
('CAP170119MA6', 'CONSTRUCCIONES ASESORIA Y PROYECTOS COCIF S.A. DE C.V.', 'AGENCIA MUNICIPAL SAN FRANCISCO TUTLA, CALLE ALFONSO REYES 121, 71228 OAXACA DE JUÁREZ OAX, OAX.'),
('CBA180104URA', 'CONSTRUCTORA BAALAT S.A. DE C.V.', NULL),
('CCO150310RQ4', 'CONSTRUCTORA COVYCA S.A. DE C.V.', NULL),
('CJA200128I37', 'CONSTRUCCIONES JAPANDA S.A. DE C.V. ', NULL),
('CMR151125MC2', 'CONSTRUCCIONES, MANTENIMIENTO Y RENTA DE MAQUINARIA SAYDAV S.A. DE C.V.', NULL),
('CPP190919AS6', 'CONSTRUCCIONES PROGRESISTAS DEL PACIFICO S.A. DE C.V.', 'Centro, 68070 Oaxaca de Juárez, Oax.'),
('CSE141223FC8', 'COMERCIAL DE SERVICIOS EMPRESARIALES BII-REFORS S.A. DE C.V.', NULL),
('CSE170721AX6', 'CONSTRUCTORA DEL SURESTE EHECOATL S.A. DE C.V.', NULL),
('CULC970920DS0', 'CARLOS DANIEL CRUZ LOPEZ', NULL),
('DCC200128A21', 'DISEÑO Y CONSTRUCCIONES CIVILES MALU S.A DE C.V. ', 'CARR. RIBERA DEL RÍO SALADO 124 2C., SAN ANTONIO DE LA CAL, OAXACA C.P. 71254'),
('EMM200603HA6', 'EQUIPOS MEDICOS Y MATERIAL DE CURACION PHARMA CENTER S.A. DE C.V.', NULL),
('GCC120221L81', 'GRUPO CONSTRUCTOR Y CARRETERO IOTA LAMBDA S.A. DE C.VL.', NULL),
('GCC191014SD8', 'GRUPO COMERCIAL CAMAGER S.A DE C.V. ', NULL),
('GCM1808032V4', 'GRUPO CONSTRUCTOR MAYDAY SA DE CV ', NULL),
('GCV200128ME2', 'GRUPO CONSTRUCTOR VINIZAA S.A DE C.V. ', NULL),
('GCX180221VA4', 'GRUPO CONSTRUCTOR XANTI S.A. DE C.V.', NULL),
('GCH061212UX5', 'GRUPO CONSTRUCTOR HANIEL S.A. DE C.V.', NULL),
('IOA1509034E5', 'IMPERCONSTRUCTORES DE OAXACA SA DE CV ', 'BELISARIO DOMÍNGUEZ 920-A. COL. REFORMA, OAXACA DE JUÁREZ, OAX. C.P. 68050.'),
('RALI810308FZ2', 'IVON JANET RAMIREZ LAGUNAS', 'CALLE INDIO N° 68, FRACC. MONTOYA, COL. SAN MARTÍN MEXICAPAM, OAXACA. C.P 68140.'),
('RARD861029EX5', 'DAVID RAMALES RAMIREZ', NULL),
('SACS801030E52', 'SAUL SANCHEZ CONTRERAS', NULL),
('SAZA700421JS1', 'ALEJANDRO SANTIAGO ZARATE', NULL),
('SCD2007239Q0', 'SERVICIOS, CONSTRUCCIONES Y DISEёO VILLA, S.A DE C.V. ', NULL),
('SIP170127D57', 'SOLUCIONES INTEGRALES EN PROVEEDURÍA GUBERNAMENTAL, UNIFORMES Y ENERGÍA SOLAR S.A DE C.V', 'CALLE CAMINO NACIONAL 11-B, SANTA MARÍA DEL TULE, OAXACA. C.P. 68297'),
('SIY160205482', 'SUMINISTRADORA E IMPLEMENTOS LA YAKI S.A. DE C.V.', NULL),
('TXA200730T99', 'TEAM XAO S.A. DE C.V.', NULL);

-- --------------------------------------------------------

--
-- Estructura de tabla para la tabla `roles`
--

CREATE TABLE `roles` (
  `idrol` int(11) NOT NULL,
  `nombre_rol` varchar(45) DEFAULT NULL,
  `idarea` int(11) NOT NULL
) ENGINE=InnoDB DEFAULT CHARSET=utf8mb4;

--
-- Volcado de datos para la tabla `roles`
--

INSERT INTO `roles` (`idrol`, `nombre_rol`, `idarea`) VALUES
(1, 'Jefe Administrativo', 1),
(2, 'Jefe de mantenimiento', 2),
(3, 'Secretaria', 1),
(4, 'Técnico ', 2),
(5, 'Supervisor', 1),
(6, 'Administrador', 3),
(7, 'Externo', 3);

-- --------------------------------------------------------

--
-- Estructura de tabla para la tabla `solicitudes`
--

CREATE TABLE `solicitudes` (
  `idsolicitud` int(11) NOT NULL,
  `asunto` text COLLATE utf8_spanish_ci NOT NULL,
  `unidad` varchar(150) COLLATE utf8_spanish_ci DEFAULT NULL,
  `jurisd_sanit` int(11) DEFAULT NULL,
  `tipo` varchar(20) COLLATE utf8_spanish_ci DEFAULT NULL,
  `compromiso` text COLLATE utf8_spanish_ci NOT NULL,
  `fecha_limite` date DEFAULT NULL,
  `estado` varchar(25) COLLATE utf8_spanish_ci NOT NULL,
  `actualizacion` text COLLATE utf8_spanish_ci DEFAULT NULL,
  `comentarios` text COLLATE utf8_spanish_ci DEFAULT NULL
) ENGINE=InnoDB DEFAULT CHARSET=utf8 COLLATE=utf8_spanish_ci;

--
-- Volcado de datos para la tabla `solicitudes`
--

INSERT INTO `solicitudes` (`idsolicitud`, `asunto`, `unidad`, `jurisd_sanit`, `tipo`, `compromiso`, `fecha_limite`, `estado`, `actualizacion`, `comentarios`) VALUES
(1, 'SISTEMA HIDRONEUMÁTICO\r\nMANTENIMIENTO CORRECTIVO DEL TABLERO DE CONTROL, CAMBIO DE FUSIBLES, SUSTITUCIÓN DEL FILTRO DE CARBÓN ACTIVADO COMPLETO, MARCA ACUA PLUS SERIE CA-4491, SUSTITUCIÓN DEL TRANSFORMADOR (9070T150D1) 60 HZ70.15 KVA, SUSTITUCIÓN DE TANQUE', 'Hospital', 0, NULL, 'EL DÍA MIÉRCOLES 28 DE ABRIL ASISTIRÁ PERSONAL TÉCNICO DE LA DIRECCIÓN DE INFRAESTRUCTURA PARA EL MANTENIMIENTO CORRECTIVO DE LOS EQUIPOS', '2021-04-28', 'Atendido', '', ''),
(2, 'SERVICIO DE SANITARIOS Y REGADERAS\nREHABILITACIÓN DE DICHOS SERVICIOS EN ÁREAS TALES COMO HOSPITALIZACIÓN, GINECOLOGÍA, PEDIATRÍA, URGENCIAS, CONSULTA EXTERNA, SE ENCUENTRAN EN PÉSIMAS CONDICIONES.', '', 0, NULL, 'SE ESPERARÁ AL SANEADO DE DRENAJES PARA SU CORRECTA REVISIÓN', '2021-07-05', 'Atendido', '', ''),
(3, 'INDEPENDIZACIÓN DE LOS DUCTOS DE AIRE ACONDIONADO DEL ÁREA COVID-19\nESTÁN CADUCADOS Y SE REQUIERE CAMBIO DE TODOS (AÑO DE SERVICO 2018) CADA AÑO SE DEBEN CAMBIAR YA QUE CADUCAN.\n', 'HOSPITAL GENERAL JUCHITAN DE ZARAGOZA', 0, NULL, 'SE REALIZARÁ EL MANTENIMIENTO CORRECTIVO Y PREVENTIVO POR PARTE DE LA EMPRESA BALAT MISMA EMPRESA', '2021-07-05', 'Atendido', 'REPARACIÓN DE AIRES ACONDICIONADOS PAQUETE DE 10 TON (4 PIEZAS) Y DE TIPO PAQUETE DE 15 TON (3 PIEZAS)', ''),
(4, 'DESAZOLVE DE  LA RED SANITARIA EXTERIOR', 'HOSPITAL GENERAL JUCHITAN DE ZARAGOZA', 0, NULL, 'LA DIRECCIÓN DE INFRAESTRUCTURA, MANTENAIMIENTO Y SERVICIOS GENERALES, ENVIARÁ PERSONAL PARA LA SOLUCIÓN', '2021-07-05', 'Atendido', 'ATENDIDO CON EL PERSONAL DE CONSERVACIÓN Y MANTENIMIENTO ', ''),
(5, 'SOLICITAN IMPERMEABILIZACIÓN DEL TECHO\n\nSOLICITAN RAPARACIÓN DE PUERTAS EN MAL ESTADO', 'CSU SALINA CRUZ', 0, NULL, 'EL DÍA VIERNES 30 DE MAYO LA DIRECCIÓN DE INFRAESTRUCTURA, MANTENIMIENTO Y SERVCIOS GENERALES, REALIZARÁ LA IMPERMEABILIZACIÓN DE 4 CUARTOS DEL CENTRO DE SALUD \n\nCON LO QUE RESPECTA A LAS PUERTAS EN MAL ESTADO SE VALORARÁ CUALES SE PUEDEN ATENDER DE MANER', '2021-05-30', 'Atendido', 'ATENDIDO ANEXAR ACTA ENTREGA', ''),
(6, 'REHÁBILITACIÓN DE PLANTA DE EMERGENCIA', 'CSU SALINA CRUZ', 0, NULL, 'LA DIRECCIÓN DE INFRAESTRUCTURA, MANTENIMIENTO Y SERVICIOS GENERALES REALIZARÁ EL MANTENIMIENTO CORRECTIVO DE LA PLANTA DE EMERGENCIA EL 30 DE ABRIL DE 2021 DEJANDOLO EN OPERACIÓN.', '2021-04-30', 'Atendido', 'SE REALIZO MANTENIMIENTO CORRECTIVO A TRANSFERENCIA AUTOMATICA CORRESPONDIENTE A LA PLANTA DE EMERGENCIA ', ''),
(7, '2 BOMBAS SUMERGIBLES DE 4\" EN ACERO INOXIDABLE, HP 1.5 DESCARGA DE 2\" CON SU MOTOR SUMERGIBLE DE 4\".\nUNA BOMBA PARA CISTERNA DE AGUA DURA Y UNA BOMBA PARA CISTERNA DE AGUA TRATADA.\n', 'HOSPITAL DE LA COMUNIDAD SAN PEDRO HUAMELULA ', 0, NULL, 'LA PRIMERA SEMANA DE MAYO, LA DIRECCIÓN DE INFRAESTRUCTURA, MANTENIMIENTO Y RECURSOS GENERALES INFORMARÁ A LA DELAGACIÓN SINDICAL, CUANDO SE REALIZARÁ EL SUMINISTRO DE LA BOMBA.', '2021-05-03', 'Atendido', 'DEBIDO A LA FALTA PRESUPUESTAL SE ESTARA BUSCANDO OTRAS OPCIONES PARA SUBSANAR CON PERSONAL TECNICO DEL DEPARTAMENTO ', 'PENDIENTE DE INGRESAR EXPEDIENTE '),
(8, 'MANTENIMIENTO PREVENTIVO A LA PLANTA DE EMERGENCIA', 'HOSPITAL DE LA COMUNIDAD SAN PEDRO HUAMELULA ', 0, NULL, 'LA TERCERA SEMANA DE MAYO, LA DIRECCIÓN DE INFRAESTRUCTURA, MANTENIMIENTO Y RECURSOS GENERALES REALIZARÁ EL MANTENIMIENTO DE LA PLANTA DE EMERGENCIA', '2021-05-17', 'Atendido', 'RECIENTEMENTE EN MES DE MAYO SE REALIZÓ EL MANTENIMIENTO Y CAMBIO DE TRASNFER DE LA PPLANTA DE EMERGENCIA ', 'PENDIENTE DE INGRESAR EXPEDIENTE '),
(9, 'REPARACION PLANTA DE EMERGENCIA MANTENIMIENTO PREVENTIVO Y CORRECTIVO, SUSTITUCION DE RADIADOR Y PRECALENTADOR, TABLERO DE TRANSFERENCIA DISYUNTORES MAL ANCLADOS', '', 0, NULL, 'SE PROGRAMA VISITA TECNICA Y/O ATENCIÓN EN LA SEGUNDA SEMANA DE MAYO DEL AÑO EN CURSO', '2021-05-10', 'Atendido', '', ''),
(10, 'SUMINISTRO DE BOMBA SUMERGIBLE FOSA SEPTICA PARA AGUAS NEGRAS CON TRITURADOR DE 2” DE ENTRADA Y SALIDA Y DE 3 HP. (ESTA SE ENCUENTRA EN REPARACION EN LA CD DE OAXACA DESDE MARZO DEL 2019 EN MANTTO ESTATAL Y AUN NO HA SIDO ENTREGADA)', '', 0, NULL, 'SE ENTREGARA EN LA ULTIMA SEMANA DEL MES DE ABRIL DELA ÑO EN CURSO', '2021-04-26', 'Atendido', '', ''),
(11, 'LABORATORIO\nCOLOCACIÓN DE PERSIANA FALTANTE EN EL ÁREA DE HEMATOLOGÍA Y MANTENIMIENTO A LAS PERSIANAS RESTANTES\n', '', 0, NULL, 'SE COLOCARAN EL JUEVES 10 DE JUNIO POR PARTE DE LA DIRECCIÓN DE INFRAESTRUCTURA, MANTENIMIENTO Y SERVICIOS GENERALES', '2021-06-10', 'Atendido', '', ''),
(12, 'PINTURA EN INTERIORES Y EXTERIORES, MANTENIMIENTO GENERAL DE LA UNIDAD', '', 0, NULL, 'CUMPLIDO', '2021-07-05', 'Atendido', '', ''),
(13, 'REPARACIÓN DEL LETRERO DE URGENCIAS, ILUMINACIÓN Y MICA VINILICA.\n', '', 0, NULL, 'ATENDIDO.', '2021-07-05', 'Atendido', '', ''),
(14, 'INSTALACIÓN DE AIRE ACONDICIONADO EN ÁREAS ANALÍTICAS.\nUNA DE LAS LIMITANTES QUE ACARREA LA INFRAESTRUCTURA DEL LABORATORIO ESTATAL Y LA CUAL YA HA SIDO OBSERVADA EN DIVERSAS AUDITORÍAS, ESTABLECE QUE EL AMBIENTE LABORAL CON EL QUE REALIZAN LAS DIFERENTES', '', 0, NULL, 'LA DIRECCIÓN DE INFRAESTRUCTURA, MANTENIMIENTO Y SERVICIOS GENERALES INFORMA QUE EL 27 DE JULIO DE 2021, SE INSTALARA EL AIRE ACONDICIONADO EN EL ÁREA DE BIOLOGÍA MOLECULAR', '2021-07-15', 'Atendido', '', ''),
(15, 'PLANTA DE EMERGENCIA\nMANTENIMIENTO PREVENTIVO A LA PLANTA DE EMERGENCIA DE 125 KW.\n220V DE LA MARCA JOHN DEERE, MODELO: OS125, SERIE: 774932 Y TABLERO DE TRANSFERENCIA CON NUMERO DE SERIE: 93184C02.\n\nSUSUTITUCION: SOLICITAMOS LA INTERVENSION Y APOYO TECNICO INMEDIATO DE EL AREA DE PROYECTOS DE LA DIRECCION DE INFRAESTRUCTURA, MANTENIMIENTO ESTATAL Y SERVICIOS GENERALES.', '', 0, NULL, 'LA DIRECCIÓN DE INFRAESTRUCTURA MANTENIMIENTO  Y SERVICIOS GENERALES INFORMA QUE EL DIA 09 DE JULIO DE 2021, SE PRESENTARA PERSONAL DEL AREA DE MANTENIMIENTO A REALIZAR LOS TRABAJOS.', '2021-07-09', 'Atendido', '', ''),
(16, 'SE REALIZO LEVANTAMIENTO 8 SEPTIEMBRE SE SOLICITARÁ A LA DIRECCIÓN DE PLANEACIÓN Y DESARROLLO LA BÚSQUEDA DE FUENTE DE FINANCIAMIENTO PARA EJERCICIOS FISCALES POSTERIORES.', '', 0, NULL, 'MANTENIMIENTO Y DEZASOLVE DE LA RED DE AGUAS RESIDUALES Y DE LA FOSA SÉPTICA DE LA UNIDAD LA CUAL SE ENCUENTRA REBASADA A MAS DEL 90% DE SU CAPACIDAD TOTAL', '2021-07-05', 'En proceso', '', ''),
(17, 'SE REALIZO LEVANTAMIENTO 8 SEPTIEMBRE SE SOLICITARÁ A LA DIRECCIÓN DE PLANEACIÓN Y DESARROLLO LA BÚSQUEDA DE FUENTE DE FINANCIAMIENTO PARA EJERCICIOS FISCALES POSTERIORES.', '', 0, NULL, 'REVISIÓN Y MANTENIMIENTO DE LA RED ELÉCTRICA YA QUE DERIVADO DE LA VARIACIÓN DE VOLTAJE DE ENERGÍA SE HAN AFECTADO EQUIPOS BIOMÉDICOS DEJÁNDOLOS INSERVIBLES', '2021-07-05', 'En proceso', '', ''),
(18, 'LA DIRECCIÓN DE INFRAESTRUCTURA INFORMA QUE SE REALIZARÁN LOS TRABAJOS DENTRO DEL IMPORTE DE $518,568.55, LOS CUALES INICIARÁN EN 15 DÍAS A PARTIR DE LA FECHA.', '', 0, NULL, 'EL EQUIPO DE AIRE ACONDICIONADO DEL LABORATORIO, YA NO SIRVE SE REQUIERE UNO NUEVO. ', '2021-07-05', 'En proceso', '', ''),
(19, 'PENDIENTE', '', 0, NULL, '3 MINISPLITS', '2021-07-05', 'En proceso', '', ''),
(20, 'SE REALIZO LEVANTAMIENTO 8 SEPTIEMBRE SE SOLICITARÁ A LA DIRECCIÓN DE PLANEACIÓN Y DESARROLLO LA BÚSQUEDA DE FUENTE DE FINANCIAMIENTO PARA EJERCICIOS FISCALES POSTERIORES.', '', 0, NULL, 'IMPERMEABILIZACIÓN COMPLETA DE LA UNIDAD', '2021-07-05', 'En proceso', '', ''),
(21, 'SE CONTEMPLARA DENTRO DELA REHABILITACION DE ´DE LA UNIDAD DENTRO DEL PROGRAMA U013 EN PRIMERA QUINCENA DE DICIMBRE 2020', '', 0, NULL, '2 MINISPLITS', '2021-03-15', 'En proceso', '', ''),
(22, 'LA DIRECCIÓN DE INFRAESTRUCTURA, MANTENIMIENTO Y SERVICIOS GENERALES INFORMA QUE SE PROPORCIONÓ MANTENIMIENTO A LOS EQUIPOS DE AIRE ACONDICIONADO DE LA UNIDAD MÉDICA EN EL MES DE FEBRERO DEL PRESENTE AÑO.\n\nSE CUENTA CON PRESUPUESTO DEL DIAGNÓSTICO DE NECE', '', 0, NULL, 'REALIZACIÓN DEL MANTENIMIENTO PREVENTIVO Y CORRECTIVO DE LOS AIRES ACONDICIONADOS EN GENERAL (COMPRESORES)', '2021-03-04', 'En proceso', '', ''),
(23, 'LA DIRECCION DE OBRAS REALIZARA VISITA EL DIA 26,27 DE NOVIEMBRE PARA LREVANTAMIENTO DE NECESIDADES', '', 0, NULL, 'MANTENIMIENTO DEL ALUMBRADO DE LA UNIDAD INTERNA Y EXTERNA', '2021-03-30', 'En proceso', '', ''),
(24, 'LA DIRECCION DE OBRAS REALIZARA VISITA EL DIA 26,27 DE NOVIEMBRE PARA LREVANTAMIENTO DE NECESIDADES', '', 0, NULL, 'MANTENIMIENTO ADECUADO DE CLIMAS', '2021-03-30', 'En proceso', '', ''),
(25, 'LA DIRECCIÓN DE INFRAESTRUCTURA, MANTENIMIENTO Y SERVICIOS GENERALES INFORMA QUE SE REALIZÓ MANTENIMIENTO A LOS EQUIPOS DE AIRE ACONDICIONADO A PRINCIPIOS DEL PRESENTE AÑO.\n\nLA DIRECCIÓN DE INFRAESTRUCTURA, MANTENIMIENTO Y SERVICIOS GENERALES INFORMA QUE ', '', 0, NULL, 'REPARACIÓN Y COMPOSTURA DE CLIMAS DE QUIRÓFANO, URGENCIAS Y DE CONSULTA EXTERNA NO FUNCIONAN AL 100%', '2021-04-16', 'En proceso', '', ''),
(26, 'EL DIA 10 DE DICIEMBRE SE LE DARA MANTENIMIENTO  PPOR PARTE DEL DEPARTAMENTO DE CONSERVACION Y MANTENIMIENTO ESTATAL', '', 0, NULL, 'SUSTITUCIÓN DE LOS COMPRESORES DEL ÁREA DE SALA DE ESPERA ', '2021-04-15', 'En proceso', '', ''),
(27, 'LA DIRECCIÓN DE INFRAESTRUCTURA, MANTENIMIENTO Y SERVICIOS GENERALES INFORMA QUE EL 1° Y 2 DE DICIEMBRE DE 2020, SE REALIZARÁ UNA VISITA PARA ELABORAR EL DIAGNÓSTICO, PRESUPUESTO Y BÚSQUE DE FINANCIAMIENTO EN LA DIRECCIÓN DE PLANEACIÓN Y DESARROLLO PARA E', '', 0, NULL, 'SUSTITUCIÓN DEL BREAKER, INSTALADO EN EL CENTRO DE CARGA DE LA UNIDAD Y  CUYA FUNCIÓN ES PROTEGER DE VARIACIONES ELÉCTRICAS EN ESPECIAL DE LOS AIRES ACONDICIONADOS DE LOS EDIFICIOS DE SALA DE ESPERA, ÁREA DE HOSPITALIZACIÓN Y GOBIERNO.', '2021-04-15', 'En proceso', '', ''),
(28, 'EL DIA 5 DE DICIEMBRE SE REALIZARA LA REPARACION DE LAS FILTRACIONES DEL AREA DE GOBIERNO ADMINISTRACION Y BAÑOS', '', 0, NULL, 'IMPERMEABILIZACIÓN DEL INMUEBLE EN GENERAL, EN ESPECIAL DEL ÁREA DE GOBIERNO LA CUAL YA PRESENTA GOTERAS', '2021-04-16', 'En proceso', '', ''),
(29, 'LA DIRECCIÓN DE INFRAESTRUCTURA, MANTENIMIENTO Y SERVICIOS GENERALES INFORMA QUE EL MARTES 16 DE MARZO DE 2021, ACUDIRÁ PERSONAL DEL ÁREA PARA REALIZAR EL CAMBIO DE LÁMPARAS.', '', 0, NULL, 'LABORATORIO\nREVISIÓN Y CAMBIO DE LÁMPARAS DEL LABORATORIO Y SU SALA DE ESPERA EN LAS QUE SE REQUIERA.\n', '2021-03-16', 'En proceso', '', ''),
(30, 'PERSONAL DEL DEPARTAMENTO DE CONSERVACIÓN Y MANTENIMIENTO DE LA DIRECCIÓN DE INFRAESTRUCTURA, MANTENIMIENTO Y SERVICIOS GENERALES TIENE PROGRAMADA UNA VISITA EL PRÓXIMO 05 DE ABRIL DE 2021, PARA REALIZAR EL LEVANTAMIENTO DE NECESIDADES, UNA VEZ EFECTUADO ', '', 0, NULL, 'LABORATORIO\nCOLOCACIÓN DE PERSIANA FALTANTE EN EL ÁREA DE HEMATOLOGÍA Y MANTENIMIENTO A LAS PERSIANAS RESTANTES\n', '2021-04-05', 'En proceso', '', ''),
(31, 'PERSONAL DEL DEPARTAMENTO DE CONSERVACIÓN Y MANTENIMIENTO DE LA DIRECCIÓN DE INFRAESTRUCTURA, MANTENIMIENTO Y SERVICIOS GENERALES TIENE PROGRAMADA UNA VISITA EL PRÓXIMO 05 DE ABRIL DE 2021, PARA REALIZAR EL LEVANTAMIENTO DE NECESIDADES, UNA VEZ EFECTUADO ', '', 0, NULL, 'LOSETA DE BARRAS DE TRABAJO: \nSE ENCUENTRA CON CUARTEADURAS SIGNIFICANDO UN RIESGO DE TRABAJO PARA QUIENES AQUÍ LABORAN.\n', '2021-04-05', 'En proceso', '', ''),
(32, 'PERSONAL DEL DEPARTAMENTO DE CONSERVACIÓN Y MANTENIMIENTO DE LA DIRECCIÓN DE INFRAESTRUCTURA, MANTENIMIENTO Y SERVICIOS GENERALES TIENE PROGRAMADA UNA VISITA EL PRÓXIMO 05 DE ABRIL DE 2021, PARA REALIZAR EL LEVANTAMIENTO DE NECESIDADES, UNA VEZ EFECTUADO ', '', 0, NULL, 'REGISTRO DE DESAGÜE EN FRENTE DE LAS TARJETAS DE LAVADO: \nCUENTA CON UNA TAPADERA METÁLICA IMPROVISADA (YA CON SARRO Y DETERIORADA), QUE GENERA UN RIESGO DE TRABAJO Y DE CONTAMINACIÓN YA QUE FACILITA EL INGRESO DE FAUNA NOCIVO PELIGROSA AL SERVICIO.\n', '2021-04-05', 'En proceso', '', ''),
(33, 'PERSONAL DEL DEPARTAMENTO DE CONSERVACIÓN Y MANTENIMIENTO DE LA DIRECCIÓN DE INFRAESTRUCTURA, MANTENIMIENTO Y SERVICIOS GENERALES TIENE PROGRAMADA UNA VISITA EL PRÓXIMO 05 DE ABRIL DE 2021, PARA REALIZAR EL LEVANTAMIENTO DE NECESIDADES, UNA VEZ EFECTUADO ', '', 0, NULL, 'CANCELACIÓN DEL REGISTRO EXISTENTE EN EL ESPACIO DE ALMACÉN: \nEXISTE UN REGISTRO SIN TAPADERA EN EL ESPACIO EN EL QUE SE ALMACENAN ABARROTES QUE CONSTANTEMENTE EXPIDE OLORES FÉTIDOS EN EL ÁREA.', '2021-04-05', 'En proceso', '', ''),
(34, 'PERSONAL DEL DEPARTAMENTO DE CONSERVACIÓN Y MANTENIMIENTO DE LA DIRECCIÓN DE INFRAESTRUCTURA, MANTENIMIENTO Y SERVICIOS GENERALES TIENE PROGRAMADA UNA VISITA EL PRÓXIMO 05 DE ABRIL DE 2021, PARA REALIZAR EL LEVANTAMIENTO DE NECESIDADES, UNA VEZ EFECTUADO ', '', 0, NULL, 'PUERTA Y PARED DE DIVISIÓN PARA EL BAÑO.\n', '2021-04-05', 'En proceso', '', ''),
(35, 'PERSONAL DEL DEPARTAMENTO DE CONSERVACIÓN Y MANTENIMIENTO DE LA DIRECCIÓN DE INFRAESTRUCTURA, MANTENIMIENTO Y SERVICIOS GENERALES TIENE PROGRAMADA UNA VISITA EL PRÓXIMO 05 DE ABRIL DE 2021, PARA REALIZAR EL LEVANTAMIENTO DE NECESIDADES, UNA VEZ EFECTUADO ', '', 0, NULL, 'INSTALACIÓN DE AIRE ACONDICIONADO EN EL ÁREA DE RESGUARDO DE INSUMOS.\n', '2021-04-05', 'En proceso', '', ''),
(36, 'DEL 26 AL 30 DE OCTUBRE DE 2020, PERSONAL DE INFRAESTRUCTURA REALIZARÁ UNA VISITA PARA REALIZAR UN LEVANTAMIENTO FÍSICO DE LAS NECESIDARES DE MANTENIMIENTO Y/O REHABILITACIÓN DE LAS UNIDADES MÉDICAS, PARA QUE EN UN PERIODO DE 30 DÍAS A PARTIR DE ESA FECHA', '', 0, NULL, 'CS 1NB LA CUMBRE\nSOLICITAN LA REPARACIÓN DE FALLAS DEL SISTEMA ELÉCTRICO E HIDROSANITARIO DE LA UNIDAD MÉDICA.\n', '2021-04-19', 'En proceso', '', ''),
(37, 'DEL 26 AL 30 DE OCTUBRE DE 2020, PERSONAL DE INFRAESTRUCTURA REALIZARÁ UNA VISITA PARA REALIZAR UN LEVANTAMIENTO FÍSICO DE LAS NECESIDARES DE MANTENIMIENTO Y/O REHABILITACIÓN DE LAS UNIDADES MÉDICAS, PARA QUE EN UN PERIODO DE 30 DÍAS A PARTIR DE ESA FECHA', '', 0, NULL, 'C.S.R. SANTA MARÍA CORTIJOS\nSOLICITAN MANTENIMIENTO PREVENTIVO DE LA UNIDAD MÉDICA.\n', '2021-04-19', 'En proceso', '', ''),
(38, 'DEL 26 AL 30 DE OCTUBRE DE 2020, PERSONAL DE INFRAESTRUCTURA REALIZARÁ UNA VISITA PARA REALIZAR UN LEVANTAMIENTO FÍSICO DE LAS NECESIDARES DE MANTENIMIENTO Y/O REHABILITACIÓN DE LAS UNIDADES MÉDICAS, PARA QUE EN UN PERIODO DE 30 DÍAS A PARTIR DE ESA FECHA', '', 0, NULL, 'C.S.R. 2NB SAN JUAN COLORADO\nSOLICITAN VALORAR LA SUSTITUCIÓN DE LA UNIDAD, PRESENTA FILTRACIÓN DE AGUA, GRIETAS Y  FRACTURAS EN LAS PAREDES Y ESTRUCTURAS DE SOPORTE DE LA UNIDAD LAS CUALES SE AGRAVARON CON LOS ÚLTIMOS SISMOS EN LA REGIÓN DE LA COSTA.\n', '2021-04-19', 'En proceso', '', ''),
(39, 'LA UNIDAD MÉDICA ESTÁ CONSIDERADA PARA REHABILITAR CON EL PROGRAMA U013 2020, SE TIENE PROGRAMADO INICIAR LOS TRABAJOS ENTRE LOS MESES DE NOVIEMBRE  Y DICIEMBRE DE 2020.\n\nDEL 26 AL 30 DE OCTUBRE DE 2020, PERSONAL DE INFRAESTRUCTURA REALIZARÁ UNA VISITA PA', '', 0, NULL, 'C.S.R. SANTA MARÍA CHICOMETEPEC\nBAÑO DE PACIENTES EN MAL ESTADO POR LA TUBERÍA, CHAPA DE LA PUERTA DE LA COCINA EN MAL ESTADO, VENTANAS EN MAL ESTADO, VENTILADOR DE CONSULTORIO Y SALA DE ESPERA EN MAL ESTADO.\n', '2021-04-19', 'En proceso', '', ''),
(40, 'DEL 26 AL 30 DE OCTUBRE DE 2020, PERSONAL DE INFRAESTRUCTURA REALIZARÁ UNA VISITA PARA REALIZAR UN LEVANTAMIENTO FÍSICO DE LAS NECESIDARES DE MANTENIMIENTO Y/O REHABILITACIÓN DE LAS UNIDADES MÉDICAS, PARA QUE EN UN PERIODO DE 30 DÍAS A PARTIR DE ESA FECHA', '', 0, NULL, 'C.S.R. CERRO DE LA ESPERANZA\nEL BAÑO DE PACIENTES ESTÁ EN MALAS CONDICIONES.\n', '2021-04-19', 'En proceso', '', ''),
(41, 'LA DIMSG ENVIARA UNA CUBETA DE PINTURA ANTIBACTERIAL PARA QUE EL JEFE DE MANTENIMIENTO DE LA UNIDAD LO APLIQUE.', '', 0, NULL, 'PINTURA ANTIBACTERIAL', '2021-07-05', 'En proceso', '', ''),
(42, '', '', 0, NULL, 'MANTENIMIENTO PREVENTIVO DE LA PLANTA DE EMERGENCIA, PLANTA TRATADORA DE AGUAS RESIDUALES Y AL TRANSFORMADOR', '2021-04-05', 'En proceso', '', ''),
(43, 'SE REALIZARA VISITA TECNICA EL 05 DE NOVIEMBRE PARA INTEGRAR NECESIDADES Y PRESENTAR EL PRESUPUESTO  A LA DIRECCI0N DE PLANEACION PARA BUSQUEDA DE FUENTE DE FINANCIAMIENTO EN EL EJERCICIO PRESUPUESTAL 2021.', '', 0, NULL, 'MANTENIMIENTO PREVENTIVO A CASA DE MÁQUINAS  HIDRAÚLICAS Y ELÉCTRICAS\n ', '2021-05-17', 'En proceso', '', ''),
(44, 'SE REALIZARA VISITA TECNICA EL 05 DE NOVIEMBRE PARA INTEGRAR NECESIDADES Y PRESENTAR EL PRESUPUESTO  A LA DIRECCI0N DE PLANEACION PARA BUSQUEDA DE FUENTE DE FINANCIAMIENTO EN EL EJERCICIO PRESUPUESTAL 2021.', '', 0, NULL, 'MANTENIMIENTO PREVENTIVO A LAS MANEJADORES DE AIRE ACONDICIONADO Y REPARACIÓN DE LUCTUS DE LAS MISMAS\n', '2021-05-17', 'En proceso', '', ''),
(45, 'LA DIRECCIÓN DE INFRAESTRUCTURA INFORMA QUE SE REALIZARÁ VISITA TÉCNICA EL 05 DE NOVIEMBRE DE 2020 PARA INTEGRAR NECESIDADES Y PRESENTAR EL PRESUPUESTO A LA DIRECCIÓN DE PLANEACIÓN Y DESARROLLO PARA LA BÚSQUEDA DE FUENTE DE FINANCIAMIENTO EN EL EJERCICIO ', '', 0, NULL, 'CAMBIO DE MANIFOULD DE OXÍGENO\n', '2021-05-17', 'En proceso', '', ''),
(46, 'LA DIRECCIÓN DE INFRAESTRUCTURA INFORMA QUE SE REALIZARÁ VISITA TÉCNICA EL 05 DE NOVIEMBRE DE 2020 PARA INTEGRAR NECESIDADES Y PRESENTAR EL PRESUPUESTO A LA DIRECCIÓN DE PLANEACIÓN Y DESARROLLO PARA LA BÚSQUEDA DE FUENTE DE FINANCIAMIENTO EN EL EJERCICIO ', '', 0, NULL, 'SUAVIZADORES DE AGUA (LECHO PROFUCNO,CARBÓN ACTIVADO,SUAVIZADORES Y DOSIFICADOR DE CLORO)\n', '2021-05-17', 'En proceso', '', ''),
(47, 'LA DIRECCIÓN DE INFRAESTRUCTURA INFORMA QUE EL TRABAJO YA FUE EFECTUADO EN EL PROGRAMA U013 2019 Y SOLVENTADO.', '', 0, NULL, 'MANTENIMIENTO A LAS TOMAS DE OXÍGENO Y ASPIRACIÓN DE HOSPITALIZACIÓN Y URGENCIAS.\n', '2021-05-17', 'En proceso', '', ''),
(48, '', '', 0, NULL, 'MANTENIMIENTO DEL SISTEMA DE OSMOSIS DEL CESSA', '2021-05-29', 'En proceso', '', ''),
(49, 'PERSONAL DE LA DIRECCIÓN DE INFRAESTRUCTURA, MANTENIMIENTO Y SERVICIOS GENERALES, ACUDIRÁ A LA UNIDAD PARA REALIZAR UN LEVANTAMIENTO TÉCNICO, CON LA POSIBILIDAD DE SER ATENDIDO A TRAVÉS DEL PROGRAMA U013.\n\nEL 26 DE OCTUBRE DE 2020, PERSONAL DE INFRAESTRUC', '', 0, NULL, 'SOLICITAN LA REPARACIÓN DE LAS INSTALACIONES DE OXÍGENO.\n', '2021-07-05', 'En proceso', '', ''),
(50, 'SE PROGRAMA VISITA POR PARTE DE LA DIMSG PARA REALIZAR EL LEVANTAMIENTO DE NECESIDADES PARA EL 16 DE JUNIO DE 2021.', '', 0, NULL, 'MANTENIMIENTO CORRECTIVO Y PREVENTIVO DE TODOS LOS CLIMAS TIPO MINI SPLIT Y DE PAQUETE.', '2021-06-16', 'En proceso', '', ''),
(51, 'LA DIRECCIÓN DE INFRAESTRUCTURA, MANTENIMIENTO Y SERVICIOS GENERALES A TRAVÉS DEL DEPARTAMENTO DE CONSERVACIÓN Y MANTENIMIENTO INFORMA QUE SE PROGRAMA UNA VISITA PARA EL DÍA 13 DE MAYO DE 2021, CON LA FINALIDAD DE ELABORAR EL DIAGNÓSTICO DEL EQUIPO, MANTE', '', 0, NULL, 'SOLICITAN LA REPARACIÓN DE LOS AUTOCLAVES', '2021-05-13', 'En proceso', '', ''),
(52, 'LA DIRECCIÓN DE INFRAESTRUCTURA, MANTENIMIENTO Y SERVICIOS GENERALES A TRAVÉS DEL DEPARTAMENTO DE CONSERVACIÓN Y MANTENIMIENTO INFORMA QUE SE PROGRAMA UNA VISITA PARA EL DÍA 13 DE MAYO DE 2021, CON LA FINALIDAD DE ELABORAR EL DIAGNÓSTICO DEL EQUIPO, MANTE', '', 0, NULL, 'SOLICITAN LA REPARACIÓN DE LA UNIDAD DENTAL.\n', '2021-05-13', 'En proceso', '', ''),
(53, 'EL HOSPITAL MEDIRÁ EL ÁREA PARA PINTURA Y ASÍ LA DIRECCIÓN DE INFRAESTRUCTURA PUEDA COMPRARLA PARA ENTREGARLA AL HOSPITAL EL DIA 11 Y 12 DEL RECORRIDO PARA EL LEVANTAMIENTO DE NECESIDADES, Y EL HOSPITAL QUEDARÁ COMO APOYO EN LA MANO DE OBRA', '', 0, NULL, 'PINTURA EPÓXICA (COLOR: CÁSCARA DE NARANJA) DEL EDIFICIO O EN SU DEFECTO EN ESPECIAL AL ÁREA QUIRÚRGICA (TOCOCIRUGÍA, QUIRÓFANO Y LA CEYE), PASILLO DE HOSPITALIZACIÓN ADULTOS, URGENCIAS, PASILLO DE CONSULTORIOS, CONSULTA EXTERNA, AULA DE USOS MÚLTIPLES. M', '2021-05-11', 'En proceso', '', ''),
(54, 'EL HOSPITAL MEDIRÁ EL ÁREA PARA PINTURA Y ASÍ LA DIRECCIÓN DE INFRAESTRUCTURA PODRÁ COMPRAR LA MISMA, PARA ENTREGARLA AL HOSPITAL EL DIA 11 Y 12 EN EL RECORRIDO PARA EL LEVANTAMIENTO DE NECESIDADES, Y EL HOSPITAL QUEDARÁ COMO APOYO EN LA MANO DE OBRA', '', 0, NULL, 'PINTURA INSTITUCIONAL EN LA PARTE EXTERIOR DE LA UNIDAD.\n', '2021-05-11', 'En proceso', '', ''),
(55, 'SE PROGRAMA VISITA TÉCNICA EL 15 DE JUNIO DEL AÑO EN CURSO PARA LA PUESTA DE LA CORTINAS Y CORTINEROS.', '', 0, NULL, 'MOBILIARIO\nCORTINAS Y CORTINEROS (ODONTOLOGÍA)', '2021-06-15', 'En proceso', '', ''),
(56, 'SE PROGRAMA PARA EL 11 DE JUNIO DEL 2021 LOS TRABAJOS POR PARTE DEL DEPARTAMENTO DE MANTENIMIENTO IMPERMEABILIZAR LAS ÁREAS SOLICITADAS. ', '', 0, NULL, 'IMPERMEABILIZAR ÁREA DE EXPULSIÓN, URGENCIAS Y CEYE', '2021-06-11', 'En proceso', '', ''),
(57, 'LA DIRECCIÓN DE INFRAESTRUCTURA, MANTENIMIENTO Y SERVICIOS GENERALES ENVIARA EL PRESUPUESTO DE NECESIDADES PARA EL TANQUE DE PRESURIZADOR DE AGUAS A MAS TARDAR EL DIA 28 DE MAYO DE 2021. PRIORIDAD 1.', '', 0, NULL, 'CAMBIO DE TANQUE DE PRESURIZADOR DE AGUA DEL HIDRONEUMÁTICO', '2021-05-28', 'En proceso', '', ''),
(58, 'SE PROGRAMA PARA EL 1 DE JUNIO DEL 2021, LOS TRABAJOS POR PARTE DEL DEPARTAMENTO DE MANTENIMIENTO PARA DARLE EL SERVICIO REQUERIDO A LA PLANTA. ', '', 0, NULL, 'MANTENIMIENTO DE PLANTA DE EMERGENCIA', '2021-06-01', 'En proceso', '', ''),
(59, 'LA DIRECCIÓN DE INFRAESTRUCTURA, MANTENIMIENTO Y SERVICIOS GENERALES ENVIARA EL PRESUPUESTO DE NECESIDADES PARA LA PLANTA TRATADORA DE AGUAS RESIDUALES A MAS TARDAR EL DIA 28 DE MAYO DE 2021. PRIORIDAD 4', '', 0, NULL, 'MANTENIMIENTO DE PLANTA TRATADORA DE AGUAS RESIDUALES ', '2021-05-28', 'En proceso', '', ''),
(60, 'EL 04 DE JUNIO DE 2021, PERSONAL DE LA DIRECCIÓN DE INFRAESTRUCTURA, MANTNEIMIENTO Y SERVICIOS GENERALES REALIZARÁ UNA VISITA PARA REVISIÓN Y DICTAMEN DEL SISTEMA ELÉCTRICO DEL EDIFICIO Y CABLEADO, ASÍ COMO LEVANTAMIENTO DE NECESIDADES.', '', 0, NULL, 'EDIFICIO JURISDICCIONAL PRINCIPAL, UBICADO EN CALLE 02 DE ABRIL\nSISTEMA ELÉCTRICO \nPINTURA \nCABLEADO', '2021-06-04', 'En proceso', '', ''),
(61, 'EL 21 DE MAYO DE 2021, SE REALIZARÁ UNA VISITA PARA INSPECCIÓN DEL INMUEBLE DE SAN BARTOLO COYOTEPEC POR PARTE DEL DEPARTAMENTO DE CONSERVACIÓN Y MANTENIMIENTO.\n ', '', 0, NULL, 'MANTENIMIENTO ', '2021-05-21', 'En proceso', '', ''),
(62, 'EL 07 DE JUNIO DE 2021, LA DIRECCIÓN DE INFRAESTRUCTURA, MANTENIMIENTO Y SERVICIOS GENERALES REALIZARÁ UNA VISITA A LA UNIDAD HOSPITALARIA PARA EL LEVANTAMIENTO DE TODAS LAS NECESIDADES DEL HOSPITAL, PARA ELABORACIÓN DE PRESUPUESTO Y BÚSQUEDA DE FUENTE DE', '', 0, NULL, 'SUAVIZADORES Y BOMBAS', '2021-06-07', 'En proceso', '', ''),
(63, 'EL 07 DE JUNIO DE 2021, LA DIRECCIÓN DE INFRAESTRUCTURA, MANTENIMIENTO Y SERVICIOS GENERALES REALIZARÁ UNA VISITA A LA UNIDAD HOSPITALARIA PARA EL LEVANTAMIENTO DE TODAS LAS NECESIDADES DEL HOSPITAL, PARA ELABORACIÓN DE PRESUPUESTO Y BÚSQUEDA DE FUENTE DE', '', 0, NULL, 'MANTENIMIENTO DE LA PLANTA DE EMERGENCIA DEL HOSPITAL', '2021-06-07', 'En proceso', '', ''),
(64, 'LA DIRECCIÓN DE INFRAESTRUCTURA, MANTENIMIENTO Y SERVICIOS GENERALES INFORMA QUE EL LUNES 24 DE MAYO DE 2021, SE ENVIARÁ A LA DIRECCIÓN DE PLANEACIÓN Y DESARROLLO EL PROYECTO DE AMPLIACIÓN DE LA PLANTA DE TRATAMIENTO Y SOLICITUD DE BÚSQUEDA DE FUENTE DE F', '', 0, NULL, 'COMPOSTURA DE PLANTA DE TRATAMIENTO', '2021-05-24', 'En proceso', '', ''),
(65, 'EL DÍA 21 DE MAYO DE 2021, ACUDIRÁ LA EMPRESA A VERIFICAR EL SISTEMA DE AIRE ACONDICIONADO', '', 0, NULL, 'SOLICITAN REPARACIÓN DE AIRE ACONDICIONADO DEL ÁREA DE HOSPITALIZACIÓN Y LABORATORIO', '2021-05-21', 'En proceso', '', ''),
(66, 'LA DIRECCIÓN DE INFRAESTRUCTURA, MANTENIMIENTO Y SERVICIOS GENERALES, REALIZARÁ UNA VISITA EL PRIMERO DE JULIO PARA REALIZAR EL DIAGNÓSTICO Y POSTERIORMENTE LA INSTALACIÓN CORRESPONDIENTE.\n', '', 0, NULL, 'EQUIPO DE RAYOS X FIJO', '2021-07-01', 'En proceso', '', ''),
(67, 'LA DIRECCIÓN DE INFRAESTRUCTURA A FINAL DEL MES DE MAYO DEL AÑO EN CURSO APROXIMADAMENTE, SE LE NOTIFICARÁ VÍA TELEFÓNICA A LA DIRECCIÓN DEL HOSPITAL, LA FECHA DE LA INSTALACIÓN DEL EXTRACTOR COMPACTO DE FILTROS.\n\nEL 1° DE JULIO DE 2021, REALIZARÁN UNA VI', '', 0, NULL, 'ÁREA COVID\nEN RELACIÓN AL CUARTO AISLADO DESIGNADO PARA PACIENTES COVID-19, SOLICITO DE MANERA URGENTE SE LE PUEDA DAR SOLUCIÓN AL TEMA DE VENTILACIÓN, ANTERIORMENTE PROPUESTO, YA QUE ES UN CUARTO SIN FLUJO DE AIRE Y REPRESENTA UN, ALTO RIESGO DE CONTAGIO', '2021-05-31', 'En proceso', '', ''),
(68, 'LA DIRECCIÓN DE INFRAESTRUCTURA, MANTENIMIENTO Y SERVICIOS GENERALES INFORMA QUE EN LA PRIMER SEMANA DE MAYO DE 2021, SE REALIZARÁ UNA VISITA PARA VERIFICAR EL ESTADO DE LA VENTANA, PARA QUE A LA BREVEDAD POSIBLE SE PROGRAMEN LOS TRABAJOS DE REPARACIÓN DE', '', 0, NULL, 'COORDINACIÓN INSTITUCIONAL\nSE SOLICITA URGENTEMENTE LA REMODELACIÓN DEL ÁREA DE OFICIALÍA DE PARTES, LAS VENTANAS SE ENCUENTRAN EN ESTADO DEPLORABLE, ASÍ COMO LAS PAREDES PRESENTAN HUMEDAD Y SALITRE.', '2021-05-03', 'En proceso', '', ''),
(69, 'LA DIRECCIÓN DE INFRAESTRUCTURA, MANTENIMIENTO Y SERVICIOS GENERALES INFORMA A TRAVÉS DEL DEPARTAMENTO DE CONSERVACIÓN Y MANTENIMIENTO QUE SE REALIZARÁ UNA VISITA PARA VERIFICAR EL ESTADO DE LA SALA DE JUNTAS, ELABORAR EL PRESUPUESTO Y A LA BREVEDAD POSIB', '', 0, NULL, 'DIRECCIÓN DE ASUNTOS JURÍDICOS\nEN LA SALA DE JUNTAS HAY FILTRACIÓN Y HUMEDAD EN LAS PAREDES.\n', '2021-07-05', 'En proceso', '', ''),
(70, 'PERSONAL DEL DEPARTAMENTO DE CONSERVACIÓN Y MANTENIMIENTO ASISTIRÁ EL MARTES 11 DE MAYO DE 2021 PARA REALIZAR EL LEVANTAMIENTO DE NECESIDADES DE MANTENIMIENTO DEL INMUEBLE.\n\n', '', 0, NULL, 'SE SOLICITA DAR MANTENIMIENTO GENERAL A TODA LA INFRAESTRUCTURA (ELÉCTRICA, COMUNICACIONES, VENTILACIÓN, HIDRÁULICA, DRENAJE SANITARIO, AGUAS PLUVIALES) DEL EDIFICIO QUE OCUPA LA DIRECCIÓN DE ATENCIÓN MÉDICA (REPARACIÓN DE LOS BAÑOS DE HOMBRES Y MUJERES, ', '2021-05-11', 'En proceso', '', ''),
(71, 'SE PROGRAMA UNA VISITA POR PARTE DEL TECNICO ESPECIALISTA A LA UNIDAD MEDICA PARA REVISION Y/O MANTENIMIENTO PARA EL DIA 30 DE MARZO DEL 2021.', '', 0, NULL, 'COMPRESOR DE AIRE DE GRADO MEDICO', '2021-03-30', 'En proceso', '', ''),
(72, 'EL PERSONAL DE LA DIRECCIÓN DE INFRAESTRUCTURA, SE COORDINARÁ CON EL DIRECTOR DEL HOSPITAL PARA EFECTOS QUE LA MANO DE OBRA NECESARIA SE CUBRA CON RECURSOS LOCALES Y LAS REFACCIONES SEAN PROPORCIONADAS POR EL NIVEL ESTATAL.', '', 0, NULL, 'EQUIPAMIENTO E INSTALACIÓN DE EQUIPO DE AIRE ACONDICIONADO EN EL ÁREA DE GESTORÍA Y MANTENIMIENTO.\n', '2021-05-17', 'En proceso', '', ''),
(73, '', '', 0, NULL, 'REPARACION DE REFRIGERADORES DE LOS CS DE LA REFORMA Y HC SANTOS REYES NOPALA', '2021-05-21', 'En proceso', '', ''),
(74, '', '', 0, NULL, '50 LAMPARAS LED DE 1 METRO', '2021-04-15', 'En proceso', '', ''),
(75, '', '', 0, NULL, '50 FOCOS LED', '2021-04-15', 'En proceso', '', ''),
(76, '', '', 0, NULL, '15 REFLECTORES LED DE 40 W', '2021-04-15', 'En proceso', '', ''),
(77, '', '', 0, NULL, '3 CAJAS DE CABLE DEL NUMERO 12', '2021-04-15', 'En proceso', '', ''),
(78, 'EL 06 DE NOVIEMBRE DE 2020, PERSONAL DE INFRAESTRUCTURA, REALIZARÁ UNA VISITA A LA JURISDICCIÓN SANITARIA PARA REALIZAR UN LEVANTAMIENTO FÍSICO DE LAS NECESIDADES, ELABORAR UN PRESUPUESTO Y HACER EL TRÁMITE ANTE LA DIRECCIÓN DE PLANEACIÓN Y DESARROLLO PAR', '', 0, NULL, '08 MINISPLIT\n\n', '2021-03-29', 'En proceso', '', ''),
(79, 'EL 06 DE NOVIEMBRE DE 2020, PERSONAL DEL ÁREA DE MANTENIMIENTO DE NIVEL ESTATAL, REALIZARÁ UNA VISITA A LA JURISDICCIÓN SANITARIA PARA REALIZAR UN LEVANTAMIENTO FÍSICO DE LAS NECESIDADES, ELABORAR UN PRESUPUESTO Y HACER EL TRÁMITE ANTE LA DIRECCIÓN DE PLA', '', 0, NULL, 'ÁREA DE MANTENIMIENTO:\n1 BOMBA DE VACÍO PAR REFIRGERANTE 410 A 404A.\n1 BOYA O TANQUE DE GAS REFRIGERANTE DE 13 KG R22 Y 410A.\n1 MANÓMETRO PARA GAS REFRIGERANTE R22 Y 410A.\n1 KIT DE AVELLENADOR SUPERFICIE COMPLETO PARA TUBERÍA DE COBRE\n1 TALADRO ROTOMARTIL', '2021-07-05', 'En proceso', '', ''),
(80, 'SE ANALIZARA POR PARTE DE LA DIRECCION DE INFRAESRUCTURA, MANTENIMIENTO Y SERVICIOS GENERALES  LA SOLICITUD Y SE DARA RESPUESTA A MAS TARDAR EL 15 MAYO DE 2021.', '', 0, NULL, '10 DESARMADOR PUNTA PHILIPS, MAGO DE ACETATO, 1/4 X 6” \n10 DESARMADOR PUNTA PLANA ,MANGO CONFORT GRIP, 1/4X 6B\n10 DESARMADOR PUNTA PLANA ,MANGO CONFORT GRIP, 5/16 X 6B\n10 DESARMADOR PUNTA PLANA ,MANGO CONFORT GRIP,5/16X10”\n10 PINZA DE CHOFER 8” \n10 PINZA ', '2021-05-15', 'En proceso', '', ''),
(81, 'SE ANALIZARA POR PARTE DE LA DIRECCION DE INFRAESRUCTURA, MANTENIMIENTO Y SERVICIOS GENERALES  LA SOLICITUD Y SE DARA RESPUESTA A MAS TARDAR EL 15 MAYO DE 2021.', '', 0, NULL, '1 TALADRO  REVERSIBLE DE ½”ENTRADA DE AIRE DE ¼” NPT\n3 ESMERILADORA ANGULAR DE 4 ½”PROFESIONAL,1000 WATTS\n3 GRASERA A UNA MANO DE 14 OZ,5000 LB/PLG2,CON REPUESTO\n9 JGO. DE LLAVES COMBINADAS,20 PZAS, ESTÁNDAR Y MILIMÉTRICAS GRANALLADAS\n9 JGO DE AUTOCLÉ,DE ', '2021-05-15', 'En proceso', '', ''),
(82, 'EL JEFE DE MANTENIMIENTO DE LA UNIDAD HOSPITALARIA HARA LLEGAR REQUERIMIENTOS DE LUMINARIAS A LA DIMSG.', '', 0, NULL, 'REPARACION O SUSTITUCION DE LUMINARIAS INTERIOR DE TODA LA UNIDAD DE CONSULTA EXTERNA, SALA DE ESPERA DE LABORATORIO, RX, HOSPITALIZACION, LABOR, EXPULSION', '2021-07-05', 'En proceso', '', ''),
(83, 'INFRASTRUCTURA ESTA EN ESPERA DE LA SUFICIENCIA PRESUPUESTAL PARA ENVIAR AL PERSONAL TECNICO  AL HOSPITAL PARA REALIZAR LOS TRABAJOS', '', 0, NULL, 'MANTENIMIENTO PREVENTIVO DE LA UNIDAD DE PAQUETE DEL SERVICIO DE QUIRÓFANO (CAMBIO DE FILTROS Y VARIADOR DE VOLTAJE).\n', '2021-07-05', 'En proceso', '', ''),
(84, 'SE BUSCARÁ UNA EMPRESA PROVEEDORA DE LA SSO PARA SISTEMAS ELECTRÓNICOS PARA EL DÍA 21 DE ABRIL DEL AÑO EN CURSO', '', 0, NULL, 'ADQUISICIÓN DEL SISTEMA DE COMUNICACIÓN INTERNA.\n', '2021-04-21', 'En proceso', '', ''),
(85, 'SE ENVIARÁ UN TÉCNICO PARA VALORAR EL ESTADO FÍSICO DEL EQUIPO DE LAVADO, ANTES DEL RECORRIDO DE LOS DÍAS 11 Y 12 DE MAYO DEL AÑO EN CURSO', '', 0, NULL, 'DOTAR DE 1 LAVADORA INDUSTRIAL HOSPITALARIA CON CAPACIDAD DE 65 KGS. SE CUENTA CON UNA DE 35 TRABAJANDO AL 60%.\n', '2021-05-11', 'En proceso', '', ''),
(86, 'LA DIRECCIÓN DE INFRAESTRUCTURA ESTA EN ESPERA DE SUFICIENCIA PRESUPUESTAL PARA LA ATENCIÓN DE LA SOLICITUD DE HERRAMIENTAS PARA EL DESARROLLO DEL TRABAJO DEL PERSONAL DE MANTENIMIENTO DEL HOSPITAL', '', 0, NULL, 'ADQUISICIÓN DE HERRAMIENTAS PARA EL DESARROLLO DEL TRABAJO DEL PERSONAL DE MANTENIMIENTO:\nMARTILLO, CORTADOR DE TUBO, CINCELES DE DIFERENTES MEDIDAS, LLAVES ESPAÑOLAS Y MILIMÉTRICAS DIFERENTES MEDIDAS, LLAVES HEXAGONALES, ESTÁNDAR, ESMERIL ELÉCTRICO DE BA', '2021-07-05', 'En proceso', '', ''),
(87, 'SE REALIZARÁ POR EL AREA DE MANTENIMEINTO UNA VISITA EL DÍA  8 DE JUNIO DEL AÑO EN CURSO PARA LEVANTAMIENTO DE NECESIDADES DE TODA LA UNIDAD', '', 0, NULL, 'UNIDAD\nMANTENIMIENTO A TODA LA UNIDAD (IMAGEN INSTITUCIONAL).', '2021-06-08', 'En proceso', '', ''),
(88, 'SE REALIZARÁ POR EL AREA DE MANTENIMEINTO UNA VISITA EL DÍA  8 DE JUNIO DEL AÑO EN CURSO PARA LEVANTAMIENTO DE NECESIDADES DE TODA LA UNIDAD', '', 0, NULL, 'AIRE ACONDICIONADO\nMANTENIMIENTO GENERAL DEL AIRE ACONDICIONADO DE LA UNIDAD.', '2021-06-08', 'En proceso', '', ''),
(89, 'SE CONTEMPLARÁ DENTRO DE LA VALORACIÓN DEL DÍA 19 DE ABRIL DEL AÑO EN CURSO', '', 0, NULL, 'CUARTO DE MAQUINAS HIDRÁULICAS\nCALENTADOR DE PASO PARA  AGUA (URGENTE). 1 PIEZA\nBOMBAS VERTICALES (BOMBA POZO PROFUNDO). 2 PIEZAS', '2021-04-19', 'En proceso', '', ''),
(90, 'LA DIRECCIÓN DE INFRAESTRUCTURA REALIZARA UN RECORRIDO PARA EL LEVANTAMIENTO DE NECESIDADES A MAS TARDAR 10 DE MAYO, PARA PODER PRESUPUESTAR LAS NECESIDADES Y SE DETERMINE CUALES SE PUEDAN ATENDER EN CORTO, MEDIANO Y LARGO PLAZO', '', 0, NULL, 'MANTENIMIENTO EN GENERAL:', '2021-05-10', 'En proceso', '', ''),
(91, 'EL DÍA 10 DE MAYO SE REVIZARÁ LA PROBLEMÁTICA DE LOS ÁRBOLES Y SE VALORARÁ SI SE PUEDE CUBRIR EL GASTO ', '', 0, NULL, 'PODA DE ÁRBOLES INTERNOS Y EXTERNOS DE LA UNIDAD, DEBIDO A QUE NO CONTAMOS CON HERRAMIENTA NI PERSONAL NECESARIO PARA LLEVAR ACABO LA ACTIVIDAD. LOS ARBOLES INTERNOS SON LOS QUE ESTÁN DAÑANDO LA CISTERNA', '2021-05-10', 'En proceso', '', ''),
(92, 'LA DIRECCIÓN DE INFRAESTRUCTURA REALIZARA UN RECORRIDO PARA EL LEVANTAMIENTO DE NECESIDADES A MAS TARDAR 10 DE MAYO, PARA PODER PRESUPUESTAR LAS NECESIDADES Y SE DETERMINE CUALES SE PUEDAN ATENDER EN CORTO, MEDIANO Y LARGO PLAZO', '', 0, NULL, 'MANTENIMIENTO DE LOS BAÑOS EN GENERAL DE PERSONAL, DE USUARIOS PACIENTES, Y DEL AULA DONDE ACTUALMENTE SE ATIENDEN IRAS.', '2021-05-10', 'En proceso', '', ''),
(93, 'LA DIRECCIÓN DE INFRAESTRUCTURA REALIZARA UN RECORRIDO PARA EL LEVANTAMIENTO DE NECESIDADES A MAS TARDAR 10 DE MAYO, PARA PODER PRESUPUESTAR LAS NECESIDADES Y SE DETERMINE CUALES SE PUEDAN ATENDER EN CORTO, MEDIANO Y LARGO PLAZO', '', 0, NULL, 'COLOCAR NUEVAMENTE ALUMBRADO ALREDEDOR DEL CENTRO DE SALUD. YA QUE POR LAS NOCHES ESTÁ MUY OSCURO, EL REFLECTOR QUE ESTABA COLOCADO UNA MAÑANA YA NO APARECIÓ, HABRÍA QUE OPTAR POR OTRA OPCIÓN PARA DAR SOLUCIÓN A ESTE PUNTO.', '2021-05-10', 'En proceso', '', ''),
(94, 'EL DÍA MIÉRCOLES 28 DE ABRIL ASISTIRÁ PERSONAL TÉCNICO DE LA DIRECCIÓN DE INFRAESTRUCTURA PARA EL MANTENIMIENTO CORRECTIVO DE LOS EQUIPOS', '', 0, NULL, 'UNA LAVADORA INDUSTRIAL DE 22 KG Y SECADORA DE 22 KG.\nSOLICITAN LA REPARACIÓN, SE ENCUENTRAN DESCOMPUESTAS', '2021-04-28', 'En proceso', '', ''),
(95, 'SE ESTA TRABAJANDO EN LA BUSQUEDA DE MATERIAL Y QUEDARÍA ATENDIDO CON LA CALDERA OPERANDO EL 15 DE MAYO DEL AÑO EN CURSO', '', 0, NULL, 'CALDERAS (GENERADOR DE VAPOR) POWER MASTER\nDESINSTALACIÓN DE CALDERA OBSOLETA CON APOYO DE EQUIPOS PARA SOPORTE DE EQUIPOS PESADOS, ASÍ COMO INSTALACIÓN DEL EQUIPO NUEVO QUE SE ENCUENTRA YA EN EL HOSPITAL, ESTA NECESIDAD AL SER SUBSANADA FAVORECERÍA EL AB', '2021-05-15', 'En proceso', '', ''),
(96, 'EN 15 DÍAS HÁBILES A PARTIR DEL DÍA DE HOY, LA DIRECCIÓN DE INFRAESTRUCTURA, MANTENIMIERNTO Y SERVICIOS GENERALES ENVIARÁ PERSONAL PARA LA IMPERMEABILIZACIÓN DE EL ÁREA DEL CENTRO DE EMPAQUETAMIENTO Y ESTERILIZACIÓN', '', 0, NULL, 'CENTRO DE EMPAQUETAMIENTO Y ESTERILIZACIÓN\nREESTRUCTURACIÓN DEL ÁREA YA QUE LA IMPERMEABILIZACIÓN DEL MISMO A SIDO NULA CONDICIONANDO ESTE UN PROBLEMA PARA MANTENER BAJO REGLA DICHO SERVICIO, PUES SE CUENTA CON ÁREAS ESTÉRILES PARA MANTENER EN ÓPTIMAS CON', '2021-05-12', 'En proceso', '', ''),
(97, 'EN 15 DÍAS HÁBILES A PARTIR DEL DÍA DE HOY, LA DIRECCIÓN DE INFRAESTRUCTURA, MANTENIMIERNTO Y SERVICIOS GENERALES ENVIARÁ PERSONAL PARA LA REPARACIÓN DEL PISO DEL ÁREA DE QUIRÓFANO', '', 0, NULL, 'ÁREA DE QUIRÓFANO\n\nEL PISO TIENE DAÑOS', '2021-05-12', 'En proceso', '', ''),
(98, 'EL DÍA 28 DE ABRIL DEL AÑO EN CURSO SE LLEVARÁN A LA UNIDAD MÉDICA LAS LUMINARIAS PARA INTERIORES', '', 0, NULL, 'SISTEMA DE ILUMINACIÓN INTRAHOSPITALARIA \nSE REQUIERE DE ABASTECIMIENTO DE ILUMINACIÓN EN ÁREAS DE HOSPITALIZACIÓN, GINECOLOGÍA, PEDIATRÍA, CEYE, QUIRÓFANO, CONSULTA EXTERNA, COCINA, COMEDOR, ASÍ COMO TAMBIÉN EN ÁREAS EXTERNAS COMO EL ESTACIONAMIENTO, ENT', '2021-04-28', 'En proceso', '', ''),
(99, 'SE REALIZARÁ POR PARATE DE LA DIRECCIÓN DE INFRAESTRUCTURA, MANTENIMIENTO Y SERVICOOS GENERALES UNA VISITA PARA REALIZAR LOS TRABAJOS DEL 17 AL 22 DE JUNIO DEL AÑO EN CURSO', '', 0, NULL, 'SUSTITUCIÓN DE 2 BOMBAS ACTUALES POR 2 DE 10 HP EN EL SISTEMA HIDRONEUMÁTICO\nNO SE HA ADQUIRIDO NADA DE ESTÁS 2 BOMBAS.\n', '2021-06-17', 'En proceso', '', ''),
(100, 'LA DIRECCIÓN DE IN FRAESTRUCTURA, MANTENIMIENTO Y SERVICIOS GENERALES ASISTIRÁN EN LA SEGUNDA QUINCENA DE JUNIO AL HOSPITAL PARA LA INSTALACIÓN DE LOS SUAVIZADORES Y LA BOMBA', '', 0, NULL, 'BOMBA RECIRCULADORA PENDIENTE SU INSTALACIÓN POR PARTE DE LA DIRECCIÓN DE INFRAESTRUCTURA DE LOS SERVICIOS DE SALUD DE OAXACA YA QUE DESDE SU CREACIÓN DEL HOSPITAL HACE DOS AÑOS NO CONTAMOS CON EL SUMINISTRO DE AGUA CALIENTE YA QUE ESTA BOMBA ES VITAL PAR', '2021-07-05', 'En proceso', '', ''),
(101, 'LA DIRECCIÓN DE INFRAESTRUCTURA, MANTENIMIENTO Y SERVICIOS GENERALES ENVIARÁ AL PERSONAL TÉCNICO EN LA SEGUNDA QUINCENA DE JUNIO A REALIZAR LOS TRABAJOS QUE PUEDAN SOLVENTARSE DE MANERA INMEDIATA, EL RESTO DE LAS NECESIDADES SE ENCUENTRAN EN BUSQUEDA DE F', '', 0, NULL, 'PLAFONES\nEN MAL ESTADO POR HUMEDAD PRODUCIDA POR LA CONDENSACIÓN DEL AIRE EN LAS SALIDAS DE AIRE ACONDICIONADO, LAS ÁREAS AFECTADAS SON: ÁREA DE GOBIERNO, ÁREA MÓDULO MATER, CONSULTORIO DE PEDIATRÍA, SALA DE ESPERA, CONSULTA EXTERNA.', '2021-06-16', 'En proceso', '', ''),
(102, 'LA DIRECCIÓN DE INFRAESTRUCTURA, MANTENIMIENTO Y SERVICIOS GENERALES ENVIARÁ AL PERSONAL TÉCNICO EN LA SEGUNDA QUINCENA DE JUNIO A REALIZAR LOS TRABAJOS QUE PUEDAN SOLVENTARSE DE MANERA INMEDIATA, EL RESTO DE LAS NECESIDADES SE ENCUENTRAN EN BUSQUEDA DE F', '', 0, NULL, 'ILUMINACIÓN EXTERIOR:\nEN EL ÁREA DEL ALBERGUE Y RPBI NO SE ENCUENTRA CON ALUMBRADO SE REQUIERE EL MONTAJE DE UN POSTE QUE SE RETIRÓ DURANTE LA OBRA DEL ALBERGUE Y ALIMENTAR DICHA LUMINARIA.\n\nEN EL LADO PONIENTE DEL HOSPITAL, EN EL ESTACIONAMIENTO PÚBLICO ', '2021-06-30', 'En proceso', '', ''),
(103, 'LA DIRECCIÓN DE INFRAESTRUCTURA, MANTENIMIENTO Y SERVICIOS GENERALES ENVIARÁ AL PERSONAL TÉCNICO EN LA SEGUNDA QUINCENA DE JUNIO A REALIZAR LOS TRABAJOS QUE PUEDAN SOLVENTARSE DE MANERA INMEDIATA, EL RESTO DE LAS NECESIDADES SE ENCUENTRAN EN BUSQUEDA DE F', '', 0, NULL, 'PLANTA TRATADORA DE AGUAS NEGRAS:\nEL DÍA 13 DE FEBRERO DEL 2016, EL SR. ARMANDO SE PRESENTÓ A REALIZAR EL MANTENIMIENTO Y HABILITACIÓN DE LAS PLANTAS TRATADORAS DE AGUAS NEGRAS, HASTA LA FECHA HAN REALIZADO LO SIGUIENTE:\n\nEN LA PLANTA DE SISTEMA DE OZONO:', '2021-06-30', 'En proceso', '', ''),
(104, 'LA DIRECCIÓN DE INFRAESTRUCTURA, MANTENIMIENTO Y SERVICIOS GENERALES ENVIARÁ AL PERSONAL TÉCNICO EN LA SEGUNDA QUINCENA DE JUNIO A REALIZAR LOS TRABAJOS QUE PUEDAN SOLVENTARSE DE MANERA INMEDIATA, EL RESTO DE LAS NECESIDADES SE ENCUENTRAN EN BUSQUEDA DE F', '', 0, NULL, 'IMPERMEABILIZACIÓN:\nSE SOLICITA LA IMPERMEABILIZACIÓN DE TODA LA AZOTEA DE ESTA UNIDAD HOSPITALARIA, EN LA ACTUALIDAD DICHA IMPERMEABILIZACIÓN SE ENCUENTRA DETERIORADA. \n\nTODA VEZ QUE ESTAMOS PRÓXIMOS A LA TEMPORADA DE LLUVIA EN ESTA REGIÓN, ES DE GRAN IM', '2021-06-30', 'En proceso', '', ''),
(105, 'SE DARA SEGUIMIENTO A LA BOMBA QUE SE ENCUENTRA EN REPARACIÓN EN AREA DE MANTENIMIENTO ESTATAL', '', 0, NULL, 'CISTERNA\nREVISIÓN, REPARACIÓN E INSTALACIÓN DE 4 BOMBAS SUMERGIBLES DE 1.5 HP\n\nSOLO FUNCIONAN TRES BOMBAS, (2 EN CISTERNA DE AGUA DURA Y 1 EN CISTERNA DE AGUA SUAVIZADA) REQUIEREN MANTENIMIENTO URGENTE.', '2021-07-05', 'En proceso', '', ''),
(106, 'SE REALIZARÁ EN LA TERCERA SEMANA DE MAYO LA ADECUACIÓN CORRESPONDIENTE PARA LA INSTALACIÓN DE SU AUTOCLAVE', '', 0, NULL, 'AUTOCLAVE\nMANTENIMIENTO PREVENTIVO Y/O CORRECTIVO. \n\nEN SU CASO INSTALACIÓN DE EQUIPO NUEVO CON QUE SE CUENTA EN LA UNIDAD. ADECUACIÓN DEL SISTEMA DE DRENADO.\n\nVERIFICAR SI EL EQUIPO NUEVO ES VIABLE PARA EL SERVICIO.', '2021-05-17', 'En proceso', '', ''),
(107, 'SE TIENE PROGRAMADO PARA LA SEGUNDA SEMANA DE MAYO DEL AÑO EN CURSO EL MANTENIMIENTO DE ESTE EQUIPO', '', 0, NULL, 'COMPRESOR GRADO MÉDICO\nMANTENIMIENTO CORRECTIVO DEL EQUIPO, ACTUALMENTE EL EQUIPO NO FUNCIONA.', '2021-05-10', 'En proceso', '', ''),
(108, 'LA DIRECCIÓN DE LA UNIDAD HARA SOLICITUD AL ÁREA DE MANTENIMIENTO ESTATAL.', '', 0, NULL, 'LUMINARIAS EN INTERIORES Y EXTERIORES\nSE REQUIERE SUSTITUCIÓN DE LUMINARIAS EN LAS SIGUIENTES ÁREAS:\nGOBIERNO Y CONSULTA EXTERNA: 30 PIEZAS\nSANITARIO PÚBLICO: 3\nSANITARIO PERSONAL: 2 PIEZAS\nURGENCIAS: 20 PIEZAS\nLABORATORIO: 6 PIEZAS\nENCAMADOS: 13 PIEZAS\nB', '2021-07-05', 'En proceso', '', ''),
(109, 'LA DIRECCIÓN DE LA UNIDAD HARA SOLICITUD AL ÁREA DE MANTENIMIENTO ESTATAL.', '', 0, NULL, 'BOMBA DE VACÍO Y MANÓMETRO PARA MANTENIMIENTO DE EQUIPOS DE AIRE ACONDICIONADO Y  GAS R22.\n\nSE REQUIERE EL SIGUIENTE EQUIPO, BOMBA DE VACÍO Y MANÓMETRO PARA AIRE ACONDICIONADO, GAS R22, PARA PODER DAR MANTENIMIENTO PREVENTIVO A LAS UNIDADES PAQUETES. ', '2021-07-05', 'En proceso', '', ''),
(110, 'SE HARÁ UNA REVISIÓN EN LA SEGUNDA SEMANA DE MAYO PARA DAR EL MANTENIMIENTO DEL MISMO', '', 0, NULL, 'REPARACION O CAMBIO DEL AIRE ACONDICIONADO EN EL AREA DE ENCAMADOS.', '2021-05-10', 'En proceso', '', ''),
(111, 'SE HARÁ UNA REVISIÓN EN LA SEGUNDA SEMANA DE MAYO PARA DAR EL MANTENIMIENTO DEL MISMO', '', 0, NULL, 'REPARACION O CAMBIO DEL AIRE ACONDICIONADO EN EL AREA DE LA SALA DE EXPULSION.', '2021-05-10', 'En proceso', '', ''),
(112, 'SE HARÁ UNA REVISIÓN EN LA SEGUNDA SEMANA DE MAYO PARA DAR EL MANTENIMIENTO DEL MISMO', '', 0, NULL, 'ILUMINACION EN EL AREA DE CEYE.', '2021-05-10', 'En proceso', '', ''),
(113, 'SE HARÁ UNA REVISIÓN EN LA SEGUNDA SEMANA DE MAYO PARA DAR EL MANTENIMIENTO DEL MISMO', '', 0, NULL, 'MANTENIMIENTO O CAMBIO DEL SITEMA HIDRAULICO DEL AREA DE CENTRAL DE ENFERMERIA.', '2021-05-10', 'En proceso', '', ''),
(114, 'SE HARÁ UNA REVISIÓN EN LA SEGUNDA SEMANA DE MAYO PARA DAR EL MANTENIMIENTO DEL MISMO', '', 0, NULL, 'REPARACION O CAMBIO DE AIRE ACONDICIONADO DE LA OFICINA DE JEFATURA DE ENFERMERIA.', '2021-05-22', 'En proceso', '', ''),
(115, 'SE HARÁ UNA REVISIÓN EN LA SEGUNDA SEMANA DE MAYO PARA DAR EL MANTENIMIENTO DEL MISMO', '', 0, NULL, 'REPARACION O CAMBIO DE AIRE ACONDICIONADO DEL CONSULTORIO 1.', '2021-05-10', 'En proceso', '', ''),
(116, 'SE HARÁ UNA REVISIÓN EN LA SEGUNDA SEMANA DE MAYO PARA DAR EL MANTENIMIENTO DEL MISMO', '', 0, NULL, 'ILUMINACION DEL CONSULTORIO 1.', '2021-05-10', 'En proceso', '', ''),
(117, 'SE HARÁ UNA REVISIÓN EN LA SEGUNDA SEMANA DE MAYO PARA DAR EL MANTENIMIENTO DEL MISMO', '', 0, NULL, 'MANTENIMIENTO DEL SISTEMA HIDRAULICO DEL LAVA MANO DEL CONSULTORIO 1.', '2021-05-10', 'En proceso', '', ''),
(118, 'SE HARÁ UNA REVISIÓN EN LA SEGUNDA SEMANA DE MAYO PARA DAR EL MANTENIMIENTO DEL MISMO', '', 0, NULL, 'REPARACION O CAMBIO DEL AIRE ACONDICIONADO DEL CONSULTORIO 2.', '2021-05-10', 'En proceso', '', ''),
(119, 'SE HARÁ UNA REVISIÓN EN LA SEGUNDA SEMANA DE MAYO PARA DAR EL MANTENIMIENTO DEL MISMO', '', 0, NULL, 'ILUMINACION DEL CONSULTORIO 2.', '2021-05-10', 'En proceso', '', ''),
(120, 'SE HARÁ UNA REVISIÓN EN LA SEGUNDA SEMANA DE MAYO PARA DAR EL MANTENIMIENTO DEL MISMO', '', 0, NULL, 'MANTENIMIENTO DEL SISTEMA HIDRAULICO DEL LAVA MANO DEL CONSULTORIO 2.', '2021-05-10', 'En proceso', '', ''),
(121, 'SE HARÁ UNA REVISIÓN EN LA SEGUNDA SEMANA DE MAYO PARA DAR EL MANTENIMIENTO DEL MISMO', '', 0, NULL, 'REPARACION O CAMBIO DEL AIRE ACONDICIONADO DL CONSULTORIO 3.', '2021-05-10', 'En proceso', '', ''),
(122, 'SE HARÁ UNA REVISIÓN EN LA SEGUNDA SEMANA DE MAYO PARA DAR EL MANTENIMIENTO DEL MISMO', '', 0, NULL, 'ILUMINACION DEL CONSULTORIO 3.-', '2021-05-10', 'En proceso', '', ''),
(123, 'SE HARÁ UNA REVISIÓN EN LA SEGUNDA SEMANA DE MAYO PARA DAR EL MANTENIMIENTO DEL MISMO', '', 0, NULL, 'MANTENIMIENTO DEL SISTEMA HIDRAULICO DEL LAVA MANO DEL CONSULTORIO 3.', '2021-05-10', 'En proceso', '', ''),
(124, 'SE HARÁ UNA REVISIÓN EN LA SEGUNDA SEMANA DE MAYO PARA DAR EL MANTENIMIENTO DEL MISMO', '', 0, NULL, 'INSTALACION DE AIRE ACONDICIONADO EN EL CONSULTORIO DE PSICOLOGIA.', '2021-05-10', 'En proceso', '', ''),
(125, 'SE HARÁ UNA REVISIÓN EN LA SEGUNDA SEMANA DE MAYO PARA DAR EL MANTENIMIENTO DEL MISMO', '', 0, NULL, '1.- MANTENIMIENTO O CAMBIO DE LAS PUERTAS DEL LABORATORIO Y TOMA DE MUESTRA.', '2021-05-10', 'En proceso', '', ''),
(126, 'SE HARÁ UNA REVISIÓN EN LA SEGUNDA SEMANA DE MAYO PARA DAR EL MANTENIMIENTO DEL MISMO', '', 0, NULL, '2.- REPARACION DEL SISTEMA HIDRAULICO DEL LABORATORIO.', '2021-05-10', 'En proceso', '', ''),
(127, 'SE HARÁ UNA REVISIÓN EN LA SEGUNDA SEMANA DE MAYO PARA DAR EL MANTENIMIENTO DEL MISMO', '', 0, NULL, '3.- REPARACION O CAMBIO DEL AIRE ACONDICIONADO DEL LABORATORIO.', '2021-05-10', 'En proceso', '', ''),
(128, 'SE HARÁ UNA REVISIÓN EN LA SEGUNDA SEMANA DE MAYO PARA DAR EL MANTENIMIENTO DEL MISMO', '', 0, NULL, '4.- FALTA ILUMINACION.', '2021-05-10', 'En proceso', '', ''),
(129, 'SE HARÁ UNA REVISIÓN EN LA SEGUNDA SEMANA DE MAYO PARA DAR EL MANTENIMIENTO DEL MISMO', '', 0, NULL, '1.- INSTALACION DE UN AIRE ACONDICIONADO.', '2021-05-10', 'En proceso', '', ''),
(130, 'SE HARÁ UNA REVISIÓN EN LA SEGUNDA SEMANA DE MAYO PARA DAR EL MANTENIMIENTO DEL MISMO', '', 0, NULL, '2.- PINTURA EN LAS PAREDES.', '2021-05-10', 'En proceso', '', ''),
(131, 'SE REALIZARÁ UNA VISITA DE LEVANTAMIENTO DE NECESIDADES EN LA CUAL SE REALIZARÁN TABAJOS QUE SE PUEDAN REALIZAR DE MANERA INMEDIATA, COMO LA REVISIÓN DE SISTEMA HIDROSANITARIO Y DRENAJE EL DÍA 11 DE MAYO', '', 0, NULL, 'MANTENIMIENTO HIDRÁULICO, SANITARIO Y ELECTRICO', '2021-05-11', 'En proceso', '', ''),
(132, 'SE REALIZARÁ UNA VISITA DE LEVANTAMIENTO DE NECESIDADES EN LA CUAL SE REALIZARÁN TRABAJOS QUE SE PUEDAN REALIZAR DE MANERA INMEDIATA, COMO LA REVISIÓN DE SISTEMA HIDROSANITARIO Y DRENAJE EL DÍA 11 DE MAYO\n\nDE LA MISMA MANERA SE REALIZARÁ UN LEVANTAMIENTO ', '', 0, NULL, 'SOLICITAN MANTENIMIENTO DE HIDROSANITARIOS', '2021-05-11', 'En proceso', '', ''),
(133, 'LA DIRECCIÓN DE INFRAESTRUCTURA , MANTENIMIENTO Y SERVICIOS GENERALES LE DARÁ MANTENIMIENTO EN GENERAL A LOS AIRES ACONDICIONADOS Y LO QUE SE DETECTE QUE NO FUNCIONÁ SE CAMBIARÁ', '', 0, NULL, 'CONSULTA EXTERNA\n8 EQUIPOS DE AIRE ACONDICIONADO.\n', '2021-07-05', 'En proceso', '', ''),
(134, 'DEL 25 AL 28 DE MAYO DEL AÑO EN CURSO LA DIMSG REALIZARÁ EL MANTENIMIENTO CORRECTIVO DEL AIRE ACONDICIONADO DEL ÁREA DE COCINA', '', 0, NULL, 'REVISIÓN Y MANTENIMIENTO DE AIRE ACONDICIONADO EN ÁREA DE COCINA', '2021-05-25', 'En proceso', '', ''),
(135, 'SE PROGRAMA VISITA TECNICA Y/O ATENCIÓN EN LA PRIMERA SEMANA DE MAYO DEL AÑO EN CURSO', '', 0, NULL, 'SE REQUIEREN 30 EMPAQUES DE TOMAS DE PARED , AIRE Y OXÍGENO Y 10 TAPAS DE CADA UNO.\n', '2021-05-03', 'En proceso', '', ''),
(136, 'SE PROGRAMA VISITA TECNICA Y/O ATENCIÓN EN LA PRIMERA SEMANA DE MAYO DEL AÑO EN CURSO', '', 0, NULL, 'CAMBIO DE FILTROS y  TRAMPAS DE AGUA DE COMPRESOR GRADO MEDICO.', '2021-05-03', 'En proceso', '', ''),
(137, 'SE HARA LA REVISIÓN EL PRIMERO DE MAYO DEL AÑO EN CURSO', '', 0, NULL, 'MANTENIMIENTO DE SUAVISADORES Y FILTROS DE LECHO PROFUNDO', '2021-05-01', 'En proceso', '', ''),
(138, 'SE ENVIARA PERSONAL PARA SU REVISIÓN EN LA SEGUNDA SEMANA DE MAYO DEL AÑO EN CURSO', '', 0, NULL, 'SUSTITUCION DE EMPAQUES FLUXOMETROS DE PEDAL HELVEX EN BAÑOS DE VARIOS SERVICIOS', '2021-05-10', 'En proceso', '', ''),
(139, 'SE LE PROPOCIONARAN DE FORMA INMEDIATA 5 MEZCLADORASEN LA ULTIMA SEMANA DE ABRIL DEL AÑO EN CURSO', '', 0, NULL, 'SUSTITUCION DE 12 MEZCLADORAS INSERVIBLES BAÑOS Y SERVICIOS.', '2021-04-26', 'En proceso', '', ''),
(140, 'SE LE PROPOCIONARAN DE FORMA INMEDIATA LAS 26 LAMPARAS LA ULTIMA SEMANA DE ABRIL DEL AÑO EN CURSO', '', 0, NULL, 'SUSTITUCION DE 26 LAMPARAS SLIM LINE TIPO T8 DE 18 W LED', '2021-04-26', 'En proceso', '', ''),
(141, 'SE REALIZARÁ EN LA PRIMERA SEMANA DE MAYO DEL AÑO EN CURSO', '', 0, NULL, 'SUSTITUCION DE FILTROS Y TRAMPAS DE AGUA DE COMPRESORGRADO MEDICO', '2021-05-03', 'En proceso', '', ''),
(142, 'SE TERMINARÁ EN LA SEGUNDA  SEMANA DE MAYO DEL AÑO EN CURSO', '', 0, NULL, 'REHABILITACION DE LA PLANTA DE TRATAMIENTOS DE AGUAS NEGRAS.', '2021-05-10', 'En proceso', '', ''),
(143, 'LA DIRECCIÓN DE INFRAESTRUCTURA, MANTENIMIENTO Y SERVICIOS GENERALES INFORMA QUE EL 1° Y 2 DE DICIEMBRE DE 2020, SE REALIZARÁ UNA VISITA PARA ELABORAR EL DIAGNÓSTICO, PRESUPUESTO Y BÚSQUE DE FINANCIAMIENTO EN LA DIRECCIÓN DE PLANEACIÓN Y DESARROLLO PARA E', '', 0, NULL, 'REPARACIÓN Y MANTENIMIENTO DE LA PLANTA DE LUZ DEL HOSPITAL', '2021-07-05', 'En proceso', '', ''),
(144, 'EL DÍA MARTES 15 DE JUNIO ACUDIRÁN PERSONAL DE MANTENIMIENTO ESTATAL A REVISIÓN DEL CIRCUITO ELÉCTRICO.', '', 0, NULL, 'RECURSO FÍSICO (INFRAESTRUCTURA)\nFUNCIONALIDAD DE CIRCUITO ELÉCTRICO.', '2021-06-15', 'En proceso', '', ''),
(145, 'ACTUALMENTE RI PROCESO ELECTRICO ATENCIÓN.', '', 0, NULL, 'MANTENIMIENTO DE LA RED ELÉCTRICA E HIDRÁULICA', '2021-07-05', 'En proceso', '', ''),
(146, 'ACTUALMENTE EN PROCESO DE ATENCIÓN.', '', 0, NULL, 'MANTENIMIENTO DE LA UNIDAD', '2021-07-05', 'En proceso', '', ''),
(147, 'EL DÍA 17 DE JUNIO DEL AÑO EN CURSO, SE ENTREGARÁ EL PLAN DE TRABAJO PARA VISITAS TÉCNICAS DE LA DELEGACIÓN CAÑADA-MAZATECA, CON LA FINALIDAD DE REALIZAR EL LEVANTAMIENTO DE NECESIDADES.', '', 0, NULL, 'REPARACION DE LOSETA EN EL AREA DE LA SALA DE ESPERA Y CONSULTORIO', '2021-06-17', 'En proceso', '', ''),
(148, 'EL DÍA 17 DE JUNIO DEL AÑO EN CURSO, SE ENTREGARÁ EL PLAN DE TRABAJO PARA VISITAS TÉCNICAS DE LA DELEGACIÓN CAÑADA-MAZATECA, CON LA FINALIDAD DE REALIZAR EL LEVANTAMIENTO DE NECESIDADES.', '', 0, NULL, 'PINTURA PARA LA UNIDAD', '2021-06-17', 'En proceso', '', ''),
(149, 'EL DÍA 17 DE JUNIO DEL AÑO EN CURSO, SE ENTREGARÁ EL PLAN DE TRABAJO PARA VISITAS TÉCNICAS DE LA DELEGACIÓN CAÑADA-MAZATECA, CON LA FINALIDAD DE REALIZAR EL LEVANTAMIENTO DE NECESIDADES.', '', 0, NULL, 'MANTENIMIENTO DE LA RED ELÉCTRICA E HIDRÁULICA', '2021-06-17', 'En proceso', '', ''),
(150, 'EL DÍA 17 DE JUNIO DEL AÑO EN CURSO, SE ENTREGARÁ EL PLAN DE TRABAJO PARA VISITAS TÉCNICAS DE LA DELEGACIÓN CAÑADA-MAZATECA, CON LA FINALIDAD DE REALIZAR EL LEVANTAMIENTO DE NECESIDADES.', '', 0, NULL, 'MANTENIMIENTO DE LA UNIDAD', '2021-06-17', 'En proceso', '', ''),
(151, 'EL DÍA 17 DE JUNIO DEL AÑO EN CURSO, SE ENTREGARÁ EL PLAN DE TRABAJO PARA VISITAS TÉCNICAS DE LA DELEGACIÓN CAÑADA-MAZATECA, CON LA FINALIDAD DE REALIZAR EL LEVANTAMIENTO DE NECESIDADES.', '', 0, NULL, 'MANTENIMIENTO DE LA RED ELÉCTRICA E HIDRÁULICA', '2021-06-17', 'En proceso', '', ''),
(152, 'EL DÍA 17 DE JUNIO DEL AÑO EN CURSO, SE ENTREGARÁ EL PLAN DE TRABAJO PARA VISITAS TÉCNICAS DE LA DELEGACIÓN CAÑADA-MAZATECA, CON LA FINALIDAD DE REALIZAR EL LEVANTAMIENTO DE NECESIDADES.', '', 0, NULL, 'MANTENIMIENTO DE LA UNIDAD', '2021-06-17', 'En proceso', '', ''),
(153, 'EL DÍA 17 DE JUNIO DEL AÑO EN CURSO, SE ENTREGARÁ EL PLAN DE TRABAJO PARA VISITAS TÉCNICAS DE LA DELEGACIÓN CAÑADA-MAZATECA, CON LA FINALIDAD DE REALIZAR EL LEVANTAMIENTO DE NECESIDADES.', '', 0, NULL, 'PUERTAS', '2021-06-17', 'En proceso', '', ''),
(154, 'EL DÍA 17 DE JUNIO DEL AÑO EN CURSO, SE ENTREGARÁ EL PLAN DE TRABAJO PARA VISITAS TÉCNICAS DE LA DELEGACIÓN CAÑADA-MAZATECA, CON LA FINALIDAD DE REALIZAR EL LEVANTAMIENTO DE NECESIDADES.', '', 0, NULL, 'LOSETA PARA LA UNIDAD', '2021-06-17', 'En proceso', '', ''),
(155, 'EL DÍA 17 DE JUNIO DEL AÑO EN CURSO, SE ENTREGARÁ EL PLAN DE TRABAJO PARA VISITAS TÉCNICAS DE LA DELEGACIÓN CAÑADA-MAZATECA, CON LA FINALIDAD DE REALIZAR EL LEVANTAMIENTO DE NECESIDADES.', '', 0, NULL, 'PINTURA PARA LA UNIDAD', '2021-06-17', 'En proceso', '', ''),
(156, 'EL DÍA 17 DE JUNIO DEL AÑO EN CURSO, SE ENTREGARÁ EL PLAN DE TRABAJO PARA VISITAS TÉCNICAS DE LA DELEGACIÓN CAÑADA-MAZATECA, CON LA FINALIDAD DE REALIZAR EL LEVANTAMIENTO DE NECESIDADES.', '', 0, NULL, 'MANTENIMIENTO DE LA RED ELÉCTRICA E HIDRÁULICA', '2021-06-17', 'En proceso', '', '');
INSERT INTO `solicitudes` (`idsolicitud`, `asunto`, `unidad`, `jurisd_sanit`, `tipo`, `compromiso`, `fecha_limite`, `estado`, `actualizacion`, `comentarios`) VALUES
(157, 'EL DÍA 17 DE JUNIO DEL AÑO EN CURSO, SE ENTREGARÁ EL PLAN DE TRABAJO PARA VISITAS TÉCNICAS DE LA DELEGACIÓN CAÑADA-MAZATECA, CON LA FINALIDAD DE REALIZAR EL LEVANTAMIENTO DE NECESIDADES.', '', 0, NULL, 'MANTENIMIENTO DE LA UNIDAD', '2021-06-17', 'En proceso', '', ''),
(158, 'EL DÍA 17 DE JUNIO DEL AÑO EN CURSO, SE ENTREGARÁ EL PLAN DE TRABAJO PARA VISITAS TÉCNICAS DE LA DELEGACIÓN CAÑADA-MAZATECA, CON LA FINALIDAD DE REALIZAR EL LEVANTAMIENTO DE NECESIDADES.', '', 0, NULL, 'CABLEADO DE TODA LA UNIDAD', '2021-06-17', 'En proceso', '', ''),
(159, 'EL DÍA 17 DE JUNIO DEL AÑO EN CURSO, SE ENTREGARÁ EL PLAN DE TRABAJO PARA VISITAS TÉCNICAS DE LA DELEGACIÓN CAÑADA-MAZATECA, CON LA FINALIDAD DE REALIZAR EL LEVANTAMIENTO DE NECESIDADES.', '', 0, NULL, 'PINTURA PARA LA UNIDAD', '2021-06-17', 'En proceso', '', ''),
(160, 'EL DÍA 17 DE JUNIO DEL AÑO EN CURSO, SE ENTREGARÁ EL PLAN DE TRABAJO PARA VISITAS TÉCNICAS DE LA DELEGACIÓN CAÑADA-MAZATECA, CON LA FINALIDAD DE REALIZAR EL LEVANTAMIENTO DE NECESIDADES.', '', 0, NULL, 'MANTENIMIENTO DE LA RED ELÉCTRICA E HIDRÁULICA', '2021-06-17', 'En proceso', '', ''),
(161, 'EL DÍA 17 DE JUNIO DEL AÑO EN CURSO, SE ENTREGARÁ EL PLAN DE TRABAJO PARA VISITAS TÉCNICAS DE LA DELEGACIÓN CAÑADA-MAZATECA, CON LA FINALIDAD DE REALIZAR EL LEVANTAMIENTO DE NECESIDADES.', '', 0, NULL, 'MANTENIMIENTO DE LA UNIDAD', '2021-06-17', 'En proceso', '', ''),
(162, 'EL DÍA 17 DE JUNIO DEL AÑO EN CURSO, SE ENTREGARÁ EL PLAN DE TRABAJO PARA VISITAS TÉCNICAS DE LA DELEGACIÓN CAÑADA-MAZATECA, CON LA FINALIDAD DE REALIZAR EL LEVANTAMIENTO DE NECESIDADES.', '', 0, NULL, 'LOSETA DE LA UNIDAD', '2021-06-17', 'En proceso', '', ''),
(163, 'EL DÍA 17 DE JUNIO DEL AÑO EN CURSO, SE ENTREGARÁ EL PLAN DE TRABAJO PARA VISITAS TÉCNICAS DE LA DELEGACIÓN CAÑADA-MAZATECA, CON LA FINALIDAD DE REALIZAR EL LEVANTAMIENTO DE NECESIDADES.', '', 0, NULL, 'MANTENIMIENTO DE LA RED ELÉCTRICA E HIDRÁULICA', '2021-06-17', 'En proceso', '', ''),
(164, 'EL DÍA 17 DE JUNIO DEL AÑO EN CURSO, SE ENTREGARÁ EL PLAN DE TRABAJO PARA VISITAS TÉCNICAS DE LA DELEGACIÓN CAÑADA-MAZATECA, CON LA FINALIDAD DE REALIZAR EL LEVANTAMIENTO DE NECESIDADES.', '', 0, NULL, 'MANTENIMIENTO DE LA UNIDAD', '2021-06-17', 'En proceso', '', ''),
(165, 'EL DÍA 17 DE JUNIO DEL AÑO EN CURSO, SE ENTREGARÁ EL PLAN DE TRABAJO PARA VISITAS TÉCNICAS DE LA DELEGACIÓN CAÑADA-MAZATECA, CON LA FINALIDAD DE REALIZAR EL LEVANTAMIENTO DE NECESIDADES.', '', 0, NULL, 'INFRAESTRUCTURA\nMANTENIMIENTO DE LA RED ELÉCTRICA E HIDRÁULICA', '2021-07-05', 'En proceso', '', ''),
(166, 'EL DÍA 17 DE JUNIO DEL AÑO EN CURSO, SE ENTREGARÁ EL PLAN DE TRABAJO PARA VISITAS TÉCNICAS DE LA DELEGACIÓN CAÑADA-MAZATECA, CON LA FINALIDAD DE REALIZAR EL LEVANTAMIENTO DE NECESIDADES.', '', 0, NULL, 'INFRAESTRUCTURA\nMANTENIMIENTO DE LA UNIDAD', '2021-07-05', 'En proceso', '', ''),
(167, 'ACTUALMENTE EN PROCESO DE ATENCIÓN.', '', 0, NULL, 'PINTURA PARA LA UNIDAD', '2021-07-05', 'En proceso', '', ''),
(168, 'ACTUALMENTE EN PROCESO DE ATENCIÓN.', '', 0, NULL, 'MANTENIMIENTO DE LA RED ELÉCTRICA E HIDRÁULICA', '2021-07-05', 'En proceso', '', ''),
(169, 'ACTUALMENTE EN PROCESO DE ATENCIÓN.', '', 0, NULL, 'MANTENIMIENTO DE LA UNIDAD', '2021-07-05', 'En proceso', '', ''),
(170, 'EL DÍA 17 DE JUNIO DEL AÑO EN CURSO, SE ENTREGARÁ EL PLAN DE TRABAJO PARA VISITAS TÉCNICAS DE LA DELEGACIÓN CAÑADA-MAZATECA, CON LA FINALIDAD DE REALIZAR EL LEVANTAMIENTO DE NECESIDADES.', '', 0, NULL, 'FACHADA', '2021-07-05', 'En proceso', '', ''),
(171, 'EL DÍA 17 DE JUNIO DEL AÑO EN CURSO, SE ENTREGARÁ EL PLAN DE TRABAJO PARA VISITAS TÉCNICAS DE LA DELEGACIÓN CAÑADA-MAZATECA, CON LA FINALIDAD DE REALIZAR EL LEVANTAMIENTO DE NECESIDADES.', '', 0, NULL, 'PINTURA PARA LA UNIDAD', '2021-07-05', 'En proceso', '', ''),
(172, 'EL DÍA 17 DE JUNIO DEL AÑO EN CURSO, SE ENTREGARÁ EL PLAN DE TRABAJO PARA VISITAS TÉCNICAS DE LA DELEGACIÓN CAÑADA-MAZATECA, CON LA FINALIDAD DE REALIZAR EL LEVANTAMIENTO DE NECESIDADES.', '', 0, NULL, 'MANTENIMIENTO DE LA RED ELÉCTRICA E HIDRÁULICA', '2021-07-05', 'En proceso', '', ''),
(173, 'EL DÍA 17 DE JUNIO DEL AÑO EN CURSO, SE ENTREGARÁ EL PLAN DE TRABAJO PARA VISITAS TÉCNICAS DE LA DELEGACIÓN CAÑADA-MAZATECA, CON LA FINALIDAD DE REALIZAR EL LEVANTAMIENTO DE NECESIDADES.', '', 0, NULL, 'MANTENIMIENTO DE LA UNIDAD', '2021-07-05', 'En proceso', '', ''),
(174, 'EL DÍA 18 DE JUNIO DEL AÑO EN CURSO, SE ENTREGARÁ EL PLAN DE TRABAJO PARA VISITAS TÉCNICAS DE LA DELEGACIÓN CAÑADA-HUAUTLA, CON LA FINALIDAD DE REALIZAR EL LEVANTAMIENTO DE NECESIDADES.', '', 0, NULL, 'IMPERMEABILIZANTE DEL TECHO', '2021-06-18', 'En proceso', '', ''),
(175, 'EL DÍA 18 DE JUNIO DEL AÑO EN CURSO, SE ENTREGARÁ EL PLAN DE TRABAJO PARA VISITAS TÉCNICAS DE LA DELEGACIÓN CAÑADA-HUAUTLA, CON LA FINALIDAD DE REALIZAR EL LEVANTAMIENTO DE NECESIDADES.', '', 0, NULL, 'MANTENIMIENTO DEL PISO LOSETA', '2021-06-18', 'En proceso', '', ''),
(176, 'EL DÍA 18 DE JUNIO DEL AÑO EN CURSO, SE ENTREGARÁ EL PLAN DE TRABAJO PARA VISITAS TÉCNICAS DE LA DELEGACIÓN CAÑADA-HUAUTLA, CON LA FINALIDAD DE REALIZAR EL LEVANTAMIENTO DE NECESIDADES.', '', 0, NULL, 'MANTENIMIENTO DE LA UNIDAD (PINTURA Y PLOMERÍA)', '2021-06-18', 'En proceso', '', ''),
(177, 'EL DÍA 18 DE JUNIO DEL AÑO EN CURSO, SE ENTREGARÁ EL PLAN DE TRABAJO PARA VISITAS TÉCNICAS DE LA DELEGACIÓN CAÑADA-HUAUTLA, CON LA FINALIDAD DE REALIZAR EL LEVANTAMIENTO DE NECESIDADES.', '', 0, NULL, 'MANTENIMIENTO GRAL DE LAS INSTALACIONES HIDRÁULICAS', '2021-06-18', 'En proceso', '', ''),
(178, 'EL DÍA 18 DE JUNIO DEL AÑO EN CURSO, SE ENTREGARÁ EL PLAN DE TRABAJO PARA VISITAS TÉCNICAS DE LA DELEGACIÓN CAÑADA-HUAUTLA, CON LA FINALIDAD DE REALIZAR EL LEVANTAMIENTO DE NECESIDADES.', '', 0, NULL, 'MANTENIMIENTO GRAL DE LAS INSTALACIONES ELÉCTRICAS\n', '2021-06-18', 'En proceso', '', ''),
(179, 'SE REALIZO LA VISITA, SE INTEGRO LA COTIZACIÓN, EN CUANTO SEAN LIBRADOS LOS RECURSOS SE ESTARÁ EN POSIBILIDADES DE COMENZAR LOS TRABAJOS EN 15 DÍAS.', '', 0, NULL, 'REPARACIÓN DE LA PUERTA DE ENTRADA Y DE LA VENTANA DE SURTIMIENTO.\n', '2021-06-16', 'En proceso', '', ''),
(180, 'SE REALIZO LA VISITA, SE INTEGRO LA COTIZACIÓN, EN CUANTO SEAN LIBRADOS LOS RECURSOS SE ESTARÁ EN POSIBILIDADES DE COMENZAR LOS TRABAJOS EN 15 DÍAS.', '', 0, NULL, 'PUERTA Y PARED DE DIVISIÓN PARA EL BAÑO.\n', '2021-06-16', 'En proceso', '', ''),
(181, 'SE REALIZO LA VISITA, SE INTEGRO LA COTIZACIÓN, EN CUANTO SEAN LIBRADOS LOS RECURSOS SE ESTARÁ EN POSIBILIDADES DE COMENZAR LOS TRABAJOS EN 15 DÍAS.', '', 0, NULL, 'INSTALACIÓN DE MUEBLES, ACCESORIOS DE BAÑO Y REGADERA.\n', '2021-06-16', 'En proceso', '', ''),
(182, 'SE REALIZO LA VISITA Y SE DETERMINO LA SUSTITUCIÓN DEL TABLERO, SE ESTA EN ESPERA DE FUENTE DE FINANCIAMIENTO EN JULIO DEL PRESENTE AÑO.', '', 0, NULL, 'SOLICITAN MANTENIMIENTO PREVENTIVO Y/O CORRECTIVO DE LA PLANTA DE EMERGENCIA DEL HOSPITAL GENERAL DE SAN PABLO HUIXTEPEC, REFIEREN QUE SE DESCOMPUSO EL TRANSFER.\n', '2021-07-31', 'En proceso', '', ''),
(183, 'SE COMENZARÁN LOS TRABAJOS A PARTIR DEL DÍA 08 DE JUNIO POR PARTE DE LA DIRECCIÓN DE INFRAESTRUCTURA, MANTENIMIENTO Y SERVICIOS GENERALES', '', 0, NULL, 'REGISTRO DE DESAGÜE EN FRENTE DE LAS TARJETAS DE LAVADO: \nCUENTA CON UNA TAPADERA METÁLICA IMPROVISADA (YA CON SARRO Y DETERIORADA), QUE GENERA UN RIESGO DE TRABAJO Y DE CONTAMINACIÓN YA QUE FACILITA EL INGRESO DE FAUNA NOCIVO PELIGROSA AL SERVICIO.\n', '2021-06-08', 'En proceso', '', ''),
(184, 'SE COMENZARÁN LOS TRABAJOS A PARTIR DEL DÍA 08 DE JUNIO POR PARTE DE LA DIRECCIÓN DE INFRAESTRUCTURA, MANTENIMIENTO Y SERVICIOS GENERALES', '', 0, NULL, 'LOSETA DE BARRAS DE TRABAJO: \nSE ENCUENTRA CON CUARTEADURAS SIGNIFICANDO UN RIESGO DE TRABAJO PARA QUIENES AQUÍ LABORAN.\n', '2021-06-08', 'En proceso', '', ''),
(185, 'PERSONAL DEL DEPARTAMENTO DE CONSERVACIÓN Y MANTENIMIENTO DE LA DIRECCIÓN DE INFRAESTRUCTURA, MANTENIMIENTO Y SERVICIOS GENERALES TIENE PROGRAMADA UNA VISITA EL PRÓXIMO 04 DE JUNIO A LAS NUEVE DE LA MAÑANA EN CONJUNTO CON LA DIRECCIÓN DE ATENCIÓN MÉDICA, ', '', 0, NULL, 'ESPACIO: \nPARA EL ÁREA EN GENERAL, ES INSUFICIENTE, NO EXISTEN ÁREAS DE PREPARACIÓN DE PREVIAS, LOS ANAQUELES Y REFRIGERADORES SE ENCUENTRAN EN UN MISMO ESPACIO LIMITADO, LO QUE IMPIDE EL FLUJO LIBRE DE PERSONAL.', '2021-06-04', 'En proceso', '', ''),
(186, 'EN LA VISITA PROGRAMADA POR PERSONAL DE INFRAESTRUCTURA, MANTENIMIENTO Y SERVICIOS GENERALES PARA EL 26 DE MAYO DE 2021, SER EALIZARÁ LA INSTALACIÓN DE LAS CORTINAS ANTIBACTERIALES.', '', 0, NULL, 'SE SOLICITA UN RIEL CON DOS CORITNAS ANTIBACTERIALES EN EL ÁREA DE URGENCIAS CON EL OBJETO DE TENER LA PRIVACIDAD QUE REQUIEREN LOS PACIENTES PARA CIERTOS PROCEDIMIENTOS.\n', '2021-05-26', 'En proceso', '', ''),
(187, '', '', 0, NULL, 'INFRAESTRUCTURA\nPINTURA DE LA UNIDAD', '2021-07-05', 'En proceso', '', ''),
(188, 'SE PROGRAMA VISITA TÉCNICA ANTES DEL 26 DE JUNIO DEL AÑO EN CURSO PARA EL LEVANTAMIENTO DE NECESIDADES.', '', 0, NULL, 'MANTENIMIENTO DE INFRAESTRUCTURA', '2021-06-26', 'En proceso', '', ''),
(189, 'SE PROGRAMA VISITA TÉCNICA ANTES DEL 26 DE JUNIO DEL AÑO EN CURSO PARA EL LEVANTAMIENTO DE NECESIDADES.', '', 0, NULL, 'MANTENIMIENTO DE PINTURA DE LAS PUERTAS DE MADERA', '2021-06-26', 'En proceso', '', ''),
(190, 'SE PROGRAMA VISITA TÉCNICA ANTES DEL 26 DE JUNIO DEL AÑO EN CURSO PARA EL LEVANTAMIENTO DE NECESIDADES.', '', 0, NULL, 'MANTENIMIENTO DE PLOMERIA DE LOS BAÑOS', '2021-06-26', 'En proceso', '', ''),
(191, 'SE PROGRAMA VISITA TÉCNICA ANTES DEL 26 DE JUNIO DEL AÑO EN CURSO PARA EL LEVANTAMIENTO DE NECESIDADES.', '', 0, NULL, 'CAMBIO DE 20 LÁMPARAS DE LA UNIDAD', '2021-06-26', 'En proceso', '', ''),
(192, 'SE PROGRAMA VISITA TÉCNICA ANTES DEL 26 DE JUNIO DEL AÑO EN CURSO PARA EL LEVANTAMIENTO DE NECESIDADES.', '', 0, NULL, 'PINTURA DE LA UNIDAD', '2021-06-26', 'En proceso', '', ''),
(193, 'SE PROGRAMA VISITA TÉCNICA PARA EL LEVANTAMIENTO DE NECESIDADES PARA EL 22 DE JUNIO DEL AÑO EN CURSO.', '', 0, NULL, 'REPARACIÓN DE REGISTRO DE AGUAS RESIDUALES', '2021-06-22', 'En proceso', '', ''),
(194, 'SE PROGRAMA VISITA TÉCNICA PARA EL LEVANTAMIENTO DE NECESIDADES PARA EL 22 DE JUNIO DEL AÑO EN CURSO.', '', 0, NULL, 'MANTENIMIENTO AL PORTÓN DE LA ENTRADA DE VEHICULOS ASI COMO LA CONSTRUCCIÓN DE UN CASTILLO PODR ABRIR TODO EL PORTÓN', '2021-06-22', 'En proceso', '', ''),
(195, 'SE PROGRAMA VISITA TÉCNICA PARA EL LEVANTAMIENTO DE NECESIDADES PARA EL 22 DE JUNIO DEL AÑO EN CURSO.', '', 0, NULL, 'IMPERMEABILIZACIÓN DE LA ZONA DE CONTROL DE LA ENTRADA PRINCIPAL', '2021-06-22', 'En proceso', '', ''),
(196, 'SE PROGRAMA VISITA TÉCNICA PARA EL LEVANTAMIENTO DE NECESIDADES PARA EL 26 DE JUNIO DEL AÑO EN CURSO.', '', 0, NULL, 'REPARACION DE SANITARIOS DE LA UNIDAD', '2021-06-26', 'En proceso', '', ''),
(197, 'SE PROGRAMA VISITA TÉCNICA PARA EL DÍA 11 DE JUNIO DE 2021, SE REALIZARÁ EL LEVANTAMIENTO DE NECESIDADES PARA EL CORRECTO FUNCIONAMIENTO DE LAS SECADORAS.\n\nEL 25 DE JUNIO DE 2021, SE NOTIFICARÁ A LA UNIDAD MÉDICA LA FECHA DE ENTREGA DE UNA LAVADORA INDUST', '', 0, NULL, 'SECADORA\nSE CUENTA CON 3 SECADORA DE LAS CUALES 2 REQUIEREN SUSTITUCIÓN Y UNA REQUIERE MANTENIMIENTO CORRECTIVO.\n\nREPARACIÓN DE 1 SECADORA Y SUSTITUCIÓN DE 2: SE REQUIERE EL APOYO TÉCNICO DE ÁREA DE PROYECTOS DE LA DIRECCIÓN DE INFRAESTRUCTURA Y MANTENIMI', '2021-06-11', 'En proceso', '', ''),
(198, 'SE PROGRAMA VISITA TÉCNICA PARA EL DÍA 11 DE JUNIO DE 2021, SE REALIZARÁ EL LEVANTAMIENTO DE NECESIDADES PARA EL CORRECTO FUNCIONAMIENTO DE LAS LAVADORAS.\n\nEL 25 DE JUNIO DE 2021, SE NOTIFICARÁ A LA UNIDAD MÉDICA LA FECHA DE ENTREGA DE UNA LAVADORA INDUST', '', 0, NULL, 'LAVADORAS\nSE CUENTA CON 3 LAVADORAS EN EL ÁREA, SE REQUIERE REPARACIÓN DE UNA, Y LA SUSTITUCIÓN DE 2 DE MANERA URGENTE, DEBIDO A QUE SE REALIZA UN LAVADO DE ROPA MENSUAL ENTRE 12 Y 15 TONELADAS.\n\nREPARACIÓN DE 1 LAVADORA Y SUSTITUCIÓN DE 2: SE REQUIERE EL', '2021-06-11', 'En proceso', '', ''),
(199, 'SE PROGRAMA VISITA TÉCNICA PARA EL DÍA 23 DEMAYO DE 2021, SE REALIZARÁ EL LEVANTAMIENTO DE NECESIDADES PARA DETERMINAR EL DICTAMEN TECNICO PARA LAS 20 TOMAS DE OXIGENO.\n\n', '', 0, NULL, 'TOMAS DE PARED DE OXIGENO\nSE REQUIERE SUSTITUCION DE 20 TOMAS DE OXIGENO DE PARED CON SUS RESPECTIVOS FLUJOMETROS YA QUE LAS QUE TENEMOS SON OBSOLETAS.\n\nSUSTITUCION INMEDIATA: SE REQUIERE EL APOYO TECNICO DE AREA DE PROYECTOS DE LA DIRECCION DE INFRAESTRU', '2021-05-23', 'En proceso', '', ''),
(200, 'SE PROGRAMA VISITA TÉCNICA PARA EL DÍA 23 DEMAYO DE 2021, SE REALIZARÁ EL LEVANTAMIENTO DE NECESIDADES PARA DETERMINAR EL DICTAMEN TECNICO PARA LAS 20 TOMAS  DE AIRE.\n\n', '', 0, NULL, 'TOMAS DE AIRE DE PARED\nSE REQUIERE LA SUSTITUCIÓN DE 20 TOMAS DE AIRE DE PARED CON SUS RESPECTIVOS EQUIPOS DE ASPIRACIÓN ESTO DEBIDO A QUE SU FUNCIONAMIENTO YA ES OBSOLETO.\n\nSUSTITUCIÓN INMEDIATA: SE REQUIERE EL APOYO TÉCNICO DE ÁREA DE PROYECTOS DE LA DI', '2021-05-23', 'En proceso', '', ''),
(201, 'SE VALIDA LA SUSTITUCIÓN  DEL AMPLIFICADOR DE SONIDO DE PERIFONEO PARA SU REEMPLAZO A MAS TARDAR EL 30 DE JUNIO DEL AÑO EN CURSO.', '', 0, NULL, 'SUSTITUCIÓN DEL AMPLIFICADOR DE SONIDO DE PERIFONEO', '2021-06-30', 'En proceso', '', ''),
(202, 'PERSONAL DEL DEPARTAMENTO DE CONSERVACIÓN Y MANTENIMIENTO DE LA DIRECCIÓN DE INFRAESTRUCTURA, MANTENIMIENTO Y SERVICIOS GENERALES TIENE PROGRAMADA UNA VISITA EL PRÓXIMO 04 DE JUNIO A LAS NUEVE DE LA MAÑANA EN CONJUNTO CON LA DIRECCIÓN DE ATENCIÓN MÉDICA, ', '', 0, NULL, 'OFICINA: \nNO SE CUENTA CON UN ESPACIO REAL PARA EL DESARROLLO DE ACTIVIDADES ADMINISTRATIVAS DEL SERVICIO DE DIETOLOGÍA, ACTUALMENTE SE REALIZAN EN UNA MESA DEL COMEDOR DEL PERSONAL.\n\n', '2021-06-04', 'En proceso', '', ''),
(203, 'SE PROGRAMA VISITA TÉCNICA ANTES DEL 26 DE JUNIO DEL AÑO EN CURSO PARA EL LEVANTAMIENTO DE NECESIDADES.', '', 0, NULL, 'PINTURA DEL CENTRO DE SALUD', '2021-06-26', 'En proceso', '', ''),
(204, '', '', 0, NULL, 'CAIDA DE LOSETAS EN BAÑOS Y LEVANTAMIENTO EN AULA POR SISMO DEL 23 DE JUNIO DEL 2020', '2021-03-31', 'En proceso', '', ''),
(205, '', '', 0, NULL, 'CANCELERIA DE ALUMNINIO AREA DE ALMACEN', '2021-04-12', 'En proceso', '', ''),
(206, '', '', 0, NULL, '5 AIRES DE ACONDICIONADO PARA EL MODULO DE AEREOPUERTO', '2021-03-29', 'En proceso', '', ''),
(207, 'LA DIRECCIÓN DE IN FRAESTRUCTURA, MANTENIMIENTO Y SERVICIOS GENERALES ASISTIRÁN EN LA SEGUNDA QUINCENA DE JUNIO AL HOSPITAL PARA LA INSTALACIÓN DE LOS SUAVIZADORES Y LA BOMBA', '', 0, NULL, 'SUMINISTRO E INSTALACIÓN DE BOMBA RECIRCULADORA PARA SISTEMA DE AGUA CALIENTE\nSIN OPERACIÓN, AÚN EN PROCESO POR LA SUBDIRECCIÓN GENERAL DE ADMINISTRACIÓN Y FINANZAS, EN SEPTIEMBRE SE INSTALÓ EL CAMBIO DE TUBERÍA, PERO NO SE HA ADQUIRIDO LA BOMBA Y EL SR. ', '2021-06-30', 'En proceso', '', ''),
(208, 'SE TIENE PROGRAMADO DEL 25 AL 28 DE MAYO DEL AÑO EN CURSO EL MANTENIMIENTO DE ESTOS EQUIPOS', '', 0, NULL, 'EQUIPOS DE AIRE ACONDICIONADO TIPO PAQUETE. 12.5 TON. (CUATRO EQUIPOS)\n\nMANTENIMIENTO CORRECTIVO O EN SU CASO SUSTITUCIÓN DE EQUIPO, DE ACUERDO A DIAGNÓSTICO ESPECIALIZADO.\n\nLOS EQUIPOS CUENTAN CON MÁS DE 10 AÑOS VIDA.\n\nLOS EQUIPOS DEL ÁREA DE HOSPITALIZA', '2021-05-25', 'En proceso', '', ''),
(209, 'SE TIENE PROGRAMADO PARA LA TERCERA SEMANA DE MAYO DEL AÑO EN CURSO EL MANTENIMIENTO DE ESTE EQUIPO', '', 0, NULL, 'PLANTA DE EMERGENCIA\nMANTENIMIENTO CORRECTIVO DE LA PLANTA DE EMERGENCIA Y TABLERO DE TRANSFERENCIA DE MANERA GENERAL.\n\nEL ÚLTIMO MANTENIMIENTO SE REALIZÓ EN MAYO DEL AÑO 2019, SE RECOMIENDA QUE DICHO MANTENIMIENTO TIENE QUE SER CADA 6 MESES POR LO MENOS.', '2021-05-17', 'En proceso', '', ''),
(210, 'SE TIENE PROGRAMADO PARA LA PRIMERA SEMANA DE MAYO DEL AÑO EN CURSO EL MANTENIMIENTO DE ESTE EQUIPO', '', 0, NULL, 'ÁREA DE ENCAMADOS (LABOR Y RECUPERACIÓN) \n\nMANTENIMIENTO CORRECTIVO DEL FALSO PLAFÓN.', '2021-05-03', 'En proceso', '', ''),
(211, 'SE REALZARA UN ESTUDIO DE FACTIBILIDAD PARA LA INSTALACION DE CALENTADORES SOLARES EN LA SEGUNDA SEMANA MAYO DEL AÑO EN CURSO.', '', 0, NULL, 'SUSTITUCION CALENTADORES SE ENCUENTRAN PICADOS DE LA BASE', '2021-05-10', 'En proceso', '', ''),
(212, 'DEL 26 AL 30 DE OCTUBRE DE 2020, PERSONAL DE INFRAESTRUCTURA REALIZARÁ UNA VISITA PARA REALIZAR UN LEVANTAMIENTO FÍSICO DE LAS NECESIDARES DE MANTENIMIENTO Y/O REHABILITACIÓN DE LAS UNIDADES MÉDICAS, PARA QUE EN UN PERIODO DE 30 DÍAS A PARTIR DE ESA FECHA', '', 0, NULL, 'C.S.R. SAN JUAN BAUTISTA LO DE SOTO\nFALTA DE VENTANAS, PUERTAS EN MAL ESTADO, EL VOLTAJE NO CUBRE TODA LA UNIDAD, BAÑOS EN MAL ESTADO, FALTA DE LAVABOS EN TODOS LOS SERVICIOS, PINTURA EN MAL ESTADO.\n', '2021-04-19', 'En proceso', '', ''),
(213, 'DEL 26 AL 30 DE OCTUBRE DE 2020, PERSONAL DE INFRAESTRUCTURA REALIZARÁ UNA VISITA PARA REALIZAR UN LEVANTAMIENTO FÍSICO DE LAS NECESIDARES DE MANTENIMIENTO Y/O REHABILITACIÓN DE LAS UNIDADES MÉDICAS, PARA QUE EN UN PERIODO DE 30 DÍAS A PARTIR DE ESA FECHA', '', 0, NULL, 'C.S.R. RANCHO NUEVO\nMANTENIMIENTO PREVENTIVO DE LA UNIDAD Y VALORACIÓN DE LA SUSTITUCIÓN.\n', '2021-04-19', 'En proceso', '', ''),
(214, 'DEL 26 AL 30 DE OCTUBRE DE 2020, PERSONAL DE INFRAESTRUCTURA REALIZARÁ UNA VISITA PARA REALIZAR UN LEVANTAMIENTO FÍSICO DE LAS NECESIDARES DE MANTENIMIENTO Y/O REHABILITACIÓN DE LAS UNIDADES MÉDICAS, PARA QUE EN UN PERIODO DE 30 DÍAS A PARTIR DE ESA FECHA', '', 0, NULL, 'C.S.R. COLLANTES\nSOLICITAN MANTENIMIENTO CORRECTIVO DE LA UNIDAD MÉDICA.\n', '2021-04-19', 'En proceso', '', ''),
(215, 'LA DIRECCIÓN DE INFRAESTRUCTURA, MANTENIMIENTO Y SERVICIOS GENERALES ENVIARÁ AL PERSONAL TÉCNICO EN LA SEGUNDA QUINCENA DE JUNIO A REALIZAR LOS TRABAJOS QUE PUEDAN SOLVENTARSE DE MANERA INMEDIATA, EL RESTO DE LAS NECESIDADES SE ENCUENTRAN EN BUSQUEDA DE F', '', 0, NULL, 'DUCTOS DE AIRE ACONDICIONADO\nEL SERPENTÍN Y EVAPORADORES UBICADOS DENTRO DE LOS DUCTOS DEL ÁREA DE GOBIERNO NO SE  HAN PODIDO LIMPIAR O EN SU CASO REEMPLAZAR DEBIDO QUE AL MOMENTO DE HACER LA INSTALACIÓN NO SE DEJÓ ESPACIO O UN ACCESO PARA PODER INTERVENI', '2021-06-16', 'En proceso', '', ''),
(216, 'LA DIRECCIÓN DE INFRAESTRUCTURA, MANTENIMIENTO Y SERVICIOS GENERALES ENVIARÁ AL PERSONAL TÉCNICO EN LA SEGUNDA QUINCENA DE JUNIO A REALIZAR LOS TRABAJOS QUE PUEDAN SOLVENTARSE DE MANERA INMEDIATA, EL RESTO DE LAS NECESIDADES SE ENCUENTRAN EN BUSQUEDA DE F', '', 0, NULL, 'CUARTO DE MÁQUINAS HIDRÁULICAS\nACTUALMENTE EL CUARTO DE MÁQUINAS SE ENCUENTRA FUERA DE OPERACIÓN POR LOS SIGUIENTES MOTIVOS:\n\nEL SUAVIZADOR DE AGUA FÍSICAMENTE EXISTE PERO ESTÁ FUERA DE OPERACIÓN DEBIDO A QUE AL OPERARLO NO REALIZABA LA FUNCIÓN DE SUAVIZA', '2021-06-30', 'En proceso', '', ''),
(217, 'POR PARTE DE LA DIRECCIÓN DE INFRAESTRUCTURA, MANTENIMIENTO Y SERVICIOS GENERALES REALIZARÁN  UNA VISITA EL DÍA 25 DE MAYO PARA LEVANTAMIENTO DE NECESIDADES Y LA ATENCIÓN DE NECESIDADES DE CORTO PLAZO (SE LLEVARÁ LA PINTURA)', '', 0, NULL, 'C.S. COL. LAS FLORES, SAN JUAN COTZOCÓN\nMANTENIMIENTO GENERAL, PINTURA Y PISO DE LA UNIDAD.', '2021-05-25', 'En proceso', '', ''),
(218, 'EL DÍA LUNES 3 DE MAYO, LA DIRECCIÓN DE INFRAESTRUCTURA, MANTENIMIENTO Y SERVICIOS GENERALES REALIZARÁ UNA VISITA TÉCNICA PARA LA VALORCIÓN DE LAS FILTRACIONES DE LOS DUCTOS DEL AIRE ACONDICIONADO', '', 0, NULL, 'SE SOLICITA INFORMACIÓN REFERENTE A LOS TRABAJOS DE REHABILITACIÓN DE LAS OFICINAS JURISDICCIONALES.\n\nEN LA PRIMERA SEMANA SE CONCLUIRÁN LOS TRABAJOS DE REHABILITACIÓN DE LAS OFICINAS JURISDICCIONALES.\n', '2021-05-03', 'En proceso', '', ''),
(219, 'LA DIRECCIÓN DE INFRAESTRUCTURA, MANTENIMIENTO Y SERVICIOS GENERALES ENVIARA EL PRESUPUESTO DE NECESIDADES PARA EL TANQUE DE PRESURIZADOR DE AGUAS A MAS TARDAR EL DIA 28 DE MAYO DE 2021. PRIORIDAD 2.', '', 0, NULL, 'SUSTITUCION DE CALDERETAS', '2021-05-28', 'En proceso', '', ''),
(220, 'SE REALIZARA VISITA TECNICA EL 05 DE NOVIEMBRE PARA INTEGRAR NECESIDADES Y PRESENTAR EL PRESUPUESTO  A LA DIRECCI0N DE PLANEACION PARA BUSQUEDA DE FUENTE DE FINANCIAMIENTO EN EL EJERCICIO PRESUPUESTAL 2021.', '', 0, NULL, '1 BOMBA DE VACÍO PARA MANTENIMIENTO DE EQUIPOS DE AIRE ACONDICIONADO Y REFRIGERACIÓN\n', '2021-05-17', 'En proceso', '', ''),
(221, 'SE REALIZARA VISITA TECNICA EL 05 DE NOVIEMBRE PARA INTEGRAR NECESIDADES Y PRESENTAR EL PRESUPUESTO  A LA DIRECCI0N DE PLANEACION PARA BUSQUEDA DE FUENTE DE FINANCIAMIENTO EN EL EJERCICIO PRESUPUESTAL 2021.', '', 0, NULL, 'REPARACIÓN DE LOS EXTRACTORES E INYECTORES EN GENERAL\n ', '2021-05-17', 'En proceso', '', ''),
(222, 'LA DIRECCIÓN DE INFRAESTRUCTURA INFORMA QUE SE REALIZARÁ VISITA TÉCNICA EL 05 DE NOVIEMBRE DE 2020 PARA INTEGRAR NECESIDADES Y PRESENTAR EL PRESUPUESTO A LA DIRECCIÓN DE PLANEACIÓN Y DESARROLLO PARA LA BÚSQUEDA DE FUENTE DE FINANCIAMIENTO EN EL EJERCICIO ', '', 0, NULL, 'CAMBIO DE PLANTA GENERADORA DE ENERGÍA DE 150KW\n', '2021-05-17', 'En proceso', '', ''),
(223, 'LA DIRECCIÓN DE INFRAESTRUCTURA INFORMA QUE SE REALIZARÁ VISITA TÉCNICA EL 05 DE NOVIEMBRE DE 2020 PARA INTEGRAR NECESIDADES Y PRESENTAR EL PRESUPUESTO A LA DIRECCIÓN DE PLANEACIÓN Y DESARROLLO PARA LA BÚSQUEDA DE FUENTE DE FINANCIAMIENTO EN EL EJERCICIO ', '', 0, NULL, 'CLIMATIZACIÓN A CONSULTA EXTERNA\n ', '2021-05-17', 'En proceso', '', ''),
(224, 'EL PERSONAL DE LA DIRECCIÓN DE INFRAESTRUCTURA, SE COORDINARÁ CON EL DIRECTOR DEL HOSPITAL PARA EFECTOS QUE LA MANO DE OBRA NECESARIA SE CUBRA CON PERSONAL DE MANTENIMIENTO DE LA UNIDAD MÉDICA Y LAS REFACCIONES SEAN PROPORCIONADAS POR EL NIVEL ESTATAL.', '', 0, NULL, 'LEVANTAMIENTO Y COLOCACIÓN DE LOSETAS DEL ÁREA DE RECUPERACIÓN Y CEYE (35 M2)\n', '2021-05-17', 'En proceso', '', ''),
(225, 'EL PERSONAL DE LA DIRECCIÓN DE INFRAESTRUCTURA, SE COORDINARÁ CON EL DIRECTOR DEL HOSPITAL PARA EFECTOS QUE LA MANO DE OBRA NECESARIA SE CUBRA CON PERSONAL DE MANTENIMIENTO DE LA UNIDAD MÉDICA Y LAS REFACCIONES SEAN PROPORCIONADAS POR EL NIVEL ESTATAL.', '', 0, NULL, 'LEVANTAMIENTO  Y COLOCACIÓN DE AZULEJOS EN EL SANITARIO DE LA SALA DE ESPERA Y EL ÁREA DE AUTOCLAVE (16 M2).\n', '2021-05-17', 'En proceso', '', ''),
(226, 'EL PERSONAL DE LA DIRECCIÓN DE INFRAESTRUCTURA, SE COORDINARÁ CON EL DIRECTOR DEL HOSPITAL PARA EFECTOS QUE LA MANO DE OBRA NECESARIA SE CUBRA CON PERSONAL DE MANTENIMIENTO DE LA UNIDAD MÉDICA Y LAS REFACCIONES SEAN PROPORCIONADAS POR EL NIVEL ESTATAL.', '', 0, NULL, 'REPARACIÓN DEL MURO DIVISORIO DE TABLAROCA EN EL ÁREA DE RECUPERACIÓN.\n', '2021-05-17', 'En proceso', '', ''),
(227, 'EL PERSONAL DE LA DIRECCIÓN DE INFRAESTRUCTURA, SE COORDINARÁ CON EL DIRECTOR DEL HOSPITAL PARA EFECTOS QUE LA MANO DE OBRA NECESARIA SE CUBRA CON PERSONAL DE MANTENIMIENTO DE LA UNIDAD MÉDICA Y LAS REFACCIONES SEAN PROPORCIONADAS POR EL NIVEL ESTATAL.', '', 0, NULL, 'REPARACIÓN DE FISURA EN MUROS DE QUIRÓFANO.\n', '2021-05-17', 'En proceso', '', ''),
(228, 'EL PERSONAL DE LA DIRECCIÓN DE INFRAESTRUCTURA, SE COORDINARÁ CON EL DIRECTOR DEL HOSPITAL PARA EFECTOS QUE LA MANO DE OBRA NECESARIA SE CUBRA CON PERSONAL DE MANTENIMIENTO DE LA UNIDAD MÉDICA Y LAS REFACCIONES SEAN PROPORCIONADAS POR EL NIVEL ESTATAL.', '', 0, NULL, 'COLOCACIÓN DE VITRIFICANTE EN TODOS LOS MUROS DEL ÁREA BLANCA.\n', '2021-05-17', 'En proceso', '', ''),
(229, 'EL PERSONAL DE LA DIRECCIÓN DE INFRAESTRUCTURA, SE COORDINARÁ CON EL DIRECTOR DEL HOSPITAL PARA EFECTOS QUE LA MANO DE OBRA NECESARIA SE CUBRA CON PERSONAL DE MANTENIMIENTO DE LA UNIDAD MÉDICA Y LAS REFACCIONES SEAN PROPORCIONADAS POR EL NIVEL ESTATAL.', '', 0, NULL, 'REPARACIÓN DE TUBERÍA DE COBRE DEBIDO A FUGAS DE AGUA QUE SE ENCUENTRAN EN EL INTERIOR DEL ÁREA DE CEYE.\n', '2021-05-17', 'En proceso', '', ''),
(230, 'EL PERSONAL DE LA DIRECCIÓN DE INFRAESTRUCTURA, SE COORDINARÁ CON EL DIRECTOR DEL HOSPITAL PARA EFECTOS QUE LA MANO DE OBRA NECESARIA SE CUBRA CON PERSONAL DE MANTENIMIENTO DE LA UNIDAD MÉDICA Y LAS REFACCIONES SEAN PROPORCIONADAS POR EL NIVEL ESTATAL.', '', 0, NULL, 'REPARACIÓN DE ACRÍLICO DEL ÁREA DE HOSPITALIZACIÓN.\n', '2021-05-17', 'En proceso', '', ''),
(231, 'EL PERSONAL DE LA DIRECCIÓN DE INFRAESTRUCTURA, SE COORDINARÁ CON EL DIRECTOR DEL HOSPITAL PARA EFECTOS QUE LA MANO DE OBRA NECESARIA SE CUBRA CON PERSONAL DE MANTENIMIENTO DE LA UNIDAD MÉDICA Y LAS REFACCIONES SEAN PROPORCIONADAS POR EL NIVEL ESTATAL.', '', 0, NULL, 'REHABILITACIÓN DE CANCELERÍA DE LAS PUERTAS DE ALUMINIO, PUERTAS DE MADERA DE TODAS LAS ÁREAS.\n', '2021-05-17', 'En proceso', '', ''),
(232, 'EL PERSONAL DE LA DIRECCIÓN DE INFRAESTRUCTURA, SE COORDINARÁ CON EL DIRECTOR DEL HOSPITAL PARA EFECTOS QUE LA MANO DE OBRA NECESARIA SE CUBRA CON PERSONAL DE MANTENIMIENTO DE LA UNIDAD MÉDICA Y LAS REFACCIONES SEAN PROPORCIONADAS POR EL NIVEL ESTATAL.', '', 0, NULL, 'REHABILITACIÓN DE LAS CENTRALES DE ENFERMERAS.\n', '2021-05-17', 'En proceso', '', ''),
(233, 'EL PERSONAL DE LA DIRECCIÓN DE INFRAESTRUCTURA, SE COORDINARÁ CON EL DIRECTOR DEL HOSPITAL PARA EFECTOS QUE LA MANO DE OBRA NECESARIA SE CUBRA CON PERSONAL DE MANTENIMIENTO DE LA UNIDAD MÉDICA Y LAS REFACCIONES SEAN PROPORCIONADAS POR EL NIVEL ESTATAL.', '', 0, NULL, 'CAMBIO DE CORTINAS DE TIPO TABLETA DE PVC Y ANTIBACTERIALES EN TODAS LAS ÁREAS BLANCAS.\n', '2021-05-17', 'En proceso', '', ''),
(234, 'EL PERSONAL DE LA DIRECCIÓN DE INFRAESTRUCTURA, SE COORDINARÁ CON EL DIRECTOR DEL HOSPITAL PARA EFECTOS QUE LA MANO DE OBRA NECESARIA SE CUBRA CON PERSONAL DE MANTENIMIENTO DE LA UNIDAD MÉDICA Y LAS REFACCIONES SEAN PROPORCIONADAS POR EL NIVEL ESTATAL.', '', 0, NULL, 'COLOCACIÓN DE CANCELERÍA PARA MURO DIVISORIO EN EL ÁREA DE ENCAMADOS DE HOSPITALIZACIÓN.\n', '2021-05-17', 'En proceso', '', ''),
(235, 'EL PERSONAL DE LA DIRECCIÓN DE INFRAESTRUCTURA, SE COORDINARÁ CON EL DIRECTOR DEL HOSPITAL PARA EFECTOS QUE LA MANO DE OBRA NECESARIA SE CUBRA CON PERSONAL DE MANTENIMIENTO DE LA UNIDAD MÉDICA Y LAS REFACCIONES SEAN PROPORCIONADAS POR EL NIVEL ESTATAL.', '', 0, NULL, 'CAMBIO DE FLUXÓMETROS DE TIPO PEDAL EN TODOS LOS SANITARIOS, MEZCLADORAS EN TARJAS Y LAVABOS, CESPOL EN TARJAS Y LAVABOS EN TODAS LAS ÁREAS.\n', '2021-05-17', 'En proceso', '', ''),
(236, 'EL PERSONAL DE LA DIRECCIÓN DE INFRAESTRUCTURA, SE COORDINARÁ CON EL DIRECTOR DEL HOSPITAL PARA EFECTOS QUE LA MANO DE OBRA NECESARIA SE CUBRA CON PERSONAL DE MANTENIMIENTO DE LA UNIDAD MÉDICA Y LAS REFACCIONES SEAN PROPORCIONADAS POR EL NIVEL ESTATAL.', '', 0, NULL, 'REALIZACIÓN DE TRINCHERAS DE AGUAS FLUVIALES EN EL ÁREA EXTERIOR.', '2021-05-17', 'En proceso', '', ''),
(237, 'EL PERSONAL DE LA DIRECCIÓN DE INFRAESTRUCTURA, SE COORDINARÁ CON EL DIRECTOR DEL HOSPITAL PARA EFECTOS QUE LA MANO DE OBRA NECESARIA SE CUBRA CON PERSONAL DE MANTENIMIENTO DE LA UNIDAD MÉDICA Y LAS REFACCIONES SEAN PROPORCIONADAS POR EL NIVEL ESTATAL.', '', 0, NULL, 'CAMBIO DE LUMINARIAS EN TODAS LAS ÁREAS.\n', '2021-05-17', 'En proceso', '', ''),
(238, 'EL PERSONAL DE LA DIRECCIÓN DE INFRAESTRUCTURA, SE COORDINARÁ CON EL DIRECTOR DEL HOSPITAL PARA EFECTOS QUE LA MANO DE OBRA NECESARIA SE CUBRA CON PERSONAL DE MANTENIMIENTO DE LA UNIDAD MÉDICA Y LAS REFACCIONES SEAN PROPORCIONADAS POR EL NIVEL ESTATAL.', '', 0, NULL, 'COLOCACIÓN DE BASE DE HERRERÍA PARA EL EQUIPO ESTERILIZADOR AUTOCLAVE.\n', '2021-05-17', 'En proceso', '', ''),
(239, 'EL PERSONAL DE LA DIRECCIÓN DE INFRAESTRUCTURA, SE COORDINARÁ CON EL DIRECTOR DEL HOSPITAL PARA EFECTOS QUE LA MANO DE OBRA NECESARIA SE CUBRA CON PERSONAL DE MANTENIMIENTO DE LA UNIDAD MÉDICA Y LAS REFACCIONES SEAN PROPORCIONADAS POR EL NIVEL ESTATAL.', '', 0, NULL, 'MANTENIMIENTO CORRECTIVO DE LOS HIDRONEUMÁTICOS Y EL SISTEMA DE TRATAMIENTO DE AGUAS DURAS.\n', '2021-05-17', 'En proceso', '', ''),
(240, '', '', 0, NULL, 'AIRE ACONDICIONADO EN TODAS LAS AREAS DEL CS', '2021-03-29', 'En proceso', '', ''),
(241, 'LA DIRECCIÓN DE INFRAESTRUCTURA Y SERVICIOS GENERALES HARÁ UNA VISITA PARA EL LEVANTAMIENTO DE NECESIDADES EL DÍA 2 DE JUNIO DEL AÑO EN CURSO', '', 0, NULL, '30 FOCOS TIPO LED DE 18 WATTS MARCA OSRAM.\n', '2021-06-02', 'En proceso', '', ''),
(242, 'LA DIRECCIÓN DE INFRAESTRUCTURA MANTENIMIENTO  Y SERVICIOS GENERALES INFORMA QUE ESTAN EN ESPERA DE QUE ALGUNA EMPRESA PUEDA ASISTIR A DAR EL MANTENIMIENTO. SE PROGRAMA UNA REUNIÓN PARA EL DIA LUNES 12 DE JULIO DE 2021.', '', 0, NULL, 'LAVADORAS\nSE CUENTA CON 3 LAVADORAS EN EL ÁREA, SE REQUIERE REPARACIÓN DE UNA, Y LA SUSTITUCIÓN DE 2 DE MANERA URGENTE, DEBIDO A QUE SE REALIZA UN LAVADO DE ROPA MENSUAL ENTRE 12 Y 15 TONELADAS.\n\nREPARACIÓN DE 1 LAVADORA Y SUSTITUCIÓN DE 2: SE REQUIERE EL', '2021-07-12', 'En proceso', '', ''),
(243, 'SE PROGRAMA UNA REUNIÓN PARA EL DIA LUNES 12 DE JULIO DE 2021.', '', 0, NULL, 'TOMAS DE PARED DE OXIGENO\nSE REQUIERE SUSTITUCION DE 20 TOMAS DE OXIGENO DE PARED CON SUS RESPECTIVOS FLUJOMETROS YA QUE LAS QUE TENEMOS SON OBSOLETAS.\n\nSUSTITUCION INMEDIATA: SE REQUIERE EL APOYO TECNICO DE AREA DE PROYECTOS DE LA DIRECCION DE INFRAESTRU', '2021-07-12', 'En proceso', '', ''),
(244, 'SE PROGRAMA UNA REUNIÓN PARA EL DIA LUNES 12 DE JULIO DE 2021.', '', 0, NULL, 'TOMAS DE AIRE DE PARED\nSE REQUIERE LA SUSTITUCIÓN DE 20 TOMAS DE AIRE DE PARED CON SUS RESPECTIVOS EQUIPOS DE ASPIRACIÓN ESTO DEBIDO A QUE SU FUNCIONAMIENTO YA ES OBSOLETO.\n\nSUSTITUCIÓN INMEDIATA: SE REQUIERE EL APOYO TÉCNICO DE ÁREA DE PROYECTOS DE LA DI', '2021-07-12', 'En proceso', '', ''),
(245, 'SE PROGRAMA UNA REUNIÓN PARA EL DIA LUNES 12 DE JULIO DE 2021.', '', 0, NULL, 'COMPRESOR DE AIRE\nSE REQUIERE COMPRESOR DE AIRE MEDICO, MANTENIMIENTO A LOS FILTROS DE CARBÓN QUE SE ENCUENTRAN EN LA LÍNEA DE AIRE QUE SUMINISTRAN LAS DIFERENTES AÉREAS, CON UNA PRESIÓN DE 80 EN LA SALIDA.\n\nSUSTITUCIÓN: SE REQUIERE EL APOYO TÉCNICO DE ÁR', '2021-07-12', 'En proceso', '', ''),
(246, 'SE PROGRAMA UNA REUNIÓN PARA EL DIA LUNES 12 DE JULIO DE 2021.', '', 0, NULL, 'TROMBA DE ASPIRACIÓN\nSE REQUIERE PARA SER COLOCADA 16 TROMBAS EN PARED PARA ASPIRACIÓN DE SECRECIONES DE LAS DIFERENTES ÁREAS, YA QUE EXISTE LA INSTALACIÓN PERO NO EL EQUIPAMIENTO\n\nCOLOCACIÓN INMEDIATA: DIRECCIÓN DE INFRAESTRUCTURA, MANTENIMIENTO ESTATAL ', '2021-07-12', 'En proceso', '', ''),
(247, 'LA DIRECCIÓN DE INFRAESTRUCTURA MANTENIMIENTO  Y SERVICIOS GENERALES INFORMA QUE SE PRESENTARA PRESUPUESTOS PARA FUENTE DE FINANCIAMIENTO A LA DIRECCIÓN DE PLANEACIÓN Y DESARROLLO, ', '', 0, NULL, 'EQUIPOS DE FILTRACIÓN DE AGUA\nSE REQUIERE EQUIPO DEBIDO A QUE NO SE CUENTA CON EL, AL IGUAL QUE LOS HIDRONEUMÁTICOS Y BOMBA DE AGUA\n \nSUSTITUCIÓN DE EQUIPO: SE REQUIERE SE SOLICITE EL APOYO A LA DIRECCIÓN DE ATENCIÓN MEDICA, A LA UNIDAD DE RECURSOS MATERI', '2021-07-05', 'En proceso', '', ''),
(248, 'LA DIRECCIÓN DE INFRAESTRUCTURA MANTENIMIENTO  Y SERVICIOS GENERALES INFORMA QUE MANTENIMIENTO SOLVENTARA DESPUES DEL 15 DE JULIO PAULATINAMENTE LO SOLICITADO.', '', 0, NULL, 'TASAS PARA W.C.\nSE REQUIERE LA SUSTITUCIÓN DE 18 TASAS DE W.C. PARA LAS DIFERENTES ÁREAS DE ESTA UNIDAD HOSPITALARIA\n\nSUSTITUCIÓN DE 18 TASAS DE W.C.: INTERVENCIÓN DEL EQUIPO TÉCNICO DEL ÁREA DE PROYECTOS DE LA DIRECCIÓN DE INFRAESTRUCTURA, MANTENIMIENTO ', '2021-07-15', 'En proceso', '', ''),
(249, 'LA DIRECCIÓN DE INFRAESTRUCTURA MANTENIMIENTO  Y SERVICIOS GENERALES INFORMA QUE SE ENVIARA EL DIA 09 DE JULIO DE 2021, PERSONAL DEL AREA DE MANTENIMIENTO ASISTIRA PARA VER LA SOLUCIÓN.', '', 0, NULL, 'RED DE DRENAJE Y PLUVIAL\nLAS LÍNEAS DE DESAGÜE DE LAS DIFERENTES ÁREAS DE ESTA UNIDAD SE ENCUENTRAN EN CONSTANTE TAPONAMIENTO DEBIDO A LOS AÑOS DE ANTIGÜEDAD, ESTOS YA SUFREN DESPRENDIMIENTO EL CUAL EN VARIAS OCASIONES SE HAN HECHO DESVÍOS PARA EL DESAHOG', '2021-07-09', 'En proceso', '', ''),
(250, 'LA DIRECCIÓN DE INFRAESTRUCTURA MANTENIMIENTO  Y SERVICIOS GENERALES INFORMA QUE SE ENVIARA EL DIA 09 DE JULIO DE 2021, PERSONAL DEL AREA DE MANTENIMIENTO ASISTIRA PARA VER LA SOLUCIÓN.', '', 0, NULL, 'RED DE AGUA POTABLE\nLAS LÍNEAS DE AGUA POTABLE EN EL CUAL SE ENCUENTRAN CONECTADOS LOS LAVABOS, TARJAS, FLUXÓMETROS, ESTOS SE ENCUENTRAN DAÑADOS DEBIDO A LA OXIDACIÓN DE LAS LÍNEAS, PRESENTAN FISURAS EN LA TUBERÍA OCULTA DENTRO DE LAS PAREDES, DE IGUAL FO', '2021-07-09', 'En proceso', '', ''),
(251, 'LA DIRECCIÓN DE INFRAESTRUCTURA MANTENIMIENTO  Y SERVICIOS GENERALES INFORMA QUE SE ENVIARA EL DIA 09 DE JULIO DE 2021, PERSONAL DEL AREA DE MANTENIMIENTO ASISTIRA PARA VER LA SOLUCIÓN.', '', 0, NULL, 'PISO DE QUIRÓFANO 1 Y 2 PUERTAS DE QUIRÓFANO\nPISO DAÑADO, PRESENTA GRIETAS, LAS CUALES FAVORECEN LA PROLIFERACIÓN DE MICRO-ORGANISMOS PATÓGENOS REPERCUTIENDO EN LA SALUD DE EL PACIENTE SE REQUIERE SUSTITUCIÓN DE BISAGRAS HIDRÁULICAS Y CAMBIO DE PUERTAS DE', '2021-07-09', 'En proceso', '', ''),
(252, 'LA DIRECCIÓN DE INFRAESTRUCTURA MANTENIMIENTO  Y SERVICIOS GENERALES INFORMA QUE EL DIA 09 DE JULIO DE 2021, SE PRESENTARA PERSONAL DEL AREA DE MANTENIMIENTO A REALIZAR LOS TRABAJOS O DEBIDO AL CLIMA SE LES PROPORCIONARA EL MATERIAL.', '', 0, NULL, 'IMPERMEABILIZACIÓN\nIMPERMEABILIZANTE DAÑADO DE LAS ÁREAS DE URGENCIAS, HOSPITALIZACIÓN, ÁREA DE GOBIERNO, FILTRACIONES IMPORTANTES DE AGUA CUANDO LLUEVE Y LA HUMEDAD DAÑA EL PLAFÓN INTERNO CONSTANTEMENTE.\n\nIMPERMEABILIZACIÓN TOTAL: SE REQUIERE INTERVENCIÓ', '2021-07-09', 'En proceso', '', ''),
(253, 'LA DIRECCIÓN DE INFRAESTRUCTURA MANTENIMIENTO  Y SERVICIOS GENERALES INFORMA QUE SE PRESENTARA PRESUPUESTOS PARA FUENTE DE FINANCIAMIENTO A LA DIRECCIÓN DE PLANEACIÓN Y DESARROLLO,  Y EL DIA 07 DE JULIO DE 2021, SE LES PRESENTARA A LA DELEGACIÓN SINDICAL ', '', 0, NULL, 'SUB-ESTACIÓN ELÉCTRICA\nEQUIPO UBICADO EN EL CUARTO DE MAQUINAS DE LA MARCA ELECTROCOLO, REQUIERE MANTENIMIENTO PREVENTIVO, ANÁLISIS DE EL ACEITE, ACTUALMENTE OPERANDO\n\nGESTIÓN ANTE COMISIÓN FEDERAL DE ELECTRICIDAD: APOYO TÉCNICO DEL ÁREA DE SERVICIOS GENE', '2021-07-05', 'En proceso', '', ''),
(254, 'LA DIRECCIÓN DE INFRAESTRUCTURA MANTENIMIENTO  Y SERVICIOS GENERALES INFORMA QUE SE PRESENTARA PRESUPUESTOS PARA FUENTE DE FINANCIAMIENTO A LA DIRECCIÓN DE PLANEACIÓN Y DESARROLLO.', '', 0, NULL, 'SISTEMA HIDRONEUMÁTICO\nEQUIPO UBICADO EN EL ÁREA DEL CUARTO HIDRÁULICO EL CUAL CONSTA DE UN TANQUE DE METAL, SE ENCUENTRA CON REPARACIONES EN DIVERSAS PARTES, EQUIPO OBSOLETO, NO SE CUENTA CON UN SISTEMA DE FILTRACIÓN LO QUE HACE QUE EL GENERADOR DE VAPOR', '2021-07-05', 'En proceso', '', ''),
(255, 'LA DIRECCIÓN DE INFRAESTRUCTURA MANTENIMIENTO  Y SERVICIOS GENERALES INFORMA QUE SE PRESENTARA PRESUPUESTOS PARA FUENTE DE FINANCIAMIENTO A LA DIRECCIÓN DE PLANEACIÓN Y DESARROLLO.', '', 0, NULL, 'TABLERO ELÉCTRICO SECUNDARIO\nSE REQUIERE LA SUSTITUCIÓN DE TABLEROS ELÉCTRICOS DE LAS DIFERENTES ÁREAS DE ESTA UNIDAD, DEBIDO A QUE SON OBSOLETOS Y ACTUALMENTE ESTÁN DAÑANDO CONSTANTEMENTE EL SISTEMA DE ILUMINACIÓN DE LAS DIFERENTES ÁREAS.\n\nSUSTITUCIÓN DE', '2021-07-05', 'En proceso', '', ''),
(256, 'LA DIRECCIÓN DE INFRAESTRUCTURA MANTENIMIENTO  Y SERVICIOS GENERALES INFORMA QUE SE PRESENTARA PRESUPUESTOS PARA FUENTE DE FINANCIAMIENTO A LA DIRECCIÓN DE PLANEACIÓN Y DESARROLLO.', '', 0, NULL, 'TABLERO ELÉCTRICO GENERAL\nEQUIPO UBICADO EN EL ÁREA DEL CUARTO ELÉCTRICO, EN EL CUAL SE ENCUENTRAN SOBRECARGADAS LAS LÍNEAS, EQUIPO DONDE NO SE PUEDE AÑADIR MAS INTERRUPTORES DEBIDO A QUE LAS TERMINALES PARA EMPOTRAR SE ENCUENTRAN ROTAS, ADEMÁS DE NO HABE', '2021-07-05', 'En proceso', '', ''),
(257, 'LA DIRECCIÓN DE INFRAESTRUCTURA, MANTENIMIENTO Y SERVICIOS  GENERALES, INFORMA QUE HARA SUSTITUCION DE AIRES ACONDICIONADOS POR 20 VENTILADORES DE TECHO, QUE SERAN ADQUIRIDOS POR LA JURISDICCION SANITARIA, E INSTALADOS POR EL AREA DE MANTENIMIENTO.', '', 0, NULL, 'JEFATURA JURISDICCIONAL\nREPISAS\nAIRE ACONDICIONADO BODEGA\nARCHIVERO', '2021-07-05', 'En proceso', '', ''),
(258, 'LA DIRECCIÓN DE INFRAESTRUCTURA, MANTENIMIENTO Y SERV. GENERALES, ENTREGARA COPIA DE LA TARJETA INFORMATIVA EL DIA 06 DE JULIO DE 2021, DONDE SE REALIZO EL ESTUDIO CORRESPONDIENTE.', '', 0, NULL, 'RECURSO FÍSICO (INFRAESTRUCTURA)\nFUNCIONALIDAD DE CIRCUITO ELÉCTRICO.', '2021-07-05', 'En proceso', '', ''),
(259, 'EL DÍA VIERNES 04 DE JUNIO SE VERIFICARA LA CAPACIDAD QUE SE REQUIERE, SE BUSCARA LA FUENTE DE FINANCIAMIENTO A TRAVÉS DE LA DIRECCIÓN DE PLANEACIÓN Y DESARROLLO.', '', 0, NULL, 'INSTALACIÓN DE AIRE ACONDICIONADO EN EL ÁREA DE RESGUARDO DE INSUMOS.\n', '2021-06-04', 'En proceso', '', ''),
(260, 'PERSONAL DEL DEPARTAMENTO DE CONSERVACIÓN Y MANTENIMIENTO DE LA DIRECCIÓN DE INFRAESTRUCTURA, MANTENIMIENTO Y SERVICIOS GENERALES TIENE PROGRAMADA UNA VISITA EL PRÓXIMO 04 DE JUNIO A LAS NUEVE DE LA MAÑANA EN CONJUNTO CON LA DIRECCIÓN DE ATENCIÓN MÉDICA, ', '', 0, NULL, 'CONSULTORIO: \nNO SE CUENTA CON EL ESPACIO PARA OTORGAR CONSULTA DE NUTRICIÓN.\n', '2021-06-04', 'En proceso', '', ''),
(261, 'LA DIRECCIÓN DE INFRAESTRUCTURA, MANTENIMIENTO Y SERVICIOS GENERALES INFORMA QUE SE CUENTA CON EL PRESUPUESTO Y SE SOLICITARÁ FUENTE DE FINANCIAMIENTO A LA DIRECCIÓN DE PLANEACIÓN Y DESARROLLO PARA LOS TRABAJOS DE MANTENIMIENTO CORRECTIVO', '', 0, NULL, 'CLIMAS DE QUIRÓFANO\n', '2021-06-04', 'En proceso', '', ''),
(262, 'SE REALIZO LEVANTAMIENTO 8 SEPTIEMBRE SE SOLICITARÁ A LA DIRECCIÓN DE PLANEACIÓN Y DESARROLLO LA BÚSQUEDA DE FUENTE DE FINANCIAMIENTO PARA EJERCICIOS FISCALES POSTERIORES.', '', 0, NULL, 'DESAZOLVE DE LAS TUBERÍAS DE AGUAS RESIDUALES DE TODAS LAS ÁREAS', '2021-07-05', 'Cumplido', '', ''),
(263, 'PERSONAL DEL DEPARTAMENTO DE CONSERVACIÓN Y MANTENIMIENTO DE LA DIRECCIÓN DE INFRAESTRUCTURA, MANTENIMIENTO Y SERVICIOS GENERALES TIENE PROGRAMADA UNA VISITA EL PRÓXIMO 05 DE ABRIL DE 2021, PARA REALIZAR EL LEVANTAMIENTO DE NECESIDADES, UNA VEZ EFECTUADO ', '', 0, NULL, 'REPARACIÓN DE LA PUERTA DE ENTRADA Y DE LA VENTANA DE SURTIMIENTO.\n', '2021-04-05', 'Cumplido', '', ''),
(264, 'ATENDIDO. ÚNICAMENTE ESTÁ PENDIENTE EL EQUIPO DE AIRE ACONDICIONADO QUE SE ENCUENTRA EN EL ÁREA QUE ANTERIORMENTE ESTABA ASIGNADA A SEGURO POPULAR. PERSONAL DE LA DIRECCIÓN DE INFRAESTRUCTURA, SE COORDINARÁ CON EL DIRECTOR DEL HOSPITAL PARA EFECTOS QUE LA', '', 0, NULL, 'MANTENIMIENTO CORRECTIVO DE EQUIPOS DE AIRE ACONDICIONADO, COMPRESOR DE AIRE MÉDICO.\n', '2021-05-17', 'Cumplido', '', ''),
(265, 'ESE MANTENIMIENTO SE REALIZARÁ EN LA VISITA DE LA PRIMERA QUINCENA DE MAYO', '', 0, NULL, 'MANTENIMIENTO GENERAL DE TODOS LOS CLIMAS DE LA UNIDAD', '2021-05-01', 'Cumplido', '', ''),
(266, 'EL 20 DE MAYO LA DIRECCIÓN DE INFRAESTRUCTURA, MANTENIMIENTO Y SERVICIOS GENERALES, REALIZARÁ  MANTENIMIENTO, REVISIÓN Y DICTAMEN A LOS EQUIPOS DE AIRE ACONDICIONADO Y SE HARÁ LA REPARACIÓN DE LOS PISOS DAÑADOS, ASÍ COMO LA REVISIÓN Y MANTENIMIENTO DE LAS', '', 0, NULL, 'EQUIPOS DE AIRE ACONDICIONADO DE PAQUETE PARA ÁREA DE RX Y LABORATORIO, GOBIERNO, COMEDOR, PEDIATRÍA.', '2021-05-20', 'Cumplido', '', ''),
(267, 'EL DÍA MIÉRCOLES 28 DE ABRIL ASISTIRÁ PERSONAL TÉCNICO DE LA DIRECCIÓN DE INFRAESTRUCTURA PARA EL MANTENIMIENTO CORRECTIVO DE LOS EQUIPOS', '', 0, NULL, 'PLANTA DE EMERGENCIA MARCA IGSA, MODELO JD-60, 75 KVA Y TABLERO DE TRANSFERENCIA\nMANTENIMIENTO PREVENTIVO, CAMBIO DE ACEITE, CAMBIO DE ANTICONGELANTE, CAMBIO DE BATERÍA, CAMBIO DE MANGUERAS DE ALTA PRESIÓN, AJUSTE DEL TABLERO DE TRANSFERENCIA, CAMBIO DE F', '2021-04-28', 'Cumplido', '', ''),
(268, 'EL DÍA MIERCOLES 28 DE ABRIL ASISTIRÁ PERSONAL TÉCNICO DE LA DIRECCIÓN DE INFRAESTRUCTURA, MANTENIMIENTO Y SERVICIOS GENERALES PARA EL TEMA DE COCINA Y DRENAJE DE EXTERIORES\n\nCON LO QUE RESPECTA A LA PLANTA TRATADORA DE AGUA, SE REALIZÓ LA REVISIÓN Y SE D', '', 0, NULL, 'PLANTA TRATADORA DE AGUA\nREHABILITACIÓN DE LA PLANTA TRATADORA DE AGUAS NEGRAS EN SU TOTALIDAD (SON 2 PLANTAS TRATADORAS) HAN DEJADO DE SER ÚTILES EL SISTEMA DE BOMBEO (SUMINISTRO E INSTALACIÓN DE 2 BOMBAS SUMERGIBLES ELÉCTRICAS PARA AGUA TIBIA Y LODO, SU', '2021-04-28', 'Cumplido', '', ''),
(269, 'SE REALIZARÁ EL MANTENIMIENTO CORRECTIVO Y PREVENTIVO POR PARTE DE LA EMPRESA BALAT ', '', 0, NULL, 'MANTENIMIENTO PREVENTIVO DE AIRE ACONDICIONADO\nSE ENCUENTRA OPERANDO AL 70%, AÚN EN PROCESO POR LA SUBDIRECCIÓN GENERAL DE ADMINISTRACIÓN Y FINANZAS, EMPRESA JAMASI, AVANCE DEL 70%, SE ENCUENTRAN INCOMPLETOS LOS FILTROS, SÓLO INSTALARON 3 Y SON 4 DE 7 PAQ', '2021-07-05', 'Cumplido', '', ''),
(270, 'CUMPLIDO.', '', 0, NULL, 'LABORATORIO\nREVISIÓN Y CAMBIO DE LÁMPARAS DEL LABORATORIO Y SU SALA DE ESPERA EN LAS QUE SE REQUIERA.\n', '2021-07-05', 'Cumplido', '', ''),
(271, 'SE DOTARÁ DE 1 MINISPLIT DE 1 TON EL DIA 28 DE MAYO DEL 2021.', '', 0, NULL, 'MINISPLIT DE 1 TON', '2021-05-28', 'Cumplido', '', ''),
(272, 'Asunto de prueba\r\nprueba dos edit\r\nEL DÍA MIERCOLES 28 DE ABRIL ASISTIRÁ PERSONAL TÉCNICO DE LA DIRECCIÓN DE INFRAESTRUCTURA, MANTENIMIENTO Y SERVICIOS GENERALES PARA EL TEMA DE COCINA Y DRENAJE DE EXTERIORES CON LO QUE RESPECTA A LA PLANTA TRATADORA DE AGUA, SE REALIZÓ LA REVISIÓN Y SE D', 'Prueba', 3, NULL, 'Compromiso de prueba \r\nPrueba 3EL DÍA MIERCOLES 28 DE ABRIL ASISTIRÁ PERSONAL TÉCNICO DE LA DIRECCIÓN DE INFRAESTRUCTURA, MANTENIMIENTO Y SERVICIOS GENERALES PARA EL TEMA DE COCINA Y DRENAJE DE EXTERIORES CON LO QUE RESPECTA A LA PLANTA TRATADORA DE AGUA, SE REALIZÓ LA REVISIÓN Y SE D', '2022-01-08', 'En proceso', 'Actualizaciones mas o menosEL DÍA MIERCOLES 28 DE ABRIL ASISTIRÁ PERSONAL TÉCNICO DE LA DIRECCIÓN DE INFRAESTRUCTURA, MANTENIMIENTO Y SERVICIOS GENERALES PARA EL TEMA DE COCINA Y DRENAJE DE EXTERIORES CON LO QUE RESPECTA A LA PLANTA TRATADORA DE AGUA, SE REALIZÓ LA REVISIÓN Y SE D', 'Comentarios mas que menosEL DÍA MIERCOLES 28 DE ABRIL ASISTIRÁ PERSONAL TÉCNICO DE LA DIRECCIÓN DE INFRAESTRUCTURA, MANTENIMIENTO Y SERVICIOS GENERALES PARA EL TEMA DE COCINA Y DRENAJE DE EXTERIORES CON LO QUE RESPECTA A LA PLANTA TRATADORA DE AGUA, SE REALIZÓ LA REVISIÓN Y SE D'),
(273, 'LA DIRECCIÓN DE INFRAESTRUCTURA INFORMA QUE SE REALIZARÁ VISITA TÉCNICA EL 05 DE NOVIEMBRE DE 2020 PARA INTEGRAR NECESIDADES Y PRESENTAR EL PRESUPUESTO A LA DIRECCIÓN DE PLANEACIÓN Y DESARROLLO PARA LA BÚSQUEDA DE FUENTE DE FINANCIAMIENTO EN EL EJERCICIO ', 'C.S. TEOTITLAN DEL VALLE', 0, NULL, 'LA DIRECCIÓN DE INFRAESTRUCTURA INFORMA QUE SE REALIZARÁ VISITA TÉCNICA EL 05 DE NOVIEMBRE DE 2020 PARA INTEGRAR NECESIDADES Y PRESENTAR EL PRESUPUESTO A LA DIRECCIÓN DE PLANEACIÓN Y DESARROLLO PARA LA BÚSQUEDA DE FUENTE DE FINANCIAMIENTO EN EL EJERCICIO ', '2022-01-20', 'Atendido', 'LA DIRECCIÓN DE INFRAESTRUCTURA INFORMA QUE SE REALIZARÁ VISITA TÉCNICA EL 05 DE NOVIEMBRE DE 2020 PARA INTEGRAR NECESIDADES Y PRESENTAR EL PRESUPUESTO A LA DIRECCIÓN DE PLANEACIÓN Y DESARROLLO PARA LA BÚSQUEDA DE FUENTE DE FINANCIAMIENTO EN EL EJERCICIO ', ''),
(274, 'Asunto prueba de unidades y jurisdiciones', 'OFICINA DEL DIRECTOR', 1, NULL, 'Compromiso', '2022-01-28', 'Atendido', '', '');

-- --------------------------------------------------------

--
-- Estructura de tabla para la tabla `tipos_articulo`
--

CREATE TABLE `tipos_articulo` (
  `idtipo_articulo` int(11) NOT NULL,
  `tipo_articulo` varchar(45) COLLATE utf8_spanish2_ci NOT NULL
) ENGINE=InnoDB DEFAULT CHARSET=utf8 COLLATE=utf8_spanish2_ci;

--
-- Volcado de datos para la tabla `tipos_articulo`
--

INSERT INTO `tipos_articulo` (`idtipo_articulo`, `tipo_articulo`) VALUES
(1, 'Material electrico'),
(2, 'Plomeria'),
(3, 'Varios'),
(4, 'Dentales'),
(5, 'Materiales de limpieza'),
(6, 'Materiales de papeleria'),
(7, 'Refrigeracion'),
(8, 'Herramientas');

-- --------------------------------------------------------

--
-- Estructura de tabla para la tabla `tipos_trabajador`
--

CREATE TABLE `tipos_trabajador` (
  `idtipo_trabajador` int(11) NOT NULL,
  `tipo_trabajador` varchar(15) DEFAULT NULL
) ENGINE=InnoDB DEFAULT CHARSET=utf8mb4;

--
-- Volcado de datos para la tabla `tipos_trabajador`
--

INSERT INTO `tipos_trabajador` (`idtipo_trabajador`, `tipo_trabajador`) VALUES
(1, 'Base'),
(2, 'Regular'),
(3, 'Formalizado'),
(4, 'Eventual'),
(5, 'Empresa');

-- --------------------------------------------------------

--
-- Estructura de tabla para la tabla `trabajadores`
--

CREATE TABLE `trabajadores` (
  `idtrabajador` int(11) NOT NULL,
  `nombre_trabajador` varchar(45) DEFAULT NULL,
  `email` varchar(45) DEFAULT NULL,
  `telefono` varchar(15) DEFAULT NULL,
  `idtipo_trabajador` int(11) NOT NULL,
  `idrol` int(11) NOT NULL,
  `idestado` int(11) NOT NULL,
  `idhorario` int(11) NOT NULL
) ENGINE=InnoDB DEFAULT CHARSET=utf8mb4;

--
-- Volcado de datos para la tabla `trabajadores`
--

INSERT INTO `trabajadores` (`idtrabajador`, `nombre_trabajador`, `email`, `telefono`, `idtipo_trabajador`, `idrol`, `idestado`, `idhorario`) VALUES
(1, 'Abraham Cruz Gallardo', 'braham.gc@gmail.com', '9515570491', 4, 6, 1, 1),
(2, 'Manuel Alonso Mitchel', 'manuel@gmail.com', '9511471580', 4, 6, 1, 1),
(3, 'prueba', 'notiene@gmail.com', '9511234567', 4, 4, 5, 3),
(4, 'Prueba2', 'qwert@gmail.com', '111111234567', 2, 5, 5, 2),
(5, 'argbdg', 'abfd@asdf.com', 'argbdg', 2, 3, 5, 2);

-- --------------------------------------------------------

--
-- Estructura de tabla para la tabla `unidades_articulo`
--

CREATE TABLE `unidades_articulo` (
  `idunidad` int(11) NOT NULL,
  `unidad` varchar(45) COLLATE utf8_spanish2_ci NOT NULL
) ENGINE=InnoDB DEFAULT CHARSET=utf8 COLLATE=utf8_spanish2_ci;

--
-- Volcado de datos para la tabla `unidades_articulo`
--

INSERT INTO `unidades_articulo` (`idunidad`, `unidad`) VALUES
(1, 'Pieza'),
(2, 'Metro'),
(3, 'Juego'),
(4, 'Kilogramo'),
(5, 'Tubo'),
(6, 'Caja'),
(7, 'Pliego'),
(8, 'Bote'),
(9, 'Litro'),
(10, 'Rollo'),
(11, 'Par'),
(12, 'Bolsa');

-- --------------------------------------------------------

--
-- Estructura de tabla para la tabla `users`
--

CREATE TABLE `users` (
  `id` int(10) UNSIGNED NOT NULL,
  `name` varchar(255) COLLATE utf8_unicode_ci NOT NULL,
  `email` varchar(255) COLLATE utf8_unicode_ci NOT NULL,
  `password` varchar(255) COLLATE utf8_unicode_ci NOT NULL,
  `trabajador` int(11) NOT NULL,
  `remember_token` varchar(100) COLLATE utf8_unicode_ci DEFAULT NULL,
  `created_at` timestamp NULL DEFAULT NULL,
  `updated_at` timestamp NULL DEFAULT NULL
) ENGINE=InnoDB DEFAULT CHARSET=utf8 COLLATE=utf8_unicode_ci;

--
-- Volcado de datos para la tabla `users`
--

INSERT INTO `users` (`id`, `name`, `email`, `password`, `trabajador`, `remember_token`, `created_at`, `updated_at`) VALUES
(1, 'AbrahamG', 'braham.gc@gmail.com', '$2y$10$7C7v3RyirgxSwwMU7EeaQu9ODMwVF.eH/qmViK9lYcZnZhjIi.DEK', 1, 'q0W74Y8lvENwbtIDl2V8A7XPeI8WMlOCXnZZEQ5vljDQp0BItbmNdu73oyrS', '2021-11-08 04:39:45', '2022-01-25 19:38:57'),
(2, 'MitchMa', 'mitchma@hotmail.com', '$2y$10$tjv4o7ZWDN5Hrnz3RqTLFusXNIOU8WHdWtq3IHH1sdRib3FQD1z3a', 2, 'SxCyIthBn4fzz6XqYJkguktlXy5D6npgQL8MlYOurkIOtTRHPaa0ioN4RjJ4', '2021-11-08 09:13:44', '2022-01-24 17:47:17'),
(4, 'prueba', 'notiene@gmail.com', '$2y$10$OPmQtA/LtmFUyZIGmqOmrOxR6OBJjA0rvmZMRTptZCvi3PLCUhFn2', 3, 'mg7PT9Ix3m4XSm4IHwkJv001GVKdRkVM9rKkPwWzZxZzF2SCtu0zW3pKwahz', '2022-01-20 23:42:19', '2022-01-20 23:42:43');

--
-- Índices para tablas volcadas
--

--
-- Indices de la tabla `areas`
--
ALTER TABLE `areas`
  ADD PRIMARY KEY (`idarea`);

--
-- Indices de la tabla `articulos`
--
ALTER TABLE `articulos`
  ADD PRIMARY KEY (`codigo`),
  ADD KEY `fk_articulos_tipo` (`tipo`),
  ADD KEY `fk_articulos_unidad` (`unidad`);

--
-- Indices de la tabla `detalle_egreso`
--
ALTER TABLE `detalle_egreso`
  ADD PRIMARY KEY (`iddetalle_egreso`),
  ADD KEY `fk_detalle_egreso` (`idegreso`),
  ADD KEY `fk_detalle_art` (`cod_articulo`);

--
-- Indices de la tabla `detalle_ingreso`
--
ALTER TABLE `detalle_ingreso`
  ADD PRIMARY KEY (`iddetalle_ingreso`),
  ADD KEY `fk_detalle_ingreso_idx` (`idingreso`),
  ADD KEY `fk_detalle_articulo_idx` (`cod_articulo`);

--
-- Indices de la tabla `detalle_solicitud`
--
ALTER TABLE `detalle_solicitud`
  ADD PRIMARY KEY (`iddetalle_solicitud`),
  ADD KEY `fk_solicitud_solicitud` (`solicitud`),
  ADD KEY `fk_solicitud_egreso` (`egreso`),
  ADD KEY `fk_solicitud_trabajador` (`trabajador`);

--
-- Indices de la tabla `egresos`
--
ALTER TABLE `egresos`
  ADD PRIMARY KEY (`idegreso`),
  ADD KEY `fk_egreso_trabajador` (`trabajador`);

--
-- Indices de la tabla `estados_trabajador`
--
ALTER TABLE `estados_trabajador`
  ADD PRIMARY KEY (`idestado_trabajador`);

--
-- Indices de la tabla `evento`
--
ALTER TABLE `evento`
  ADD PRIMARY KEY (`id`);

--
-- Indices de la tabla `folios`
--
ALTER TABLE `folios`
  ADD PRIMARY KEY (`num_orden`),
  ADD KEY `fk_oficina_idx` (`oficina`),
  ADD KEY `fk_partida_idx` (`partida`),
  ADD KEY `fk_proveedor_idx` (`rfc`);

--
-- Indices de la tabla `fondo_revolvente`
--
ALTER TABLE `fondo_revolvente`
  ADD PRIMARY KEY (`idfondo`);

--
-- Indices de la tabla `horarios`
--
ALTER TABLE `horarios`
  ADD PRIMARY KEY (`idhorario`);

--
-- Indices de la tabla `ingreso`
--
ALTER TABLE `ingreso`
  ADD PRIMARY KEY (`idingreso`);

--
-- Indices de la tabla `oficinas`
--
ALTER TABLE `oficinas`
  ADD PRIMARY KEY (`num_oficina`);

--
-- Indices de la tabla `ordenes`
--
ALTER TABLE `ordenes`
  ADD PRIMARY KEY (`num_orden`),
  ADD KEY `fk_unidad_oficina` (`unidad`),
  ADD KEY `fk_partida_partidas` (`partida`),
  ADD KEY `fk_provedor_provedores` (`proveedor`);

--
-- Indices de la tabla `partidas`
--
ALTER TABLE `partidas`
  ADD PRIMARY KEY (`num_partida`);

--
-- Indices de la tabla `password_resets`
--
ALTER TABLE `password_resets`
  ADD KEY `password_resets_email_index` (`email`),
  ADD KEY `password_resets_token_index` (`token`);

--
-- Indices de la tabla `proveedores`
--
ALTER TABLE `proveedores`
  ADD PRIMARY KEY (`rfc`);

--
-- Indices de la tabla `roles`
--
ALTER TABLE `roles`
  ADD PRIMARY KEY (`idrol`),
  ADD KEY `fk_rol_area_idx` (`idarea`);

--
-- Indices de la tabla `solicitudes`
--
ALTER TABLE `solicitudes`
  ADD PRIMARY KEY (`idsolicitud`);

--
-- Indices de la tabla `tipos_articulo`
--
ALTER TABLE `tipos_articulo`
  ADD PRIMARY KEY (`idtipo_articulo`);

--
-- Indices de la tabla `tipos_trabajador`
--
ALTER TABLE `tipos_trabajador`
  ADD PRIMARY KEY (`idtipo_trabajador`);

--
-- Indices de la tabla `trabajadores`
--
ALTER TABLE `trabajadores`
  ADD PRIMARY KEY (`idtrabajador`),
  ADD KEY `fk_trabajador_tipo_idx` (`idtipo_trabajador`),
  ADD KEY `fk_trabajador_rol_idx` (`idrol`),
  ADD KEY `fk_trabajador_estado_idx` (`idestado`),
  ADD KEY `fk_trabajador_horario_idx` (`idhorario`);

--
-- Indices de la tabla `unidades_articulo`
--
ALTER TABLE `unidades_articulo`
  ADD PRIMARY KEY (`idunidad`);

--
-- Indices de la tabla `users`
--
ALTER TABLE `users`
  ADD PRIMARY KEY (`id`),
  ADD UNIQUE KEY `users_email_unique` (`email`),
  ADD KEY `fk_user_trabajador` (`trabajador`);

--
-- AUTO_INCREMENT de las tablas volcadas
--

--
-- AUTO_INCREMENT de la tabla `areas`
--
ALTER TABLE `areas`
  MODIFY `idarea` int(11) NOT NULL AUTO_INCREMENT, AUTO_INCREMENT=4;

--
-- AUTO_INCREMENT de la tabla `detalle_egreso`
--
ALTER TABLE `detalle_egreso`
  MODIFY `iddetalle_egreso` int(11) NOT NULL AUTO_INCREMENT, AUTO_INCREMENT=6;

--
-- AUTO_INCREMENT de la tabla `detalle_ingreso`
--
ALTER TABLE `detalle_ingreso`
  MODIFY `iddetalle_ingreso` int(11) NOT NULL AUTO_INCREMENT, AUTO_INCREMENT=21;

--
-- AUTO_INCREMENT de la tabla `detalle_solicitud`
--
ALTER TABLE `detalle_solicitud`
  MODIFY `iddetalle_solicitud` int(11) NOT NULL AUTO_INCREMENT, AUTO_INCREMENT=14;

--
-- AUTO_INCREMENT de la tabla `egresos`
--
ALTER TABLE `egresos`
  MODIFY `idegreso` int(11) NOT NULL AUTO_INCREMENT, AUTO_INCREMENT=3;

--
-- AUTO_INCREMENT de la tabla `estados_trabajador`
--
ALTER TABLE `estados_trabajador`
  MODIFY `idestado_trabajador` int(11) NOT NULL AUTO_INCREMENT, AUTO_INCREMENT=6;

--
-- AUTO_INCREMENT de la tabla `evento`
--
ALTER TABLE `evento`
  MODIFY `id` int(11) NOT NULL AUTO_INCREMENT, AUTO_INCREMENT=15;

--
-- AUTO_INCREMENT de la tabla `folios`
--
ALTER TABLE `folios`
  MODIFY `num_orden` int(11) NOT NULL AUTO_INCREMENT, AUTO_INCREMENT=57;

--
-- AUTO_INCREMENT de la tabla `fondo_revolvente`
--
ALTER TABLE `fondo_revolvente`
  MODIFY `idfondo` int(11) NOT NULL AUTO_INCREMENT, AUTO_INCREMENT=2;

--
-- AUTO_INCREMENT de la tabla `horarios`
--
ALTER TABLE `horarios`
  MODIFY `idhorario` int(11) NOT NULL AUTO_INCREMENT, AUTO_INCREMENT=4;

--
-- AUTO_INCREMENT de la tabla `ingreso`
--
ALTER TABLE `ingreso`
  MODIFY `idingreso` int(11) NOT NULL AUTO_INCREMENT, AUTO_INCREMENT=9;

--
-- AUTO_INCREMENT de la tabla `ordenes`
--
ALTER TABLE `ordenes`
  MODIFY `num_orden` int(11) NOT NULL AUTO_INCREMENT, AUTO_INCREMENT=9;

--
-- AUTO_INCREMENT de la tabla `roles`
--
ALTER TABLE `roles`
  MODIFY `idrol` int(11) NOT NULL AUTO_INCREMENT, AUTO_INCREMENT=8;

--
-- AUTO_INCREMENT de la tabla `solicitudes`
--
ALTER TABLE `solicitudes`
  MODIFY `idsolicitud` int(11) NOT NULL AUTO_INCREMENT, AUTO_INCREMENT=275;

--
-- AUTO_INCREMENT de la tabla `tipos_articulo`
--
ALTER TABLE `tipos_articulo`
  MODIFY `idtipo_articulo` int(11) NOT NULL AUTO_INCREMENT, AUTO_INCREMENT=9;

--
-- AUTO_INCREMENT de la tabla `tipos_trabajador`
--
ALTER TABLE `tipos_trabajador`
  MODIFY `idtipo_trabajador` int(11) NOT NULL AUTO_INCREMENT, AUTO_INCREMENT=6;

--
-- AUTO_INCREMENT de la tabla `trabajadores`
--
ALTER TABLE `trabajadores`
  MODIFY `idtrabajador` int(11) NOT NULL AUTO_INCREMENT, AUTO_INCREMENT=6;

--
-- AUTO_INCREMENT de la tabla `unidades_articulo`
--
ALTER TABLE `unidades_articulo`
  MODIFY `idunidad` int(11) NOT NULL AUTO_INCREMENT, AUTO_INCREMENT=13;

--
-- AUTO_INCREMENT de la tabla `users`
--
ALTER TABLE `users`
  MODIFY `id` int(10) UNSIGNED NOT NULL AUTO_INCREMENT, AUTO_INCREMENT=5;

--
-- Restricciones para tablas volcadas
--

--
-- Filtros para la tabla `articulos`
--
ALTER TABLE `articulos`
  ADD CONSTRAINT `fk_articulos_tipo` FOREIGN KEY (`tipo`) REFERENCES `tipos_articulo` (`idtipo_articulo`) ON DELETE NO ACTION ON UPDATE NO ACTION,
  ADD CONSTRAINT `fk_articulos_unidad` FOREIGN KEY (`unidad`) REFERENCES `unidades_articulo` (`idunidad`) ON DELETE NO ACTION ON UPDATE NO ACTION;

--
-- Filtros para la tabla `detalle_egreso`
--
ALTER TABLE `detalle_egreso`
  ADD CONSTRAINT `fk_detalle_art` FOREIGN KEY (`cod_articulo`) REFERENCES `articulos` (`codigo`) ON DELETE NO ACTION ON UPDATE NO ACTION,
  ADD CONSTRAINT `fk_detalle_egreso` FOREIGN KEY (`idegreso`) REFERENCES `egresos` (`idegreso`) ON DELETE NO ACTION ON UPDATE NO ACTION;

--
-- Filtros para la tabla `detalle_ingreso`
--
ALTER TABLE `detalle_ingreso`
  ADD CONSTRAINT `fk_detalle_articulo` FOREIGN KEY (`cod_articulo`) REFERENCES `articulos` (`codigo`) ON DELETE NO ACTION ON UPDATE NO ACTION,
  ADD CONSTRAINT `fk_detalle_ingreso` FOREIGN KEY (`idingreso`) REFERENCES `ingreso` (`idingreso`) ON DELETE NO ACTION ON UPDATE NO ACTION;

--
-- Filtros para la tabla `detalle_solicitud`
--
ALTER TABLE `detalle_solicitud`
  ADD CONSTRAINT `fk_solicitud_egreso` FOREIGN KEY (`egreso`) REFERENCES `egresos` (`idegreso`) ON DELETE NO ACTION ON UPDATE NO ACTION,
  ADD CONSTRAINT `fk_solicitud_solicitud` FOREIGN KEY (`solicitud`) REFERENCES `solicitudes` (`idsolicitud`) ON DELETE NO ACTION ON UPDATE NO ACTION,
  ADD CONSTRAINT `fk_solicitud_trabajador` FOREIGN KEY (`trabajador`) REFERENCES `trabajadores` (`idtrabajador`) ON DELETE NO ACTION ON UPDATE NO ACTION;

--
-- Filtros para la tabla `egresos`
--
ALTER TABLE `egresos`
  ADD CONSTRAINT `fk_egreso_trabajador` FOREIGN KEY (`trabajador`) REFERENCES `trabajadores` (`idtrabajador`) ON DELETE NO ACTION ON UPDATE NO ACTION;

--
-- Filtros para la tabla `folios`
--
ALTER TABLE `folios`
  ADD CONSTRAINT `fk_oficina` FOREIGN KEY (`oficina`) REFERENCES `oficinas` (`num_oficina`) ON DELETE NO ACTION ON UPDATE NO ACTION,
  ADD CONSTRAINT `fk_partida` FOREIGN KEY (`partida`) REFERENCES `partidas` (`num_partida`) ON DELETE NO ACTION ON UPDATE NO ACTION,
  ADD CONSTRAINT `fk_proveedor` FOREIGN KEY (`rfc`) REFERENCES `proveedores` (`rfc`) ON DELETE NO ACTION ON UPDATE NO ACTION;

--
-- Filtros para la tabla `ordenes`
--
ALTER TABLE `ordenes`
  ADD CONSTRAINT `fk_partida_partidas` FOREIGN KEY (`partida`) REFERENCES `partidas` (`num_partida`) ON DELETE NO ACTION ON UPDATE NO ACTION,
  ADD CONSTRAINT `fk_provedor_provedores` FOREIGN KEY (`proveedor`) REFERENCES `proveedores` (`rfc`) ON DELETE NO ACTION ON UPDATE NO ACTION,
  ADD CONSTRAINT `fk_unidad_oficina` FOREIGN KEY (`unidad`) REFERENCES `oficinas` (`num_oficina`) ON DELETE NO ACTION ON UPDATE NO ACTION;

--
-- Filtros para la tabla `roles`
--
ALTER TABLE `roles`
  ADD CONSTRAINT `fk_rol_area` FOREIGN KEY (`idarea`) REFERENCES `areas` (`idarea`) ON DELETE NO ACTION ON UPDATE NO ACTION;

--
-- Filtros para la tabla `trabajadores`
--
ALTER TABLE `trabajadores`
  ADD CONSTRAINT `fk_trabajador_estado` FOREIGN KEY (`idestado`) REFERENCES `estados_trabajador` (`idestado_trabajador`) ON DELETE NO ACTION ON UPDATE NO ACTION,
  ADD CONSTRAINT `fk_trabajador_horario` FOREIGN KEY (`idhorario`) REFERENCES `horarios` (`idhorario`) ON DELETE NO ACTION ON UPDATE NO ACTION,
  ADD CONSTRAINT `fk_trabajador_rol` FOREIGN KEY (`idrol`) REFERENCES `roles` (`idrol`) ON DELETE NO ACTION ON UPDATE NO ACTION,
  ADD CONSTRAINT `fk_trabajador_tipo` FOREIGN KEY (`idtipo_trabajador`) REFERENCES `tipos_trabajador` (`idtipo_trabajador`) ON DELETE NO ACTION ON UPDATE NO ACTION;

--
-- Filtros para la tabla `users`
--
ALTER TABLE `users`
  ADD CONSTRAINT `fk_user_trabajador` FOREIGN KEY (`trabajador`) REFERENCES `trabajadores` (`idtrabajador`) ON DELETE NO ACTION ON UPDATE NO ACTION;
COMMIT;

/*!40101 SET CHARACTER_SET_CLIENT=@OLD_CHARACTER_SET_CLIENT */;
/*!40101 SET CHARACTER_SET_RESULTS=@OLD_CHARACTER_SET_RESULTS */;
/*!40101 SET COLLATION_CONNECTION=@OLD_COLLATION_CONNECTION */;
